path,label,detected,num_landmarks
data\frames\trigger\WIN_20260322_11_01_32_Pro_f00000.jpg,trigger,True,478
data\frames\trigger\WIN_20260322_11_01_32_Pro_f00004.jpg,trigger,True,478
data\frames\trigger\WIN_20260322_11_01_32_Pro_f00008.jpg,trigger,True,478
data\frames\trigger\WIN_20260322_11_01_32_Pro_f00012.jpg,trigger,True,478
data\frames\trigger\WIN_20260322_11_01_32_Pro_f00016.jpg,trigger,True,478
data\frames\trigger\WIN_20260322_11_01_32_Pro_f00020.jpg,trigger,True,478
data\frames\trigger\WIN_20260322_11_01_32_Pro_f00024.jpg,trigger,True,478
data\frames\trigger\WIN_20260322_11_01_32_Pro_f00028.jpg,trigger,True,478
data\frames\trigger\WIN_20260322_11_01_32_Pro_f00032.jpg,trigger,True,478
data\frames\trigger\WIN_20260322_11_01_32_Pro_f00036.jpg,trigger,True,478
data\frames\trigger\WIN_20260322_11_01_32_Pro_f00040.jpg,trigger,True,478
data\frames\trigger\WIN_20260322_11_01_32_Pro_f00044.jpg,trigger,True,478
data\frames\trigger\WIN_20260322_11_01_32_Pro_f00048.jpg,trigger,True,478
data\frames\trigger\WIN_20260322_11_01_32_Pro_f00052.jpg,trigger,True,478
data\frames\trigger\WIN_20260322_11_01_32_Pro_f00056.jpg,trigger,True,478
data\frames\trigger\WIN_20260322_11_01_32_Pro_f00060.jpg,trigger,True,478
data\frames\trigger\WIN_20260322_11_01_32_Pro_f00064.jpg,trigger,True,478
data\frames\trigger\WIN_20260322_11_01_32_Pro_f00068.jpg,trigger,True,478
data\frames\trigger\WIN_20260322_11_01_32_Pro_f00072.jpg,trigger,True,478
data\frames\trigger\WIN_20260322_11_01_32_Pro_f00076.jpg,trigger,True,478
data\frames\trigger\WIN_20260322_11_01_32_Pro_f00080.jpg,trigger,True,478
data\frames\trigger\WIN_20260322_11_01_32_Pro_f00084.jpg,trigger,True,478
data\frames\trigger\WIN_20260322_11_01_32_Pro_f00088.jpg,trigger,True,478
data\frames\trigger\WIN_20260322_11_01_32_Pro_f00092.jpg,trigger,True,478
data\frames\trigger\WIN_20260322_11_01_32_Pro_f00096.jpg,trigger,True,478
data\frames\trigger\WIN_20260322_11_01_32_Pro_f00100.jpg,trigger,True,478
data\frames\trigger\WIN_20260322_11_01_32_Pro_f00104.jpg,trigger,True,478
data\frames\trigger\WIN_20260322_11_01_32_Pro_f00108.jpg,trigger,True,478
data\frames\trigger\WIN_20260322_11_01_32_Pro_f00112.jpg,trigger,True,478
data\frames\trigger\WIN_20260322_11_01_32_Pro_f00116.jpg,trigger,True,478
data\frames\trigger\WIN_20260322_11_01_32_Pro_f00120.jpg,trigger,True,478
data\frames\trigger\WIN_20260322_11_01_32_Pro_f00124.jpg,trigger,True,478
data\frames\trigger\WIN_20260322_11_03_30_Pro_f00000.jpg,trigger,True,478
data\frames\trigger\WIN_20260322_11_03_30_Pro_f00004.jpg,trigger,True,478
data\frames\trigger\WIN_20260322_11_03_30_Pro_f00008.jpg,trigger,True,478
data\frames\trigger\WIN_20260322_11_03_30_Pro_f00012.jpg,trigger,True,478
data\frames\trigger\WIN_20260322_11_03_30_Pro_f00016.jpg,trigger,True,478
data\frames\trigger\WIN_20260322_11_03_30_Pro_f00020.jpg,trigger,True,478
data\frames\trigger\WIN_20260322_11_03_30_Pro_f00024.jpg,trigger,True,478
data\frames\trigger\WIN_20260322_11_03_30_Pro_f00028.jpg,trigger,True,478
data\frames\trigger\WIN_20260322_11_03_30_Pro_f00032.jpg,trigger,True,478
data\frames\trigger\WIN_20260322_11_03_30_Pro_f00036.jpg,trigger,True,478
data\frames\trigger\WIN_20260322_11_03_30_Pro_f00040.jpg,trigger,True,478
data\frames\trigger\WIN_20260322_11_03_30_Pro_f00044.jpg,trigger,True,478
data\frames\trigger\WIN_20260322_11_03_30_Pro_f00048.jpg,trigger,True,478
data\frames\trigger\WIN_20260322_11_03_30_Pro_f00052.jpg,trigger,True,478
data\frames\trigger\WIN_20260322_11_03_30_Pro_f00056.jpg,trigger,True,478
data\frames\trigger\WIN_20260322_11_03_30_Pro_f00060.jpg,trigger,True,478
data\frames\trigger\WIN_20260322_11_03_30_Pro_f00064.jpg,trigger,True,478
data\frames\trigger\WIN_20260322_11_03_30_Pro_f00068.jpg,trigger,True,478
data\frames\trigger\WIN_20260322_11_03_30_Pro_f00072.jpg,trigger,True,478
data\frames\trigger\WIN_20260322_11_03_30_Pro_f00076.jpg,trigger,True,478
data\frames\trigger\WIN_20260322_11_03_30_Pro_f00080.jpg,trigger,True,478
data\frames\trigger\WIN_20260322_11_03_30_Pro_f00084.jpg,trigger,True,478
data\frames\trigger\WIN_20260322_11_03_30_Pro_f00088.jpg,trigger,True,478
data\frames\trigger\WIN_20260322_11_03_30_Pro_f00092.jpg,trigger,True,478
data\frames\trigger\WIN_20260322_11_03_30_Pro_f00096.jpg,trigger,True,478
data\frames\trigger\WIN_20260322_11_03_30_Pro_f00100.jpg,trigger,True,478
data\frames\trigger\WIN_20260322_11_03_30_Pro_f00104.jpg,trigger,True,478
data\frames\trigger\WIN_20260322_11_03_30_Pro_f00108.jpg,trigger,True,478
data\frames\trigger\WIN_20260322_11_03_30_Pro_f00112.jpg,trigger,True,478
data\frames\trigger\WIN_20260322_11_03_30_Pro_f00116.jpg,trigger,True,478
data\frames\trigger\WIN_20260322_11_03_30_Pro_f00120.jpg,trigger,True,478
data\frames\trigger\WIN_20260322_11_03_30_Pro_f00124.jpg,trigger,True,478
data\frames\trigger\WIN_20260322_11_03_30_Pro_f00128.jpg,trigger,True,478
data\frames\trigger\WIN_20260322_11_03_43_Pro_f00000.jpg,trigger,True,478
data\frames\trigger\WIN_20260322_11_03_43_Pro_f00004.jpg,trigger,True,478
data\frames\trigger\WIN_20260322_11_03_43_Pro_f00008.jpg,trigger,True,478
data\frames\trigger\WIN_20260322_11_03_43_Pro_f00012.jpg,trigger,True,478
data\frames\trigger\WIN_20260322_11_03_43_Pro_f00016.jpg,trigger,True,478
data\frames\trigger\WIN_20260322_11_03_43_Pro_f00020.jpg,trigger,True,478
data\frames\trigger\WIN_20260322_11_03_43_Pro_f00024.jpg,trigger,True,478
data\frames\trigger\WIN_20260322_11_03_43_Pro_f00028.jpg,trigger,True,478
data\frames\trigger\WIN_20260322_11_03_43_Pro_f00032.jpg,trigger,True,478
data\frames\trigger\WIN_20260322_11_03_43_Pro_f00036.jpg,trigger,True,478
data\frames\trigger\WIN_20260322_11_03_43_Pro_f00040.jpg,trigger,True,478
data\frames\trigger\WIN_20260322_11_03_43_Pro_f00044.jpg,trigger,True,478
data\frames\trigger\WIN_20260322_11_03_43_Pro_f00048.jpg,trigger,True,478
data\frames\trigger\WIN_20260322_11_03_43_Pro_f00052.jpg,trigger,True,478
data\frames\trigger\WIN_20260322_11_03_43_Pro_f00056.jpg,trigger,True,478
data\frames\trigger\WIN_20260322_11_03_43_Pro_f00060.jpg,trigger,False,0
data\frames\trigger\WIN_20260322_11_03_43_Pro_f00064.jpg,trigger,False,0
data\frames\trigger\WIN_20260322_11_03_43_Pro_f00068.jpg,trigger,False,0
data\frames\trigger\WIN_20260322_11_03_43_Pro_f00072.jpg,trigger,True,478
data\frames\trigger\WIN_20260322_11_03_43_Pro_f00076.jpg,trigger,False,0
data\frames\trigger\WIN_20260322_11_03_43_Pro_f00080.jpg,trigger,True,478
data\frames\trigger\WIN_20260322_11_03_43_Pro_f00084.jpg,trigger,True,478
data\frames\trigger\WIN_20260322_11_03_43_Pro_f00088.jpg,trigger,True,478
data\frames\trigger\WIN_20260322_11_03_43_Pro_f00092.jpg,trigger,False,0
data\frames\trigger\WIN_20260322_11_03_43_Pro_f00096.jpg,trigger,False,0
data\frames\trigger\WIN_20260322_11_03_43_Pro_f00100.jpg,trigger,True,478
data\frames\trigger\WIN_20260322_11_03_43_Pro_f00104.jpg,trigger,True,478
data\frames\trigger\WIN_20260322_11_03_43_Pro_f00108.jpg,trigger,True,478
data\frames\trigger\WIN_20260322_11_03_43_Pro_f00112.jpg,trigger,True,478
data\frames\trigger\WIN_20260322_11_03_56_Pro_f00000.jpg,trigger,True,478
data\frames\trigger\WIN_20260322_11_03_56_Pro_f00004.jpg,trigger,True,478
data\frames\trigger\WIN_20260322_11_03_56_Pro_f00008.jpg,trigger,True,478
data\frames\trigger\WIN_20260322_11_03_56_Pro_f00012.jpg,trigger,True,478
data\frames\trigger\WIN_20260322_11_03_56_Pro_f00016.jpg,trigger,True,478
data\frames\trigger\WIN_20260322_11_03_56_Pro_f00020.jpg,trigger,True,478
data\frames\trigger\WIN_20260322_11_03_56_Pro_f00024.jpg,trigger,True,478
data\frames\trigger\WIN_20260322_11_03_56_Pro_f00028.jpg,trigger,True,478
data\frames\trigger\WIN_20260322_11_03_56_Pro_f00032.jpg,trigger,True,478
data\frames\trigger\WIN_20260322_11_03_56_Pro_f00036.jpg,trigger,True,478
data\frames\trigger\WIN_20260322_11_03_56_Pro_f00040.jpg,trigger,True,478
data\frames\trigger\WIN_20260322_11_03_56_Pro_f00044.jpg,trigger,True,478
data\frames\trigger\WIN_20260322_11_03_56_Pro_f00048.jpg,trigger,True,478
data\frames\trigger\WIN_20260322_11_03_56_Pro_f00052.jpg,trigger,True,478
data\frames\trigger\WIN_20260322_11_03_56_Pro_f00056.jpg,trigger,True,478
data\frames\trigger\WIN_20260322_11_03_56_Pro_f00060.jpg,trigger,True,478
data\frames\trigger\WIN_20260322_11_03_56_Pro_f00064.jpg,trigger,True,478
data\frames\trigger\WIN_20260322_11_03_56_Pro_f00068.jpg,trigger,True,478
data\frames\trigger\WIN_20260322_11_03_56_Pro_f00072.jpg,trigger,True,478
data\frames\trigger\WIN_20260322_11_03_56_Pro_f00076.jpg,trigger,True,478
data\frames\trigger\WIN_20260322_11_03_56_Pro_f00080.jpg,trigger,True,478
data\frames\trigger\WIN_20260322_11_04_05_Pro_f00000.jpg,trigger,True,478
data\frames\trigger\WIN_20260322_11_04_05_Pro_f00004.jpg,trigger,True,478
data\frames\trigger\WIN_20260322_11_04_05_Pro_f00008.jpg,trigger,True,478
data\frames\trigger\WIN_20260322_11_04_05_Pro_f00012.jpg,trigger,True,478
data\frames\trigger\WIN_20260322_11_04_05_Pro_f00016.jpg,trigger,True,478
data\frames\trigger\WIN_20260322_11_04_05_Pro_f00020.jpg,trigger,True,478
data\frames\trigger\WIN_20260322_11_04_05_Pro_f00024.jpg,trigger,True,478
data\frames\trigger\WIN_20260322_11_04_05_Pro_f00028.jpg,trigger,True,478
data\frames\trigger\WIN_20260322_11_04_05_Pro_f00032.jpg,trigger,True,478
data\frames\trigger\WIN_20260322_11_04_05_Pro_f00036.jpg,trigger,True,478
data\frames\trigger\WIN_20260322_11_04_05_Pro_f00040.jpg,trigger,True,478
data\frames\trigger\WIN_20260322_11_04_05_Pro_f00044.jpg,trigger,True,478
data\frames\trigger\WIN_20260322_11_04_05_Pro_f00048.jpg,trigger,True,478
data\frames\trigger\WIN_20260322_11_04_05_Pro_f00052.jpg,trigger,True,478
data\frames\trigger\WIN_20260322_11_04_05_Pro_f00056.jpg,trigger,True,478
data\frames\trigger\WIN_20260322_11_04_05_Pro_f00060.jpg,trigger,True,478
data\frames\trigger\WIN_20260322_11_04_05_Pro_f00064.jpg,trigger,True,478
data\frames\trigger\WIN_20260322_11_04_05_Pro_f00068.jpg,trigger,True,478
data\frames\trigger\WIN_20260322_11_04_05_Pro_f00072.jpg,trigger,False,0
data\frames\trigger\WIN_20260322_11_04_05_Pro_f00076.jpg,trigger,False,0
data\frames\trigger\WIN_20260322_11_04_05_Pro_f00080.jpg,trigger,False,0
data\frames\trigger\WIN_20260322_11_04_05_Pro_f00084.jpg,trigger,False,0
data\frames\trigger\WIN_20260322_11_04_05_Pro_f00088.jpg,trigger,True,478
data\frames\trigger\WIN_20260322_11_04_05_Pro_f00092.jpg,trigger,True,478
data\frames\trigger\WIN_20260322_11_04_15_Pro_f00000.jpg,trigger,False,0
data\frames\trigger\WIN_20260322_11_04_15_Pro_f00004.jpg,trigger,False,0
data\frames\trigger\WIN_20260322_11_04_15_Pro_f00008.jpg,trigger,False,0
data\frames\trigger\WIN_20260322_11_04_15_Pro_f00012.jpg,trigger,False,0
data\frames\trigger\WIN_20260322_11_04_15_Pro_f00016.jpg,trigger,True,478
data\frames\trigger\WIN_20260322_11_04_15_Pro_f00020.jpg,trigger,True,478
data\frames\trigger\WIN_20260322_11_04_15_Pro_f00024.jpg,trigger,True,478
data\frames\trigger\WIN_20260322_11_04_15_Pro_f00028.jpg,trigger,True,478
data\frames\trigger\WIN_20260322_11_04_15_Pro_f00032.jpg,trigger,True,478
data\frames\trigger\WIN_20260322_11_04_15_Pro_f00036.jpg,trigger,True,478
data\frames\trigger\WIN_20260322_11_04_15_Pro_f00040.jpg,trigger,True,478
data\frames\trigger\WIN_20260322_11_04_15_Pro_f00044.jpg,trigger,True,478
data\frames\trigger\WIN_20260322_11_04_15_Pro_f00048.jpg,trigger,True,478
data\frames\trigger\WIN_20260322_11_04_15_Pro_f00052.jpg,trigger,True,478
data\frames\trigger\WIN_20260322_11_04_15_Pro_f00056.jpg,trigger,True,478
data\frames\trigger\WIN_20260322_11_04_15_Pro_f00060.jpg,trigger,True,478
data\frames\trigger\WIN_20260322_11_04_15_Pro_f00064.jpg,trigger,True,478
data\frames\trigger\WIN_20260322_11_04_15_Pro_f00068.jpg,trigger,True,478
data\frames\trigger\WIN_20260322_11_04_15_Pro_f00072.jpg,trigger,True,478
data\frames\trigger\WIN_20260322_11_04_15_Pro_f00076.jpg,trigger,True,478
data\frames\trigger\WIN_20260322_11_04_15_Pro_f00080.jpg,trigger,True,478
data\frames\trigger\WIN_20260322_11_04_15_Pro_f00084.jpg,trigger,True,478
data\frames\trigger\WIN_20260322_11_04_15_Pro_f00088.jpg,trigger,True,478
data\frames\trigger\WIN_20260322_11_04_15_Pro_f00092.jpg,trigger,True,478
data\frames\trigger\WIN_20260322_11_04_15_Pro_f00096.jpg,trigger,True,478
data\frames\trigger\WIN_20260322_11_04_15_Pro_f00100.jpg,trigger,True,478
data\frames\trigger\WIN_20260322_11_04_15_Pro_f00104.jpg,trigger,True,478
data\frames\trigger\WIN_20260322_11_04_15_Pro_f00108.jpg,trigger,True,478
data\frames\trigger\WIN_20260322_11_04_15_Pro_f00112.jpg,trigger,True,478
data\frames\trigger\WIN_20260322_11_04_15_Pro_f00116.jpg,trigger,True,478
data\frames\trigger\WIN_20260322_11_04_32_Pro_f00000.jpg,trigger,True,478
data\frames\trigger\WIN_20260322_11_04_32_Pro_f00004.jpg,trigger,True,478
data\frames\trigger\WIN_20260322_11_04_32_Pro_f00008.jpg,trigger,True,478
data\frames\trigger\WIN_20260322_11_04_32_Pro_f00012.jpg,trigger,True,478
data\frames\trigger\WIN_20260322_11_04_32_Pro_f00016.jpg,trigger,True,478
data\frames\trigger\WIN_20260322_11_04_32_Pro_f00020.jpg,trigger,True,478
data\frames\trigger\WIN_20260322_11_04_32_Pro_f00024.jpg,trigger,True,478
data\frames\trigger\WIN_20260322_11_04_32_Pro_f00028.jpg,trigger,True,478
data\frames\trigger\WIN_20260322_11_04_32_Pro_f00032.jpg,trigger,True,478
data\frames\trigger\WIN_20260322_11_04_32_Pro_f00036.jpg,trigger,True,478
data\frames\trigger\WIN_20260322_11_04_32_Pro_f00040.jpg,trigger,True,478
data\frames\trigger\WIN_20260322_11_04_32_Pro_f00044.jpg,trigger,True,478
data\frames\trigger\WIN_20260322_11_04_32_Pro_f00048.jpg,trigger,True,478
data\frames\trigger\WIN_20260322_11_04_32_Pro_f00052.jpg,trigger,True,478
data\frames\trigger\WIN_20260322_11_04_32_Pro_f00056.jpg,trigger,True,478
data\frames\trigger\WIN_20260322_11_04_32_Pro_f00060.jpg,trigger,True,478
data\frames\trigger\WIN_20260322_11_04_32_Pro_f00064.jpg,trigger,True,478
data\frames\trigger\WIN_20260322_11_04_32_Pro_f00068.jpg,trigger,True,478
data\frames\trigger\WIN_20260322_11_04_32_Pro_f00072.jpg,trigger,True,478
data\frames\trigger\WIN_20260322_11_04_32_Pro_f00076.jpg,trigger,True,478
data\frames\trigger\WIN_20260322_11_04_32_Pro_f00080.jpg,trigger,True,478
data\frames\trigger\WIN_20260322_11_04_32_Pro_f00084.jpg,trigger,True,478
data\frames\trigger\WIN_20260322_11_04_32_Pro_f00088.jpg,trigger,True,478
data\frames\trigger\WIN_20260322_11_04_32_Pro_f00092.jpg,trigger,True,478
data\frames\trigger\WIN_20260322_11_04_32_Pro_f00096.jpg,trigger,True,478
data\frames\trigger\WIN_20260322_11_04_32_Pro_f00100.jpg,trigger,True,478
data\frames\trigger\WIN_20260322_11_04_32_Pro_f00104.jpg,trigger,True,478
data\frames\trigger\WIN_20260322_11_04_53_Pro_f00000.jpg,trigger,True,478
data\frames\trigger\WIN_20260322_11_04_53_Pro_f00004.jpg,trigger,True,478
data\frames\trigger\WIN_20260322_11_04_53_Pro_f00008.jpg,trigger,True,478
data\frames\trigger\WIN_20260322_11_04_53_Pro_f00012.jpg,trigger,True,478
data\frames\trigger\WIN_20260322_11_04_53_Pro_f00016.jpg,trigger,True,478
data\frames\trigger\WIN_20260322_11_04_53_Pro_f00020.jpg,trigger,True,478
data\frames\trigger\WIN_20260322_11_04_53_Pro_f00024.jpg,trigger,True,478
data\frames\trigger\WIN_20260322_11_04_53_Pro_f00028.jpg,trigger,True,478
data\frames\trigger\WIN_20260322_11_04_53_Pro_f00032.jpg,trigger,True,478
data\frames\trigger\WIN_20260322_11_04_53_Pro_f00036.jpg,trigger,True,478
data\frames\trigger\WIN_20260322_11_04_53_Pro_f00040.jpg,trigger,True,478
data\frames\trigger\WIN_20260322_11_04_53_Pro_f00044.jpg,trigger,True,478
data\frames\trigger\WIN_20260322_11_04_53_Pro_f00048.jpg,trigger,True,478
data\frames\trigger\WIN_20260322_11_04_53_Pro_f00052.jpg,trigger,True,478
data\frames\trigger\WIN_20260322_11_04_53_Pro_f00056.jpg,trigger,True,478
data\frames\trigger\WIN_20260322_11_04_53_Pro_f00060.jpg,trigger,True,478
data\frames\trigger\WIN_20260322_11_04_53_Pro_f00064.jpg,trigger,True,478
data\frames\trigger\WIN_20260322_11_04_53_Pro_f00068.jpg,trigger,True,478
data\frames\trigger\WIN_20260322_11_04_53_Pro_f00072.jpg,trigger,True,478
data\frames\trigger\WIN_20260322_11_04_53_Pro_f00076.jpg,trigger,True,478
data\frames\trigger\WIN_20260322_11_04_53_Pro_f00080.jpg,trigger,True,478
data\frames\trigger\WIN_20260322_11_04_53_Pro_f00084.jpg,trigger,True,478
data\frames\trigger\WIN_20260322_11_04_53_Pro_f00088.jpg,trigger,True,478
data\frames\trigger\WIN_20260322_11_04_53_Pro_f00092.jpg,trigger,True,478
data\frames\trigger\WIN_20260322_11_04_53_Pro_f00096.jpg,trigger,True,478
data\frames\trigger\WIN_20260322_11_04_53_Pro_f00100.jpg,trigger,True,478
data\frames\trigger\WIN_20260322_11_04_53_Pro_f00104.jpg,trigger,True,478
data\frames\trigger\WIN_20260322_11_04_53_Pro_f00108.jpg,trigger,True,478
data\frames\trigger\WIN_20260322_11_04_53_Pro_f00112.jpg,trigger,True,478
data\frames\trigger\WIN_20260322_11_04_53_Pro_f00116.jpg,trigger,True,478
data\frames\trigger\WIN_20260322_11_04_53_Pro_f00120.jpg,trigger,True,478
data\frames\trigger\WIN_20260322_11_04_53_Pro_f00124.jpg,trigger,True,478
data\frames\trigger\WIN_20260322_11_04_53_Pro_f00128.jpg,trigger,True,478
data\frames\trigger\WIN_20260322_11_04_53_Pro_f00132.jpg,trigger,True,478
data\frames\trigger\WIN_20260322_11_04_53_Pro_f00136.jpg,trigger,True,478
data\frames\trigger\WIN_20260322_11_04_53_Pro_f00140.jpg,trigger,True,478
data\frames\trigger\WIN_20260322_11_04_53_Pro_f00144.jpg,trigger,True,478
data\frames\trigger\WIN_20260322_11_04_53_Pro_f00148.jpg,trigger,True,478
data\frames\trigger\WIN_20260322_11_04_53_Pro_f00152.jpg,trigger,True,478
data\frames\trigger\WIN_20260322_11_04_53_Pro_f00156.jpg,trigger,True,478
data\frames\trigger\WIN_20260322_11_04_53_Pro_f00160.jpg,trigger,True,478
data\frames\trigger\WIN_20260322_11_04_53_Pro_f00164.jpg,trigger,True,478
data\frames\trigger\WIN_20260322_11_04_53_Pro_f00168.jpg,trigger,True,478
data\frames\trigger\WIN_20260322_11_04_53_Pro_f00172.jpg,trigger,True,478
data\frames\trigger\WIN_20260322_11_05_08_Pro_f00000.jpg,trigger,True,478
data\frames\trigger\WIN_20260322_11_05_08_Pro_f00004.jpg,trigger,True,478
data\frames\trigger\WIN_20260322_11_05_08_Pro_f00008.jpg,trigger,True,478
data\frames\trigger\WIN_20260322_11_05_08_Pro_f00012.jpg,trigger,True,478
data\frames\trigger\WIN_20260322_11_05_08_Pro_f00016.jpg,trigger,True,478
data\frames\trigger\WIN_20260322_11_05_08_Pro_f00020.jpg,trigger,True,478
data\frames\trigger\WIN_20260322_11_05_08_Pro_f00024.jpg,trigger,True,478
data\frames\trigger\WIN_20260322_11_05_08_Pro_f00028.jpg,trigger,True,478
data\frames\trigger\WIN_20260322_11_05_08_Pro_f00032.jpg,trigger,True,478
data\frames\trigger\WIN_20260322_11_05_08_Pro_f00036.jpg,trigger,True,478
data\frames\trigger\WIN_20260322_11_05_08_Pro_f00040.jpg,trigger,True,478
data\frames\trigger\WIN_20260322_11_05_08_Pro_f00044.jpg,trigger,True,478
data\frames\trigger\WIN_20260322_11_05_08_Pro_f00048.jpg,trigger,True,478
data\frames\trigger\WIN_20260322_11_05_08_Pro_f00052.jpg,trigger,True,478
data\frames\trigger\WIN_20260322_11_05_08_Pro_f00056.jpg,trigger,True,478
data\frames\trigger\WIN_20260322_11_05_08_Pro_f00060.jpg,trigger,True,478
data\frames\trigger\WIN_20260322_11_05_08_Pro_f00064.jpg,trigger,True,478
data\frames\trigger\WIN_20260322_11_05_08_Pro_f00068.jpg,trigger,True,478
data\frames\trigger\WIN_20260322_11_05_08_Pro_f00072.jpg,trigger,True,478
data\frames\trigger\WIN_20260322_11_05_08_Pro_f00076.jpg,trigger,True,478
data\frames\trigger\WIN_20260322_11_05_08_Pro_f00080.jpg,trigger,True,478
data\frames\trigger\WIN_20260322_11_05_08_Pro_f00084.jpg,trigger,True,478
data\frames\trigger\WIN_20260322_11_05_08_Pro_f00088.jpg,trigger,True,478
data\frames\trigger\WIN_20260322_11_05_08_Pro_f00092.jpg,trigger,True,478
data\frames\trigger\WIN_20260322_11_05_08_Pro_f00096.jpg,trigger,True,478
data\frames\trigger\WIN_20260322_11_05_08_Pro_f00100.jpg,trigger,True,478
data\frames\trigger\WIN_20260322_11_05_08_Pro_f00104.jpg,trigger,True,478
data\frames\trigger\WIN_20260322_11_05_08_Pro_f00108.jpg,trigger,True,478
data\frames\trigger\WIN_20260322_11_05_08_Pro_f00112.jpg,trigger,True,478
data\frames\trigger\WIN_20260322_11_05_08_Pro_f00116.jpg,trigger,True,478
data\frames\trigger\WIN_20260322_11_05_08_Pro_f00120.jpg,trigger,True,478
data\frames\trigger\WIN_20260322_11_05_08_Pro_f00124.jpg,trigger,True,478
data\frames\trigger\WIN_20260322_11_05_08_Pro_f00128.jpg,trigger,True,478
data\frames\trigger\WIN_20260322_11_05_08_Pro_f00132.jpg,trigger,True,478
data\frames\trigger\WIN_20260322_11_05_08_Pro_f00136.jpg,trigger,True,478
data\frames\trigger\WIN_20260322_11_05_08_Pro_f00140.jpg,trigger,True,478
data\frames\trigger\WIN_20260322_11_05_08_Pro_f00144.jpg,trigger,True,478
data\frames\trigger\WIN_20260322_11_05_08_Pro_f00148.jpg,trigger,True,478
data\frames\trigger\WIN_20260322_11_05_08_Pro_f00152.jpg,trigger,True,478
data\frames\trigger\WIN_20260322_11_05_08_Pro_f00156.jpg,trigger,True,478
data\frames\trigger\WIN_20260322_11_05_08_Pro_f00160.jpg,trigger,True,478
data\frames\trigger\WIN_20260322_11_05_08_Pro_f00164.jpg,trigger,True,478
data\frames\trigger\WIN_20260322_11_05_08_Pro_f00168.jpg,trigger,True,478
data\frames\trigger\WIN_20260322_11_05_08_Pro_f00172.jpg,trigger,True,478
data\frames\trigger\WIN_20260322_11_05_08_Pro_f00176.jpg,trigger,True,478
data\frames\trigger\WIN_20260322_11_05_08_Pro_f00180.jpg,trigger,True,478
data\frames\trigger\WIN_20260322_11_05_08_Pro_f00184.jpg,trigger,True,478
data\frames\trigger\WIN_20260322_11_05_08_Pro_f00188.jpg,trigger,True,478
data\frames\trigger\WIN_20260322_11_05_08_Pro_f00192.jpg,trigger,True,478
data\frames\trigger\WIN_20260322_11_05_08_Pro_f00196.jpg,trigger,True,478
data\frames\trigger\WIN_20260322_11_05_08_Pro_f00200.jpg,trigger,True,478
data\frames\trigger\WIN_20260322_11_05_08_Pro_f00204.jpg,trigger,True,478
data\frames\trigger\WIN_20260322_11_05_08_Pro_f00208.jpg,trigger,True,478
data\frames\trigger\WIN_20260322_11_05_08_Pro_f00212.jpg,trigger,True,478
data\frames\trigger\WIN_20260322_11_05_08_Pro_f00216.jpg,trigger,True,478
data\frames\trigger\WIN_20260322_11_05_08_Pro_f00220.jpg,trigger,True,478
data\frames\trigger\WIN_20260322_11_05_29_Pro_f00000.jpg,trigger,True,478
data\frames\trigger\WIN_20260322_11_05_29_Pro_f00004.jpg,trigger,True,478
data\frames\trigger\WIN_20260322_11_05_29_Pro_f00008.jpg,trigger,True,478
data\frames\trigger\WIN_20260322_11_05_29_Pro_f00012.jpg,trigger,True,478
data\frames\trigger\WIN_20260322_11_05_29_Pro_f00016.jpg,trigger,True,478
data\frames\trigger\WIN_20260322_11_05_29_Pro_f00020.jpg,trigger,True,478
data\frames\trigger\WIN_20260322_11_05_29_Pro_f00024.jpg,trigger,True,478
data\frames\trigger\WIN_20260322_11_05_29_Pro_f00028.jpg,trigger,True,478
data\frames\trigger\WIN_20260322_11_05_29_Pro_f00032.jpg,trigger,True,478
data\frames\trigger\WIN_20260322_11_05_29_Pro_f00036.jpg,trigger,True,478
data\frames\trigger\WIN_20260322_11_05_29_Pro_f00040.jpg,trigger,True,478
data\frames\trigger\WIN_20260322_11_05_29_Pro_f00044.jpg,trigger,True,478
data\frames\trigger\WIN_20260322_11_05_29_Pro_f00048.jpg,trigger,True,478
data\frames\trigger\WIN_20260322_11_05_29_Pro_f00052.jpg,trigger,True,478
data\frames\trigger\WIN_20260322_11_05_29_Pro_f00056.jpg,trigger,True,478
data\frames\trigger\WIN_20260322_11_05_29_Pro_f00060.jpg,trigger,True,478
data\frames\trigger\WIN_20260322_11_05_29_Pro_f00064.jpg,trigger,True,478
data\frames\trigger\WIN_20260322_11_05_29_Pro_f00068.jpg,trigger,True,478
data\frames\trigger\WIN_20260322_11_05_29_Pro_f00072.jpg,trigger,True,478
data\frames\trigger\WIN_20260322_11_05_29_Pro_f00076.jpg,trigger,False,0
data\frames\trigger\WIN_20260322_11_05_29_Pro_f00080.jpg,trigger,False,0
data\frames\trigger\WIN_20260322_11_05_29_Pro_f00084.jpg,trigger,False,0
data\frames\trigger\WIN_20260322_11_05_29_Pro_f00088.jpg,trigger,False,0
data\frames\trigger\WIN_20260322_11_05_29_Pro_f00092.jpg,trigger,False,0
data\frames\trigger\WIN_20260322_11_05_29_Pro_f00096.jpg,trigger,False,0
data\frames\trigger\WIN_20260322_11_05_29_Pro_f00100.jpg,trigger,False,0
data\frames\trigger\WIN_20260322_11_05_29_Pro_f00104.jpg,trigger,False,0
data\frames\trigger\WIN_20260322_11_05_29_Pro_f00108.jpg,trigger,False,0
data\frames\trigger\WIN_20260322_11_05_29_Pro_f00112.jpg,trigger,False,0
data\frames\trigger\WIN_20260322_11_05_29_Pro_f00116.jpg,trigger,False,0
data\frames\trigger\WIN_20260322_11_05_29_Pro_f00120.jpg,trigger,False,0
data\frames\trigger\WIN_20260322_11_05_44_Pro_f00000.jpg,trigger,True,478
data\frames\trigger\WIN_20260322_11_05_44_Pro_f00004.jpg,trigger,True,478
data\frames\trigger\WIN_20260322_11_05_44_Pro_f00008.jpg,trigger,True,478
data\frames\trigger\WIN_20260322_11_05_44_Pro_f00012.jpg,trigger,True,478
data\frames\trigger\WIN_20260322_11_05_44_Pro_f00016.jpg,trigger,True,478
data\frames\trigger\WIN_20260322_11_05_44_Pro_f00020.jpg,trigger,True,478
data\frames\trigger\WIN_20260322_11_05_44_Pro_f00024.jpg,trigger,True,478
data\frames\trigger\WIN_20260322_11_05_44_Pro_f00028.jpg,trigger,True,478
data\frames\trigger\WIN_20260322_11_05_44_Pro_f00032.jpg,trigger,True,478
data\frames\trigger\WIN_20260322_11_05_44_Pro_f00036.jpg,trigger,True,478
data\frames\trigger\WIN_20260322_11_05_44_Pro_f00040.jpg,trigger,True,478
data\frames\trigger\WIN_20260322_11_05_44_Pro_f00044.jpg,trigger,True,478
data\frames\trigger\WIN_20260322_11_05_44_Pro_f00048.jpg,trigger,True,478
data\frames\trigger\WIN_20260322_11_05_44_Pro_f00052.jpg,trigger,True,478
data\frames\trigger\WIN_20260322_11_05_44_Pro_f00056.jpg,trigger,True,478
data\frames\trigger\WIN_20260322_11_05_44_Pro_f00060.jpg,trigger,True,478
data\frames\trigger\WIN_20260322_11_05_44_Pro_f00064.jpg,trigger,True,478
data\frames\trigger\WIN_20260322_11_05_44_Pro_f00068.jpg,trigger,True,478
data\frames\trigger\WIN_20260322_11_05_44_Pro_f00072.jpg,trigger,True,478
data\frames\trigger\WIN_20260322_11_05_44_Pro_f00076.jpg,trigger,True,478
data\frames\trigger\WIN_20260322_11_05_44_Pro_f00080.jpg,trigger,True,478
data\frames\trigger\WIN_20260322_11_05_44_Pro_f00084.jpg,trigger,True,478
data\frames\trigger\WIN_20260322_11_05_44_Pro_f00088.jpg,trigger,True,478
data\frames\trigger\WIN_20260322_11_05_44_Pro_f00092.jpg,trigger,True,478
data\frames\trigger\WIN_20260322_11_05_44_Pro_f00096.jpg,trigger,True,478
data\frames\trigger\WIN_20260322_11_05_44_Pro_f00100.jpg,trigger,True,478
data\frames\trigger\WIN_20260322_11_05_44_Pro_f00104.jpg,trigger,True,478
data\frames\trigger\WIN_20260322_11_05_44_Pro_f00108.jpg,trigger,True,478
data\frames\trigger\WIN_20260322_11_05_44_Pro_f00112.jpg,trigger,True,478
data\frames\trigger\WIN_20260322_11_05_44_Pro_f00116.jpg,trigger,True,478
data\frames\trigger\WIN_20260322_11_05_44_Pro_f00120.jpg,trigger,True,478
data\frames\trigger\WIN_20260322_11_05_44_Pro_f00124.jpg,trigger,True,478
data\frames\trigger\WIN_20260322_11_05_44_Pro_f00128.jpg,trigger,True,478
data\frames\trigger\WIN_20260322_11_05_44_Pro_f00132.jpg,trigger,True,478
data\frames\trigger\WIN_20260322_11_05_44_Pro_f00136.jpg,trigger,True,478
data\frames\trigger\WIN_20260322_11_06_12_Pro_f00000.jpg,trigger,True,478
data\frames\trigger\WIN_20260322_11_06_12_Pro_f00004.jpg,trigger,True,478
data\frames\trigger\WIN_20260322_11_06_12_Pro_f00008.jpg,trigger,True,478
data\frames\trigger\WIN_20260322_11_06_12_Pro_f00012.jpg,trigger,True,478
data\frames\trigger\WIN_20260322_11_06_12_Pro_f00016.jpg,trigger,True,478
data\frames\trigger\WIN_20260322_11_06_12_Pro_f00020.jpg,trigger,True,478
data\frames\trigger\WIN_20260322_11_06_12_Pro_f00024.jpg,trigger,True,478
data\frames\trigger\WIN_20260322_11_06_12_Pro_f00028.jpg,trigger,True,478
data\frames\trigger\WIN_20260322_11_06_12_Pro_f00032.jpg,trigger,True,478
data\frames\trigger\WIN_20260322_11_06_12_Pro_f00036.jpg,trigger,True,478
data\frames\trigger\WIN_20260322_11_06_12_Pro_f00040.jpg,trigger,True,478
data\frames\trigger\WIN_20260322_11_06_12_Pro_f00044.jpg,trigger,True,478
data\frames\trigger\WIN_20260322_11_06_12_Pro_f00048.jpg,trigger,True,478
data\frames\trigger\WIN_20260322_11_06_12_Pro_f00052.jpg,trigger,True,478
data\frames\trigger\WIN_20260322_11_06_12_Pro_f00056.jpg,trigger,True,478
data\frames\trigger\WIN_20260322_11_06_12_Pro_f00060.jpg,trigger,True,478
data\frames\trigger\WIN_20260322_11_06_12_Pro_f00064.jpg,trigger,True,478
data\frames\trigger\WIN_20260322_11_06_12_Pro_f00068.jpg,trigger,True,478
data\frames\trigger\WIN_20260322_11_06_12_Pro_f00072.jpg,trigger,True,478
data\frames\trigger\WIN_20260322_11_06_12_Pro_f00076.jpg,trigger,True,478
data\frames\trigger\WIN_20260322_11_06_12_Pro_f00080.jpg,trigger,True,478
data\frames\trigger\WIN_20260322_11_06_12_Pro_f00084.jpg,trigger,True,478
data\frames\trigger\WIN_20260322_11_06_12_Pro_f00088.jpg,trigger,True,478
data\frames\trigger\WIN_20260322_11_06_12_Pro_f00092.jpg,trigger,True,478
data\frames\trigger\WIN_20260322_11_06_12_Pro_f00096.jpg,trigger,True,478
data\frames\trigger\WIN_20260322_11_06_24_Pro_f00000.jpg,trigger,True,478
data\frames\trigger\WIN_20260322_11_06_24_Pro_f00004.jpg,trigger,True,478
data\frames\trigger\WIN_20260322_11_06_24_Pro_f00008.jpg,trigger,True,478
data\frames\trigger\WIN_20260322_11_06_24_Pro_f00012.jpg,trigger,True,478
data\frames\trigger\WIN_20260322_11_06_24_Pro_f00016.jpg,trigger,True,478
data\frames\trigger\WIN_20260322_11_06_24_Pro_f00020.jpg,trigger,True,478
data\frames\trigger\WIN_20260322_11_06_24_Pro_f00024.jpg,trigger,True,478
data\frames\trigger\WIN_20260322_11_06_24_Pro_f00028.jpg,trigger,True,478
data\frames\trigger\WIN_20260322_11_06_24_Pro_f00032.jpg,trigger,True,478
data\frames\trigger\WIN_20260322_11_06_24_Pro_f00036.jpg,trigger,True,478
data\frames\trigger\WIN_20260322_11_06_24_Pro_f00040.jpg,trigger,True,478
data\frames\trigger\WIN_20260322_11_06_24_Pro_f00044.jpg,trigger,True,478
data\frames\trigger\WIN_20260322_11_06_24_Pro_f00048.jpg,trigger,True,478
data\frames\trigger\WIN_20260322_11_06_24_Pro_f00052.jpg,trigger,True,478
data\frames\trigger\WIN_20260322_11_06_24_Pro_f00056.jpg,trigger,True,478
data\frames\trigger\WIN_20260322_11_06_24_Pro_f00060.jpg,trigger,True,478
data\frames\trigger\WIN_20260322_11_06_24_Pro_f00064.jpg,trigger,True,478
data\frames\trigger\WIN_20260322_11_06_24_Pro_f00068.jpg,trigger,True,478
data\frames\trigger\WIN_20260322_11_06_24_Pro_f00072.jpg,trigger,True,478
data\frames\trigger\WIN_20260322_11_06_24_Pro_f00076.jpg,trigger,True,478
data\frames\trigger\WIN_20260322_11_06_24_Pro_f00080.jpg,trigger,True,478
data\frames\trigger\WIN_20260322_11_06_24_Pro_f00084.jpg,trigger,True,478
data\frames\trigger\WIN_20260322_11_06_33_Pro_f00000.jpg,trigger,True,478
data\frames\trigger\WIN_20260322_11_06_33_Pro_f00004.jpg,trigger,True,478
data\frames\trigger\WIN_20260322_11_06_33_Pro_f00008.jpg,trigger,True,478
data\frames\trigger\WIN_20260322_11_06_33_Pro_f00012.jpg,trigger,True,478
data\frames\trigger\WIN_20260322_11_06_33_Pro_f00016.jpg,trigger,True,478
data\frames\trigger\WIN_20260322_11_06_33_Pro_f00020.jpg,trigger,True,478
data\frames\trigger\WIN_20260322_11_06_33_Pro_f00024.jpg,trigger,True,478
data\frames\trigger\WIN_20260322_11_06_33_Pro_f00028.jpg,trigger,True,478
data\frames\trigger\WIN_20260322_11_06_33_Pro_f00032.jpg,trigger,True,478
data\frames\trigger\WIN_20260322_11_06_33_Pro_f00036.jpg,trigger,True,478
data\frames\trigger\WIN_20260322_11_06_33_Pro_f00040.jpg,trigger,True,478
data\frames\trigger\WIN_20260322_11_06_33_Pro_f00044.jpg,trigger,True,478
data\frames\trigger\WIN_20260322_11_06_33_Pro_f00048.jpg,trigger,True,478
data\frames\trigger\WIN_20260322_11_06_33_Pro_f00052.jpg,trigger,True,478
data\frames\trigger\WIN_20260322_11_06_33_Pro_f00056.jpg,trigger,True,478
data\frames\trigger\WIN_20260322_11_06_33_Pro_f00060.jpg,trigger,True,478
data\frames\trigger\WIN_20260322_11_06_33_Pro_f00064.jpg,trigger,True,478
data\frames\trigger\WIN_20260322_11_06_33_Pro_f00068.jpg,trigger,True,478
data\frames\trigger\WIN_20260322_11_06_33_Pro_f00072.jpg,trigger,True,478
data\frames\trigger\WIN_20260322_11_06_33_Pro_f00076.jpg,trigger,True,478
data\frames\trigger\WIN_20260322_11_06_33_Pro_f00080.jpg,trigger,True,478
data\frames\trigger\WIN_20260322_11_06_33_Pro_f00084.jpg,trigger,True,478
data\frames\trigger\WIN_20260322_11_06_33_Pro_f00088.jpg,trigger,True,478
data\frames\trigger\WIN_20260322_11_06_33_Pro_f00092.jpg,trigger,True,478
data\frames\trigger\WIN_20260322_11_06_33_Pro_f00096.jpg,trigger,True,478
data\frames\trigger\WIN_20260322_11_06_33_Pro_f00100.jpg,trigger,True,478
data\frames\trigger\WIN_20260322_11_06_33_Pro_f00104.jpg,trigger,True,478
data\frames\trigger\WIN_20260322_11_06_33_Pro_f00108.jpg,trigger,True,478
data\frames\trigger\WIN_20260322_11_06_33_Pro_f00112.jpg,trigger,True,478
data\frames\trigger\WIN_20260322_11_06_33_Pro_f00116.jpg,trigger,True,478
data\frames\trigger\WIN_20260322_11_06_33_Pro_f00120.jpg,trigger,True,478
data\frames\trigger\WIN_20260322_11_06_33_Pro_f00124.jpg,trigger,True,478
data\frames\trigger\WIN_20260322_11_06_33_Pro_f00128.jpg,trigger,True,478
data\frames\trigger\WIN_20260322_11_06_33_Pro_f00132.jpg,trigger,True,478
data\frames\trigger\WIN_20260322_11_06_33_Pro_f00136.jpg,trigger,True,478
data\frames\trigger\WIN_20260322_11_06_33_Pro_f00140.jpg,trigger,True,478
data\frames\trigger\WIN_20260322_11_06_33_Pro_f00144.jpg,trigger,True,478
data\frames\trigger\WIN_20260322_11_06_33_Pro_f00148.jpg,trigger,True,478
data\frames\trigger\WIN_20260322_11_06_33_Pro_f00152.jpg,trigger,True,478
data\frames\trigger\WIN_20260322_11_06_33_Pro_f00156.jpg,trigger,True,478
data\frames\trigger\WIN_20260322_11_06_33_Pro_f00160.jpg,trigger,True,478
data\frames\trigger\WIN_20260322_11_06_33_Pro_f00164.jpg,trigger,True,478
data\frames\trigger\WIN_20260322_11_06_33_Pro_f00168.jpg,trigger,True,478
data\frames\trigger\WIN_20260322_11_06_33_Pro_f00172.jpg,trigger,True,478
data\frames\trigger\WIN_20260322_11_06_33_Pro_f00176.jpg,trigger,True,478
data\frames\trigger\WIN_20260322_11_06_33_Pro_f00180.jpg,trigger,True,478
data\frames\trigger\WIN_20260322_11_06_33_Pro_f00184.jpg,trigger,True,478
data\frames\trigger\WIN_20260322_11_06_33_Pro_f00188.jpg,trigger,True,478
data\frames\trigger\WIN_20260322_11_06_33_Pro_f00192.jpg,trigger,True,478
data\frames\trigger\WIN_20260322_11_06_33_Pro_f00196.jpg,trigger,True,478
data\frames\trigger\WIN_20260322_11_06_33_Pro_f00200.jpg,trigger,True,478
data\frames\trigger\WIN_20260322_11_06_33_Pro_f00204.jpg,trigger,True,478
data\frames\trigger\WIN_20260322_11_06_33_Pro_f00208.jpg,trigger,True,478
data\frames\trigger\WIN_20260322_11_06_33_Pro_f00212.jpg,trigger,True,478
data\frames\trigger\WIN_20260322_11_10_22_Pro_f00000.jpg,trigger,True,478
data\frames\trigger\WIN_20260322_11_10_22_Pro_f00004.jpg,trigger,True,478
data\frames\trigger\WIN_20260322_11_10_22_Pro_f00008.jpg,trigger,True,478
data\frames\trigger\WIN_20260322_11_10_22_Pro_f00012.jpg,trigger,True,478
data\frames\trigger\WIN_20260322_11_10_22_Pro_f00016.jpg,trigger,True,478
data\frames\trigger\WIN_20260322_11_10_22_Pro_f00020.jpg,trigger,True,478
data\frames\trigger\WIN_20260322_11_10_22_Pro_f00024.jpg,trigger,True,478
data\frames\trigger\WIN_20260322_11_10_22_Pro_f00028.jpg,trigger,True,478
data\frames\trigger\WIN_20260322_11_10_22_Pro_f00032.jpg,trigger,True,478
data\frames\trigger\WIN_20260322_11_10_22_Pro_f00036.jpg,trigger,True,478
data\frames\trigger\WIN_20260322_11_10_22_Pro_f00040.jpg,trigger,True,478
data\frames\trigger\WIN_20260322_11_10_22_Pro_f00044.jpg,trigger,True,478
data\frames\trigger\WIN_20260322_11_10_22_Pro_f00048.jpg,trigger,True,478
data\frames\trigger\WIN_20260322_11_10_22_Pro_f00052.jpg,trigger,True,478
data\frames\trigger\WIN_20260322_11_10_22_Pro_f00056.jpg,trigger,True,478
data\frames\trigger\WIN_20260322_11_10_22_Pro_f00060.jpg,trigger,True,478
data\frames\trigger\WIN_20260322_11_10_22_Pro_f00064.jpg,trigger,True,478
data\frames\trigger\WIN_20260322_11_10_22_Pro_f00068.jpg,trigger,True,478
data\frames\trigger\WIN_20260322_11_10_22_Pro_f00072.jpg,trigger,True,478
data\frames\trigger\WIN_20260322_11_10_22_Pro_f00076.jpg,trigger,True,478
data\frames\trigger\WIN_20260322_11_10_22_Pro_f00080.jpg,trigger,True,478
data\frames\trigger\WIN_20260322_11_10_22_Pro_f00084.jpg,trigger,True,478
data\frames\trigger\WIN_20260322_11_10_22_Pro_f00088.jpg,trigger,True,478
data\frames\trigger\WIN_20260322_11_10_22_Pro_f00092.jpg,trigger,True,478
data\frames\trigger\WIN_20260322_11_10_22_Pro_f00096.jpg,trigger,True,478
data\frames\trigger\WIN_20260322_11_10_22_Pro_f00100.jpg,trigger,True,478
data\frames\trigger\WIN_20260322_11_10_22_Pro_f00104.jpg,trigger,True,478
data\frames\trigger\WIN_20260322_11_10_22_Pro_f00108.jpg,trigger,True,478
data\frames\trigger\WIN_20260322_11_10_22_Pro_f00112.jpg,trigger,True,478
data\frames\trigger\WIN_20260322_11_10_22_Pro_f00116.jpg,trigger,True,478
data\frames\trigger\WIN_20260322_11_10_22_Pro_f00120.jpg,trigger,True,478
data\frames\trigger\WIN_20260322_11_10_22_Pro_f00124.jpg,trigger,True,478
data\frames\trigger\WIN_20260322_11_10_22_Pro_f00128.jpg,trigger,True,478
data\frames\trigger\WIN_20260322_11_10_22_Pro_f00132.jpg,trigger,True,478
data\frames\trigger\WIN_20260322_11_10_22_Pro_f00136.jpg,trigger,True,478
data\frames\trigger\WIN_20260322_11_10_22_Pro_f00140.jpg,trigger,True,478
data\frames\trigger\WIN_20260322_11_10_22_Pro_f00144.jpg,trigger,True,478
data\frames\trigger\WIN_20260322_11_10_22_Pro_f00148.jpg,trigger,True,478
data\frames\trigger\WIN_20260322_11_10_36_Pro_f00000.jpg,trigger,True,478
data\frames\trigger\WIN_20260322_11_10_36_Pro_f00004.jpg,trigger,True,478
data\frames\trigger\WIN_20260322_11_10_36_Pro_f00008.jpg,trigger,True,478
data\frames\trigger\WIN_20260322_11_10_36_Pro_f00012.jpg,trigger,True,478
data\frames\trigger\WIN_20260322_11_10_36_Pro_f00016.jpg,trigger,True,478
data\frames\trigger\WIN_20260322_11_10_36_Pro_f00020.jpg,trigger,True,478
data\frames\trigger\WIN_20260322_11_10_36_Pro_f00024.jpg,trigger,True,478
data\frames\trigger\WIN_20260322_11_10_36_Pro_f00028.jpg,trigger,True,478
data\frames\trigger\WIN_20260322_11_10_36_Pro_f00032.jpg,trigger,True,478
data\frames\trigger\WIN_20260322_11_10_36_Pro_f00036.jpg,trigger,True,478
data\frames\trigger\WIN_20260322_11_10_36_Pro_f00040.jpg,trigger,True,478
data\frames\trigger\WIN_20260322_11_10_36_Pro_f00044.jpg,trigger,True,478
data\frames\trigger\WIN_20260322_11_10_36_Pro_f00048.jpg,trigger,True,478
data\frames\trigger\WIN_20260322_11_10_36_Pro_f00052.jpg,trigger,True,478
data\frames\trigger\WIN_20260322_11_10_36_Pro_f00056.jpg,trigger,True,478
data\frames\trigger\WIN_20260322_11_10_36_Pro_f00060.jpg,trigger,True,478
data\frames\trigger\WIN_20260322_11_10_36_Pro_f00064.jpg,trigger,True,478
data\frames\trigger\WIN_20260322_11_10_36_Pro_f00068.jpg,trigger,True,478
data\frames\trigger\WIN_20260322_11_10_36_Pro_f00072.jpg,trigger,True,478
data\frames\trigger\WIN_20260322_11_10_36_Pro_f00076.jpg,trigger,True,478
data\frames\trigger\WIN_20260322_11_10_36_Pro_f00080.jpg,trigger,True,478
data\frames\trigger\WIN_20260322_11_10_36_Pro_f00084.jpg,trigger,True,478
data\frames\trigger\WIN_20260322_11_10_36_Pro_f00088.jpg,trigger,True,478
data\frames\trigger\WIN_20260322_11_10_36_Pro_f00092.jpg,trigger,True,478
data\frames\trigger\WIN_20260322_11_10_36_Pro_f00096.jpg,trigger,True,478
data\frames\trigger\WIN_20260322_11_10_36_Pro_f00100.jpg,trigger,True,478
data\frames\trigger\WIN_20260322_11_10_36_Pro_f00104.jpg,trigger,True,478
data\frames\trigger\WIN_20260322_11_10_36_Pro_f00108.jpg,trigger,True,478
data\frames\trigger\WIN_20260322_11_10_36_Pro_f00112.jpg,trigger,True,478
data\frames\trigger\WIN_20260322_11_10_36_Pro_f00116.jpg,trigger,True,478
data\frames\trigger\WIN_20260322_11_10_36_Pro_f00120.jpg,trigger,True,478
data\frames\trigger\WIN_20260322_11_10_36_Pro_f00124.jpg,trigger,True,478
data\frames\trigger\WIN_20260322_11_10_36_Pro_f00128.jpg,trigger,True,478
data\frames\trigger\WIN_20260322_11_10_36_Pro_f00132.jpg,trigger,True,478
data\frames\trigger\WIN_20260322_11_10_36_Pro_f00136.jpg,trigger,True,478
data\frames\trigger\WIN_20260322_11_10_50_Pro_f00000.jpg,trigger,True,478
data\frames\trigger\WIN_20260322_11_10_50_Pro_f00004.jpg,trigger,True,478
data\frames\trigger\WIN_20260322_11_10_50_Pro_f00008.jpg,trigger,True,478
data\frames\trigger\WIN_20260322_11_10_50_Pro_f00012.jpg,trigger,True,478
data\frames\trigger\WIN_20260322_11_10_50_Pro_f00016.jpg,trigger,True,478
data\frames\trigger\WIN_20260322_11_10_50_Pro_f00020.jpg,trigger,True,478
data\frames\trigger\WIN_20260322_11_10_50_Pro_f00024.jpg,trigger,True,478
data\frames\trigger\WIN_20260322_11_10_50_Pro_f00028.jpg,trigger,True,478
data\frames\trigger\WIN_20260322_11_10_50_Pro_f00032.jpg,trigger,True,478
data\frames\trigger\WIN_20260322_11_10_50_Pro_f00036.jpg,trigger,True,478
data\frames\trigger\WIN_20260322_11_10_50_Pro_f00040.jpg,trigger,True,478
data\frames\trigger\WIN_20260322_11_10_50_Pro_f00044.jpg,trigger,True,478
data\frames\trigger\WIN_20260322_11_10_50_Pro_f00048.jpg,trigger,True,478
data\frames\trigger\WIN_20260322_11_10_50_Pro_f00052.jpg,trigger,True,478
data\frames\trigger\WIN_20260322_11_10_50_Pro_f00056.jpg,trigger,True,478
data\frames\trigger\WIN_20260322_11_10_50_Pro_f00060.jpg,trigger,True,478
data\frames\trigger\WIN_20260322_11_10_50_Pro_f00064.jpg,trigger,True,478
data\frames\trigger\WIN_20260322_11_10_50_Pro_f00068.jpg,trigger,True,478
data\frames\trigger\WIN_20260322_11_10_50_Pro_f00072.jpg,trigger,True,478
data\frames\trigger\WIN_20260322_11_10_50_Pro_f00076.jpg,trigger,True,478
data\frames\trigger\WIN_20260322_11_10_50_Pro_f00080.jpg,trigger,True,478
data\frames\trigger\WIN_20260322_11_10_50_Pro_f00084.jpg,trigger,True,478
data\frames\trigger\WIN_20260322_11_10_50_Pro_f00088.jpg,trigger,True,478
data\frames\trigger\WIN_20260322_11_10_50_Pro_f00092.jpg,trigger,True,478
data\frames\trigger\WIN_20260322_11_10_50_Pro_f00096.jpg,trigger,True,478
data\frames\trigger\WIN_20260322_11_10_50_Pro_f00100.jpg,trigger,True,478
data\frames\trigger\WIN_20260322_11_10_50_Pro_f00104.jpg,trigger,True,478
data\frames\trigger\WIN_20260322_11_10_50_Pro_f00108.jpg,trigger,True,478
data\frames\trigger\WIN_20260322_11_10_50_Pro_f00112.jpg,trigger,True,478
data\frames\trigger\WIN_20260322_11_10_50_Pro_f00116.jpg,trigger,True,478
data\frames\trigger\WIN_20260322_11_10_50_Pro_f00120.jpg,trigger,True,478
data\frames\trigger\WIN_20260322_11_10_50_Pro_f00124.jpg,trigger,True,478
data\frames\trigger\WIN_20260322_11_10_50_Pro_f00128.jpg,trigger,True,478
data\frames\trigger\WIN_20260322_11_10_50_Pro_f00132.jpg,trigger,True,478
data\frames\trigger\WIN_20260322_11_10_50_Pro_f00136.jpg,trigger,True,478
data\frames\trigger\WIN_20260322_11_10_50_Pro_f00140.jpg,trigger,True,478
data\frames\trigger\WIN_20260322_11_10_50_Pro_f00144.jpg,trigger,True,478
data\frames\trigger\WIN_20260322_11_10_50_Pro_f00148.jpg,trigger,True,478
data\frames\trigger\WIN_20260322_11_10_50_Pro_f00152.jpg,trigger,True,478
data\frames\trigger\WIN_20260322_11_10_50_Pro_f00156.jpg,trigger,True,478
data\frames\trigger\WIN_20260322_11_10_50_Pro_f00160.jpg,trigger,True,478
data\frames\trigger\WIN_20260322_11_10_50_Pro_f00164.jpg,trigger,True,478
data\frames\trigger\WIN_20260322_11_10_50_Pro_f00168.jpg,trigger,True,478
data\frames\trigger\WIN_20260322_11_10_50_Pro_f00172.jpg,trigger,True,478
data\frames\trigger\WIN_20260322_11_10_50_Pro_f00176.jpg,trigger,True,478
data\frames\trigger\WIN_20260322_11_10_50_Pro_f00180.jpg,trigger,True,478
data\frames\trigger\WIN_20260322_11_10_50_Pro_f00184.jpg,trigger,True,478
data\frames\trigger\WIN_20260322_11_10_50_Pro_f00188.jpg,trigger,True,478
data\frames\trigger\WIN_20260322_11_10_50_Pro_f00192.jpg,trigger,True,478
data\frames\trigger\WIN_20260322_11_10_50_Pro_f00196.jpg,trigger,True,478
data\frames\trigger\WIN_20260322_11_10_50_Pro_f00200.jpg,trigger,True,478
data\frames\trigger\WIN_20260322_11_10_50_Pro_f00204.jpg,trigger,True,478
data\frames\trigger\WIN_20260322_11_10_50_Pro_f00208.jpg,trigger,True,478
data\frames\trigger\WIN_20260322_11_10_50_Pro_f00212.jpg,trigger,True,478
data\frames\trigger\WIN_20260322_11_10_50_Pro_f00216.jpg,trigger,True,478
data\frames\trigger\WIN_20260322_11_10_50_Pro_f00220.jpg,trigger,True,478
data\frames\trigger\WIN_20260322_11_10_50_Pro_f00224.jpg,trigger,True,478
data\frames\trigger\WIN_20260322_11_10_50_Pro_f00228.jpg,trigger,True,478
data\frames\trigger\WIN_20260322_11_10_50_Pro_f00232.jpg,trigger,True,478
data\frames\trigger\WIN_20260322_11_10_50_Pro_f00236.jpg,trigger,True,478
data\frames\trigger\WIN_20260322_11_10_50_Pro_f00240.jpg,trigger,True,478
data\frames\trigger\WIN_20260322_11_11_07_Pro_f00000.jpg,trigger,True,478
data\frames\trigger\WIN_20260322_11_11_07_Pro_f00004.jpg,trigger,True,478
data\frames\trigger\WIN_20260322_11_11_07_Pro_f00008.jpg,trigger,True,478
data\frames\trigger\WIN_20260322_11_11_07_Pro_f00012.jpg,trigger,True,478
data\frames\trigger\WIN_20260322_11_11_07_Pro_f00016.jpg,trigger,True,478
data\frames\trigger\WIN_20260322_11_11_07_Pro_f00020.jpg,trigger,True,478
data\frames\trigger\WIN_20260322_11_11_07_Pro_f00024.jpg,trigger,True,478
data\frames\trigger\WIN_20260322_11_11_07_Pro_f00028.jpg,trigger,True,478
data\frames\trigger\WIN_20260322_11_11_07_Pro_f00032.jpg,trigger,True,478
data\frames\trigger\WIN_20260322_11_11_07_Pro_f00036.jpg,trigger,True,478
data\frames\trigger\WIN_20260322_11_11_07_Pro_f00040.jpg,trigger,True,478
data\frames\trigger\WIN_20260322_11_11_07_Pro_f00044.jpg,trigger,True,478
data\frames\trigger\WIN_20260322_11_11_07_Pro_f00048.jpg,trigger,True,478
data\frames\trigger\WIN_20260322_11_11_07_Pro_f00052.jpg,trigger,True,478
data\frames\trigger\WIN_20260322_11_11_07_Pro_f00056.jpg,trigger,True,478
data\frames\trigger\WIN_20260322_11_11_07_Pro_f00060.jpg,trigger,True,478
data\frames\trigger\WIN_20260322_11_11_07_Pro_f00064.jpg,trigger,True,478
data\frames\trigger\WIN_20260322_11_11_07_Pro_f00068.jpg,trigger,True,478
data\frames\trigger\WIN_20260322_11_11_07_Pro_f00072.jpg,trigger,True,478
data\frames\trigger\WIN_20260322_11_11_07_Pro_f00076.jpg,trigger,True,478
data\frames\trigger\WIN_20260322_11_11_07_Pro_f00080.jpg,trigger,True,478
data\frames\trigger\WIN_20260322_11_11_07_Pro_f00084.jpg,trigger,True,478
data\frames\trigger\WIN_20260322_11_11_07_Pro_f00088.jpg,trigger,True,478
data\frames\trigger\WIN_20260322_11_11_07_Pro_f00092.jpg,trigger,True,478
data\frames\trigger\WIN_20260322_11_11_07_Pro_f00096.jpg,trigger,True,478
data\frames\trigger\WIN_20260322_11_11_07_Pro_f00100.jpg,trigger,True,478
data\frames\trigger\WIN_20260322_11_11_07_Pro_f00104.jpg,trigger,True,478
data\frames\trigger\WIN_20260322_11_11_07_Pro_f00108.jpg,trigger,True,478
data\frames\trigger\WIN_20260322_11_11_07_Pro_f00112.jpg,trigger,True,478
data\frames\trigger\WIN_20260322_11_11_07_Pro_f00116.jpg,trigger,True,478
data\frames\trigger\WIN_20260322_11_11_07_Pro_f00120.jpg,trigger,True,478
data\frames\trigger\WIN_20260322_11_11_07_Pro_f00124.jpg,trigger,True,478
data\frames\trigger\WIN_20260322_11_11_07_Pro_f00128.jpg,trigger,True,478
data\frames\trigger\WIN_20260322_11_11_07_Pro_f00132.jpg,trigger,True,478
data\frames\trigger\WIN_20260322_11_11_07_Pro_f00136.jpg,trigger,True,478
data\frames\trigger\WIN_20260322_11_11_07_Pro_f00140.jpg,trigger,True,478
data\frames\trigger\WIN_20260322_11_11_07_Pro_f00144.jpg,trigger,True,478
data\frames\trigger\WIN_20260322_11_11_07_Pro_f00148.jpg,trigger,True,478
data\frames\trigger\WIN_20260322_11_11_07_Pro_f00152.jpg,trigger,True,478
data\frames\trigger\WIN_20260322_11_11_07_Pro_f00156.jpg,trigger,True,478
data\frames\trigger\WIN_20260322_11_11_07_Pro_f00160.jpg,trigger,True,478
data\frames\trigger\WIN_20260322_11_11_07_Pro_f00164.jpg,trigger,True,478
data\frames\trigger\WIN_20260322_11_11_07_Pro_f00168.jpg,trigger,True,478
data\frames\trigger\WIN_20260322_11_11_07_Pro_f00172.jpg,trigger,True,478
data\frames\trigger\WIN_20260322_11_11_07_Pro_f00176.jpg,trigger,True,478
data\frames\trigger\WIN_20260322_11_11_07_Pro_f00180.jpg,trigger,True,478
data\frames\trigger\WIN_20260322_11_11_07_Pro_f00184.jpg,trigger,True,478
data\frames\trigger\WIN_20260322_11_11_07_Pro_f00188.jpg,trigger,True,478
data\frames\trigger\WIN_20260322_11_11_07_Pro_f00192.jpg,trigger,True,478
data\frames\trigger\WIN_20260322_11_11_07_Pro_f00196.jpg,trigger,True,478
data\frames\trigger\WIN_20260322_11_11_07_Pro_f00200.jpg,trigger,True,478
data\frames\trigger\WIN_20260322_11_11_07_Pro_f00204.jpg,trigger,True,478
data\frames\trigger\WIN_20260322_11_11_07_Pro_f00208.jpg,trigger,True,478
data\frames\trigger\WIN_20260322_11_11_07_Pro_f00212.jpg,trigger,True,478
data\frames\trigger\WIN_20260322_11_11_07_Pro_f00216.jpg,trigger,True,478
data\frames\trigger\WIN_20260322_11_11_07_Pro_f00220.jpg,trigger,True,478
data\frames\trigger\WIN_20260322_11_11_07_Pro_f00224.jpg,trigger,True,478
data\frames\trigger\WIN_20260322_11_11_07_Pro_f00228.jpg,trigger,True,478
data\frames\trigger\WIN_20260322_11_11_07_Pro_f00232.jpg,trigger,True,478
data\frames\trigger\WIN_20260322_11_11_07_Pro_f00236.jpg,trigger,True,478
data\frames\trigger\WIN_20260322_11_11_07_Pro_f00240.jpg,trigger,True,478
data\frames\trigger\WIN_20260322_11_11_07_Pro_f00244.jpg,trigger,True,478
data\frames\trigger\WIN_20260322_11_11_07_Pro_f00248.jpg,trigger,True,478
data\frames\trigger\WIN_20260322_11_11_07_Pro_f00252.jpg,trigger,True,478
data\frames\trigger\WIN_20260322_11_11_07_Pro_f00256.jpg,trigger,True,478
data\frames\trigger\WIN_20260322_11_11_07_Pro_f00260.jpg,trigger,True,478
data\frames\trigger\WIN_20260322_11_11_07_Pro_f00264.jpg,trigger,True,478
data\frames\trigger\WIN_20260322_11_11_07_Pro_f00268.jpg,trigger,True,478
data\frames\trigger\WIN_20260322_11_11_07_Pro_f00272.jpg,trigger,True,478
data\frames\trigger\WIN_20260322_11_11_07_Pro_f00276.jpg,trigger,True,478
data\frames\trigger\WIN_20260322_11_11_07_Pro_f00280.jpg,trigger,True,478
data\frames\trigger\WIN_20260322_11_11_07_Pro_f00284.jpg,trigger,True,478
data\frames\trigger\WIN_20260322_11_11_07_Pro_f00288.jpg,trigger,True,478
data\frames\trigger\WIN_20260322_11_11_07_Pro_f00292.jpg,trigger,True,478
data\frames\trigger\WIN_20260322_11_11_07_Pro_f00296.jpg,trigger,True,478
data\frames\trigger\WIN_20260322_11_11_07_Pro_f00300.jpg,trigger,True,478
data\frames\trigger\WIN_20260322_11_11_07_Pro_f00304.jpg,trigger,True,478
data\frames\trigger\WIN_20260322_11_11_07_Pro_f00308.jpg,trigger,True,478
data\frames\trigger\WIN_20260322_11_11_07_Pro_f00312.jpg,trigger,True,478
data\frames\trigger\WIN_20260322_11_11_07_Pro_f00316.jpg,trigger,True,478
data\frames\trigger\WIN_20260322_11_11_07_Pro_f00320.jpg,trigger,True,478
data\frames\trigger\WIN_20260322_11_11_07_Pro_f00324.jpg,trigger,True,478
data\frames\trigger\WIN_20260322_11_11_07_Pro_f00328.jpg,trigger,True,478
data\frames\trigger\WIN_20260322_11_11_07_Pro_f00332.jpg,trigger,True,478
data\frames\trigger\WIN_20260322_11_11_07_Pro_f00336.jpg,trigger,True,478
data\frames\trigger\WIN_20260322_11_11_07_Pro_f00340.jpg,trigger,True,478
data\frames\trigger\WIN_20260322_11_11_07_Pro_f00344.jpg,trigger,True,478
data\frames\trigger\WIN_20260322_11_11_07_Pro_f00348.jpg,trigger,True,478
data\frames\trigger\WIN_20260322_11_11_07_Pro_f00352.jpg,trigger,True,478
data\frames\trigger\WIN_20260322_11_11_32_Pro_f00000.jpg,trigger,True,478
data\frames\trigger\WIN_20260322_11_11_32_Pro_f00004.jpg,trigger,True,478
data\frames\trigger\WIN_20260322_11_11_32_Pro_f00008.jpg,trigger,True,478
data\frames\trigger\WIN_20260322_11_11_32_Pro_f00012.jpg,trigger,True,478
data\frames\trigger\WIN_20260322_11_11_32_Pro_f00016.jpg,trigger,True,478
data\frames\trigger\WIN_20260322_11_11_32_Pro_f00020.jpg,trigger,True,478
data\frames\trigger\WIN_20260322_11_11_32_Pro_f00024.jpg,trigger,True,478
data\frames\trigger\WIN_20260322_11_11_32_Pro_f00028.jpg,trigger,True,478
data\frames\trigger\WIN_20260322_11_11_32_Pro_f00032.jpg,trigger,True,478
data\frames\trigger\WIN_20260322_11_11_32_Pro_f00036.jpg,trigger,True,478
data\frames\trigger\WIN_20260322_11_11_32_Pro_f00040.jpg,trigger,True,478
data\frames\trigger\WIN_20260322_11_11_32_Pro_f00044.jpg,trigger,True,478
data\frames\trigger\WIN_20260322_11_11_32_Pro_f00048.jpg,trigger,True,478
data\frames\trigger\WIN_20260322_11_11_32_Pro_f00052.jpg,trigger,True,478
data\frames\trigger\WIN_20260322_11_11_32_Pro_f00056.jpg,trigger,True,478
data\frames\trigger\WIN_20260322_11_11_32_Pro_f00060.jpg,trigger,True,478
data\frames\trigger\WIN_20260322_11_11_32_Pro_f00064.jpg,trigger,True,478
data\frames\trigger\WIN_20260322_11_11_32_Pro_f00068.jpg,trigger,True,478
data\frames\trigger\WIN_20260322_11_11_32_Pro_f00072.jpg,trigger,True,478
data\frames\trigger\WIN_20260322_11_11_32_Pro_f00076.jpg,trigger,True,478
data\frames\trigger\WIN_20260322_11_11_32_Pro_f00080.jpg,trigger,True,478
data\frames\trigger\WIN_20260322_11_11_32_Pro_f00084.jpg,trigger,True,478
data\frames\trigger\WIN_20260322_11_11_32_Pro_f00088.jpg,trigger,True,478
data\frames\trigger\WIN_20260322_11_11_32_Pro_f00092.jpg,trigger,True,478
data\frames\trigger\WIN_20260322_11_11_32_Pro_f00096.jpg,trigger,True,478
data\frames\trigger\WIN_20260322_11_11_32_Pro_f00100.jpg,trigger,True,478
data\frames\trigger\WIN_20260322_11_11_32_Pro_f00104.jpg,trigger,True,478
data\frames\trigger\WIN_20260322_11_11_32_Pro_f00108.jpg,trigger,True,478
data\frames\trigger\WIN_20260322_11_11_32_Pro_f00112.jpg,trigger,True,478
data\frames\trigger\WIN_20260322_11_11_32_Pro_f00116.jpg,trigger,True,478
data\frames\trigger\WIN_20260322_11_11_32_Pro_f00120.jpg,trigger,True,478
data\frames\trigger\WIN_20260322_11_11_32_Pro_f00124.jpg,trigger,True,478
data\frames\trigger\WIN_20260322_11_11_32_Pro_f00128.jpg,trigger,True,478
data\frames\trigger\WIN_20260322_11_11_32_Pro_f00132.jpg,trigger,True,478
data\frames\trigger\WIN_20260322_11_11_32_Pro_f00136.jpg,trigger,True,478
data\frames\trigger\WIN_20260322_11_11_32_Pro_f00140.jpg,trigger,True,478
data\frames\trigger\WIN_20260322_11_11_32_Pro_f00144.jpg,trigger,True,478
data\frames\trigger\WIN_20260322_11_11_32_Pro_f00148.jpg,trigger,True,478
data\frames\trigger\WIN_20260322_11_11_32_Pro_f00152.jpg,trigger,True,478
data\frames\trigger\WIN_20260322_11_11_32_Pro_f00156.jpg,trigger,True,478
data\frames\trigger\WIN_20260322_11_11_32_Pro_f00160.jpg,trigger,True,478
data\frames\trigger\WIN_20260322_11_11_32_Pro_f00164.jpg,trigger,True,478
data\frames\trigger\WIN_20260322_11_11_32_Pro_f00168.jpg,trigger,True,478
data\frames\trigger\WIN_20260322_11_11_32_Pro_f00172.jpg,trigger,True,478
data\frames\trigger\WIN_20260322_11_11_32_Pro_f00176.jpg,trigger,True,478
data\frames\trigger\WIN_20260322_11_11_32_Pro_f00180.jpg,trigger,True,478
data\frames\trigger\WIN_20260322_11_11_32_Pro_f00184.jpg,trigger,True,478
data\frames\trigger\WIN_20260322_11_11_32_Pro_f00188.jpg,trigger,True,478
data\frames\trigger\WIN_20260322_11_11_32_Pro_f00192.jpg,trigger,True,478
data\frames\trigger\WIN_20260322_11_11_32_Pro_f00196.jpg,trigger,True,478
data\frames\trigger\WIN_20260322_11_11_32_Pro_f00200.jpg,trigger,True,478
data\frames\trigger\WIN_20260322_11_11_32_Pro_f00204.jpg,trigger,True,478
data\frames\trigger\WIN_20260322_11_11_32_Pro_f00208.jpg,trigger,True,478
data\frames\trigger\WIN_20260322_11_11_32_Pro_f00212.jpg,trigger,True,478
data\frames\trigger\WIN_20260322_11_11_32_Pro_f00216.jpg,trigger,True,478
data\frames\trigger\WIN_20260322_11_11_32_Pro_f00220.jpg,trigger,True,478
data\frames\trigger\WIN_20260322_11_11_32_Pro_f00224.jpg,trigger,True,478
data\frames\trigger\WIN_20260322_11_11_32_Pro_f00228.jpg,trigger,True,478
data\frames\trigger\WIN_20260322_11_11_32_Pro_f00232.jpg,trigger,True,478
data\frames\trigger\WIN_20260322_11_11_32_Pro_f00236.jpg,trigger,True,478
data\frames\trigger\WIN_20260322_11_11_32_Pro_f00240.jpg,trigger,True,478
data\frames\trigger\WIN_20260322_11_11_32_Pro_f00244.jpg,trigger,True,478
data\frames\trigger\WIN_20260322_11_11_32_Pro_f00248.jpg,trigger,True,478
data\frames\trigger\WIN_20260322_11_11_32_Pro_f00252.jpg,trigger,True,478
data\frames\trigger\WIN_20260322_11_11_32_Pro_f00256.jpg,trigger,True,478
data\frames\trigger\WIN_20260322_11_11_32_Pro_f00260.jpg,trigger,True,478
data\frames\trigger\WIN_20260322_11_11_32_Pro_f00264.jpg,trigger,True,478
data\frames\trigger\WIN_20260322_11_11_32_Pro_f00268.jpg,trigger,True,478
data\frames\trigger\WIN_20260322_11_11_32_Pro_f00272.jpg,trigger,True,478
data\frames\trigger\WIN_20260322_11_11_32_Pro_f00276.jpg,trigger,True,478
data\frames\trigger\WIN_20260322_11_11_32_Pro_f00280.jpg,trigger,True,478
data\frames\trigger\WIN_20260322_11_11_32_Pro_f00284.jpg,trigger,True,478
data\frames\trigger\WIN_20260322_11_11_32_Pro_f00288.jpg,trigger,True,478
data\frames\trigger\WIN_20260322_11_13_56_Pro_f00000.jpg,trigger,True,478
data\frames\trigger\WIN_20260322_11_13_56_Pro_f00004.jpg,trigger,True,478
data\frames\trigger\WIN_20260322_11_13_56_Pro_f00008.jpg,trigger,True,478
data\frames\trigger\WIN_20260322_11_13_56_Pro_f00012.jpg,trigger,True,478
data\frames\trigger\WIN_20260322_11_13_56_Pro_f00016.jpg,trigger,True,478
data\frames\trigger\WIN_20260322_11_13_56_Pro_f00020.jpg,trigger,True,478
data\frames\trigger\WIN_20260322_11_13_56_Pro_f00024.jpg,trigger,True,478
data\frames\trigger\WIN_20260322_11_13_56_Pro_f00028.jpg,trigger,True,478
data\frames\trigger\WIN_20260322_11_13_56_Pro_f00032.jpg,trigger,True,478
data\frames\trigger\WIN_20260322_11_13_56_Pro_f00036.jpg,trigger,True,478
data\frames\trigger\WIN_20260322_11_13_56_Pro_f00040.jpg,trigger,True,478
data\frames\trigger\WIN_20260322_11_13_56_Pro_f00044.jpg,trigger,True,478
data\frames\trigger\WIN_20260322_11_13_56_Pro_f00048.jpg,trigger,True,478
data\frames\trigger\WIN_20260322_11_13_56_Pro_f00052.jpg,trigger,True,478
data\frames\trigger\WIN_20260322_11_13_56_Pro_f00056.jpg,trigger,True,478
data\frames\trigger\WIN_20260322_11_13_56_Pro_f00060.jpg,trigger,True,478
data\frames\trigger\WIN_20260322_11_13_56_Pro_f00064.jpg,trigger,True,478
data\frames\trigger\WIN_20260322_11_13_56_Pro_f00068.jpg,trigger,True,478
data\frames\trigger\WIN_20260322_11_13_56_Pro_f00072.jpg,trigger,True,478
data\frames\trigger\WIN_20260322_11_13_56_Pro_f00076.jpg,trigger,True,478
data\frames\trigger\WIN_20260322_11_13_56_Pro_f00080.jpg,trigger,True,478
data\frames\trigger\WIN_20260322_11_13_56_Pro_f00084.jpg,trigger,True,478
data\frames\trigger\WIN_20260322_11_13_56_Pro_f00088.jpg,trigger,True,478
data\frames\trigger\WIN_20260322_11_13_56_Pro_f00092.jpg,trigger,True,478
data\frames\trigger\WIN_20260322_11_13_56_Pro_f00096.jpg,trigger,True,478
data\frames\trigger\WIN_20260322_11_13_56_Pro_f00100.jpg,trigger,True,478
data\frames\trigger\WIN_20260322_11_13_56_Pro_f00104.jpg,trigger,True,478
data\frames\trigger\WIN_20260322_11_13_56_Pro_f00108.jpg,trigger,True,478
data\frames\trigger\WIN_20260322_11_13_56_Pro_f00112.jpg,trigger,True,478
data\frames\trigger\WIN_20260322_11_13_56_Pro_f00116.jpg,trigger,True,478
data\frames\trigger\WIN_20260322_11_13_56_Pro_f00120.jpg,trigger,True,478
data\frames\trigger\WIN_20260322_11_13_56_Pro_f00124.jpg,trigger,True,478
data\frames\trigger\WIN_20260322_11_14_07_Pro_f00000.jpg,trigger,True,478
data\frames\trigger\WIN_20260322_11_14_07_Pro_f00004.jpg,trigger,True,478
data\frames\trigger\WIN_20260322_11_14_07_Pro_f00008.jpg,trigger,True,478
data\frames\trigger\WIN_20260322_11_14_07_Pro_f00012.jpg,trigger,True,478
data\frames\trigger\WIN_20260322_11_14_07_Pro_f00016.jpg,trigger,True,478
data\frames\trigger\WIN_20260322_11_14_07_Pro_f00020.jpg,trigger,True,478
data\frames\trigger\WIN_20260322_11_14_07_Pro_f00024.jpg,trigger,True,478
data\frames\trigger\WIN_20260322_11_14_07_Pro_f00028.jpg,trigger,True,478
data\frames\trigger\WIN_20260322_11_14_07_Pro_f00032.jpg,trigger,True,478
data\frames\trigger\WIN_20260322_11_14_07_Pro_f00036.jpg,trigger,True,478
data\frames\trigger\WIN_20260322_11_14_07_Pro_f00040.jpg,trigger,True,478
data\frames\trigger\WIN_20260322_11_14_07_Pro_f00044.jpg,trigger,True,478
data\frames\trigger\WIN_20260322_11_14_07_Pro_f00048.jpg,trigger,False,0
data\frames\trigger\WIN_20260322_11_14_07_Pro_f00052.jpg,trigger,False,0
data\frames\trigger\WIN_20260322_11_14_07_Pro_f00056.jpg,trigger,False,0
data\frames\trigger\WIN_20260322_11_14_07_Pro_f00060.jpg,trigger,False,0
data\frames\trigger\WIN_20260322_11_14_07_Pro_f00064.jpg,trigger,False,0
data\frames\trigger\WIN_20260322_11_14_07_Pro_f00068.jpg,trigger,False,0
data\frames\trigger\WIN_20260322_11_14_07_Pro_f00072.jpg,trigger,False,0
data\frames\trigger\WIN_20260322_11_14_07_Pro_f00076.jpg,trigger,False,0
data\frames\trigger\WIN_20260322_11_14_07_Pro_f00080.jpg,trigger,False,0
data\frames\trigger\WIN_20260322_11_14_07_Pro_f00084.jpg,trigger,False,0
data\frames\trigger\WIN_20260322_11_14_07_Pro_f00088.jpg,trigger,False,0
data\frames\trigger\WIN_20260322_11_14_07_Pro_f00092.jpg,trigger,False,0
data\frames\trigger\WIN_20260322_11_14_07_Pro_f00096.jpg,trigger,False,0
data\frames\trigger\WIN_20260322_11_14_07_Pro_f00100.jpg,trigger,False,0
data\frames\trigger\WIN_20260322_11_14_07_Pro_f00104.jpg,trigger,False,0
data\frames\trigger\WIN_20260322_11_14_07_Pro_f00108.jpg,trigger,False,0
data\frames\trigger\WIN_20260322_11_14_07_Pro_f00112.jpg,trigger,False,0
data\frames\trigger\WIN_20260322_11_14_07_Pro_f00116.jpg,trigger,False,0
data\frames\trigger\WIN_20260322_11_14_19_Pro_f00000.jpg,trigger,True,478
data\frames\trigger\WIN_20260322_11_14_19_Pro_f00004.jpg,trigger,True,478
data\frames\trigger\WIN_20260322_11_14_19_Pro_f00008.jpg,trigger,True,478
data\frames\trigger\WIN_20260322_11_14_19_Pro_f00012.jpg,trigger,True,478
data\frames\trigger\WIN_20260322_11_14_19_Pro_f00016.jpg,trigger,True,478
data\frames\trigger\WIN_20260322_11_14_19_Pro_f00020.jpg,trigger,True,478
data\frames\trigger\WIN_20260322_11_14_19_Pro_f00024.jpg,trigger,True,478
data\frames\trigger\WIN_20260322_11_14_19_Pro_f00028.jpg,trigger,True,478
data\frames\trigger\WIN_20260322_11_14_19_Pro_f00032.jpg,trigger,True,478
data\frames\trigger\WIN_20260322_11_14_19_Pro_f00036.jpg,trigger,True,478
data\frames\trigger\WIN_20260322_11_14_19_Pro_f00040.jpg,trigger,True,478
data\frames\trigger\WIN_20260322_11_14_19_Pro_f00044.jpg,trigger,True,478
data\frames\trigger\WIN_20260322_11_14_19_Pro_f00048.jpg,trigger,True,478
data\frames\trigger\WIN_20260322_11_14_19_Pro_f00052.jpg,trigger,True,478
data\frames\trigger\WIN_20260322_11_14_19_Pro_f00056.jpg,trigger,True,478
data\frames\trigger\WIN_20260322_11_14_19_Pro_f00060.jpg,trigger,False,0
data\frames\trigger\WIN_20260322_11_14_19_Pro_f00064.jpg,trigger,True,478
data\frames\trigger\WIN_20260322_11_14_19_Pro_f00068.jpg,trigger,True,478
data\frames\trigger\WIN_20260322_11_14_19_Pro_f00072.jpg,trigger,True,478
data\frames\trigger\WIN_20260322_11_14_19_Pro_f00076.jpg,trigger,True,478
data\frames\trigger\WIN_20260322_11_14_19_Pro_f00080.jpg,trigger,True,478
data\frames\trigger\WIN_20260322_11_14_19_Pro_f00084.jpg,trigger,True,478
data\frames\trigger\WIN_20260322_11_14_19_Pro_f00088.jpg,trigger,True,478
data\frames\trigger\WIN_20260322_11_14_19_Pro_f00092.jpg,trigger,True,478
data\frames\trigger\WIN_20260322_11_14_19_Pro_f00096.jpg,trigger,True,478
data\frames\trigger\WIN_20260322_11_14_19_Pro_f00100.jpg,trigger,True,478
data\frames\trigger\WIN_20260322_11_14_19_Pro_f00104.jpg,trigger,True,478
data\frames\trigger\WIN_20260322_11_14_19_Pro_f00108.jpg,trigger,True,478
data\frames\trigger\WIN_20260322_11_14_19_Pro_f00112.jpg,trigger,True,478
data\frames\trigger\WIN_20260322_11_14_19_Pro_f00116.jpg,trigger,True,478
data\frames\trigger\WIN_20260322_11_14_19_Pro_f00120.jpg,trigger,True,478
data\frames\trigger\WIN_20260322_11_14_19_Pro_f00124.jpg,trigger,True,478
data\frames\trigger\WIN_20260322_11_14_19_Pro_f00128.jpg,trigger,True,478
data\frames\trigger\WIN_20260322_11_14_19_Pro_f00132.jpg,trigger,True,478
data\frames\trigger\WIN_20260322_11_14_19_Pro_f00136.jpg,trigger,True,478
data\frames\trigger\WIN_20260322_11_14_19_Pro_f00140.jpg,trigger,True,478
data\frames\trigger\WIN_20260322_11_14_19_Pro_f00144.jpg,trigger,True,478
data\frames\trigger\WIN_20260322_11_14_19_Pro_f00148.jpg,trigger,True,478
data\frames\trigger\WIN_20260322_11_14_19_Pro_f00152.jpg,trigger,True,478
data\frames\trigger\WIN_20260322_11_14_19_Pro_f00156.jpg,trigger,True,478
data\frames\trigger\WIN_20260322_11_14_19_Pro_f00160.jpg,trigger,True,478
data\frames\trigger\WIN_20260322_11_14_19_Pro_f00164.jpg,trigger,True,478
data\frames\trigger\WIN_20260322_11_14_19_Pro_f00168.jpg,trigger,True,478
data\frames\trigger\WIN_20260322_11_14_19_Pro_f00172.jpg,trigger,True,478
data\frames\trigger\WIN_20260322_11_14_19_Pro_f00176.jpg,trigger,True,478
data\frames\trigger\WIN_20260322_11_14_36_Pro_f00000.jpg,trigger,True,478
data\frames\trigger\WIN_20260322_11_14_36_Pro_f00004.jpg,trigger,True,478
data\frames\trigger\WIN_20260322_11_14_36_Pro_f00008.jpg,trigger,True,478
data\frames\trigger\WIN_20260322_11_14_36_Pro_f00012.jpg,trigger,True,478
data\frames\trigger\WIN_20260322_11_14_36_Pro_f00016.jpg,trigger,True,478
data\frames\trigger\WIN_20260322_11_14_36_Pro_f00020.jpg,trigger,True,478
data\frames\trigger\WIN_20260322_11_14_36_Pro_f00024.jpg,trigger,True,478
data\frames\trigger\WIN_20260322_11_14_36_Pro_f00028.jpg,trigger,True,478
data\frames\trigger\WIN_20260322_11_14_36_Pro_f00032.jpg,trigger,True,478
data\frames\trigger\WIN_20260322_11_14_36_Pro_f00036.jpg,trigger,True,478
data\frames\trigger\WIN_20260322_11_14_36_Pro_f00040.jpg,trigger,True,478
data\frames\trigger\WIN_20260322_11_14_36_Pro_f00044.jpg,trigger,True,478
data\frames\trigger\WIN_20260322_11_14_36_Pro_f00048.jpg,trigger,True,478
data\frames\trigger\WIN_20260322_11_14_36_Pro_f00052.jpg,trigger,True,478
data\frames\trigger\WIN_20260322_11_14_36_Pro_f00056.jpg,trigger,True,478
data\frames\trigger\WIN_20260322_11_14_36_Pro_f00060.jpg,trigger,True,478
data\frames\trigger\WIN_20260322_11_14_36_Pro_f00064.jpg,trigger,True,478
data\frames\trigger\WIN_20260322_11_14_36_Pro_f00068.jpg,trigger,True,478
data\frames\trigger\WIN_20260322_11_14_36_Pro_f00072.jpg,trigger,False,0
data\frames\trigger\WIN_20260322_11_14_36_Pro_f00076.jpg,trigger,False,0
data\frames\trigger\WIN_20260322_11_14_36_Pro_f00080.jpg,trigger,False,0
data\frames\trigger\WIN_20260322_11_14_36_Pro_f00084.jpg,trigger,False,0
data\frames\trigger\WIN_20260322_11_14_36_Pro_f00088.jpg,trigger,False,0
data\frames\trigger\WIN_20260322_11_14_36_Pro_f00092.jpg,trigger,False,0
data\frames\trigger\WIN_20260322_11_14_36_Pro_f00096.jpg,trigger,False,0
data\frames\trigger\WIN_20260322_11_14_36_Pro_f00100.jpg,trigger,False,0
data\frames\trigger\WIN_20260322_11_14_36_Pro_f00104.jpg,trigger,False,0
data\frames\trigger\WIN_20260322_11_14_36_Pro_f00108.jpg,trigger,False,0
data\frames\trigger\WIN_20260322_11_14_36_Pro_f00112.jpg,trigger,False,0
data\frames\trigger\WIN_20260322_11_14_36_Pro_f00116.jpg,trigger,False,0
data\frames\trigger\WIN_20260322_11_14_36_Pro_f00120.jpg,trigger,False,0
data\frames\trigger\WIN_20260322_11_14_36_Pro_f00124.jpg,trigger,False,0
data\frames\trigger\WIN_20260322_11_14_36_Pro_f00128.jpg,trigger,False,0
data\frames\trigger\WIN_20260322_11_14_36_Pro_f00132.jpg,trigger,False,0
data\frames\trigger\WIN_20260322_11_14_36_Pro_f00136.jpg,trigger,False,0
data\frames\trigger\WIN_20260322_11_14_36_Pro_f00140.jpg,trigger,False,0
data\frames\trigger\WIN_20260322_11_14_36_Pro_f00144.jpg,trigger,False,0
data\frames\trigger\WIN_20260322_11_14_36_Pro_f00148.jpg,trigger,False,0
data\frames\trigger\WIN_20260322_11_14_36_Pro_f00152.jpg,trigger,True,478
data\frames\trigger\WIN_20260322_11_14_36_Pro_f00156.jpg,trigger,True,478
data\frames\trigger\WIN_20260322_11_14_36_Pro_f00160.jpg,trigger,True,478
data\frames\trigger\WIN_20260322_11_14_36_Pro_f00164.jpg,trigger,True,478
data\frames\trigger\WIN_20260322_11_14_36_Pro_f00168.jpg,trigger,True,478
data\frames\trigger\WIN_20260322_11_14_36_Pro_f00172.jpg,trigger,True,478
data\frames\trigger\WIN_20260322_11_21_02_Pro_f00000.jpg,trigger,True,478
data\frames\trigger\WIN_20260322_11_21_02_Pro_f00004.jpg,trigger,True,478
data\frames\trigger\WIN_20260322_11_21_02_Pro_f00008.jpg,trigger,True,478
data\frames\trigger\WIN_20260322_11_21_02_Pro_f00012.jpg,trigger,True,478
data\frames\trigger\WIN_20260322_11_21_02_Pro_f00016.jpg,trigger,True,478
data\frames\trigger\WIN_20260322_11_21_02_Pro_f00020.jpg,trigger,True,478
data\frames\trigger\WIN_20260322_11_21_02_Pro_f00024.jpg,trigger,True,478
data\frames\trigger\WIN_20260322_11_21_02_Pro_f00028.jpg,trigger,True,478
data\frames\trigger\WIN_20260322_11_21_02_Pro_f00032.jpg,trigger,True,478
data\frames\trigger\WIN_20260322_11_21_02_Pro_f00036.jpg,trigger,True,478
data\frames\trigger\WIN_20260322_11_21_02_Pro_f00040.jpg,trigger,True,478
data\frames\trigger\WIN_20260322_11_21_02_Pro_f00044.jpg,trigger,True,478
data\frames\trigger\WIN_20260322_11_21_02_Pro_f00048.jpg,trigger,True,478
data\frames\trigger\WIN_20260322_11_21_02_Pro_f00052.jpg,trigger,True,478
data\frames\trigger\WIN_20260322_11_21_02_Pro_f00056.jpg,trigger,True,478
data\frames\trigger\WIN_20260322_11_21_02_Pro_f00060.jpg,trigger,True,478
data\frames\trigger\WIN_20260322_11_21_02_Pro_f00064.jpg,trigger,True,478
data\frames\trigger\WIN_20260322_11_21_02_Pro_f00068.jpg,trigger,True,478
data\frames\trigger\WIN_20260322_11_21_02_Pro_f00072.jpg,trigger,True,478
data\frames\trigger\WIN_20260322_11_21_02_Pro_f00076.jpg,trigger,True,478
data\frames\trigger\WIN_20260322_11_21_02_Pro_f00080.jpg,trigger,True,478
data\frames\trigger\WIN_20260322_11_21_02_Pro_f00084.jpg,trigger,True,478
data\frames\trigger\WIN_20260322_11_21_02_Pro_f00088.jpg,trigger,True,478
data\frames\trigger\WIN_20260322_11_21_02_Pro_f00092.jpg,trigger,True,478
data\frames\trigger\WIN_20260322_11_21_02_Pro_f00096.jpg,trigger,True,478
data\frames\trigger\WIN_20260322_11_21_02_Pro_f00100.jpg,trigger,True,478
data\frames\trigger\WIN_20260322_11_21_02_Pro_f00104.jpg,trigger,True,478
data\frames\trigger\WIN_20260322_11_21_02_Pro_f00108.jpg,trigger,True,478
data\frames\trigger\WIN_20260322_11_21_02_Pro_f00112.jpg,trigger,True,478
data\frames\trigger\WIN_20260322_11_21_02_Pro_f00116.jpg,trigger,True,478
data\frames\trigger\WIN_20260322_11_21_02_Pro_f00120.jpg,trigger,True,478
data\frames\trigger\WIN_20260322_11_21_02_Pro_f00124.jpg,trigger,True,478
data\frames\trigger\WIN_20260322_11_21_02_Pro_f00128.jpg,trigger,True,478
data\frames\trigger\WIN_20260322_11_21_02_Pro_f00132.jpg,trigger,True,478
data\frames\trigger\WIN_20260322_11_21_02_Pro_f00136.jpg,trigger,True,478
data\frames\trigger\WIN_20260322_11_21_02_Pro_f00140.jpg,trigger,True,478
data\frames\trigger\WIN_20260322_11_21_02_Pro_f00144.jpg,trigger,True,478
data\frames\trigger\WIN_20260322_11_21_02_Pro_f00148.jpg,trigger,True,478
data\frames\trigger\WIN_20260322_11_21_02_Pro_f00152.jpg,trigger,True,478
data\frames\trigger\WIN_20260322_11_21_02_Pro_f00156.jpg,trigger,True,478
data\frames\trigger\WIN_20260322_11_21_02_Pro_f00160.jpg,trigger,True,478
data\frames\trigger\WIN_20260322_11_21_02_Pro_f00164.jpg,trigger,True,478
data\frames\trigger\WIN_20260322_11_21_02_Pro_f00168.jpg,trigger,True,478
data\frames\trigger\WIN_20260322_11_21_02_Pro_f00172.jpg,trigger,True,478
data\frames\trigger\WIN_20260322_11_21_02_Pro_f00176.jpg,trigger,True,478
data\frames\trigger\WIN_20260322_11_21_02_Pro_f00180.jpg,trigger,True,478
data\frames\trigger\WIN_20260322_11_21_02_Pro_f00184.jpg,trigger,True,478
data\frames\trigger\WIN_20260322_11_21_02_Pro_f00188.jpg,trigger,True,478
data\frames\trigger\WIN_20260322_11_21_02_Pro_f00192.jpg,trigger,True,478
data\frames\trigger\WIN_20260322_11_21_02_Pro_f00196.jpg,trigger,True,478
data\frames\trigger\WIN_20260322_11_21_02_Pro_f00200.jpg,trigger,True,478
data\frames\trigger\WIN_20260322_11_21_02_Pro_f00204.jpg,trigger,True,478
data\frames\trigger\WIN_20260322_11_21_02_Pro_f00208.jpg,trigger,True,478
data\frames\trigger\WIN_20260322_11_21_02_Pro_f00212.jpg,trigger,True,478
data\frames\trigger\WIN_20260322_11_21_02_Pro_f00216.jpg,trigger,True,478
data\frames\trigger\WIN_20260322_11_21_02_Pro_f00220.jpg,trigger,True,478
data\frames\trigger\WIN_20260322_11_21_02_Pro_f00224.jpg,trigger,True,478
data\frames\trigger\WIN_20260322_11_21_02_Pro_f00228.jpg,trigger,True,478
data\frames\trigger\WIN_20260322_11_21_02_Pro_f00232.jpg,trigger,True,478
data\frames\trigger\WIN_20260322_11_21_02_Pro_f00236.jpg,trigger,True,478
data\frames\trigger\WIN_20260322_11_21_02_Pro_f00240.jpg,trigger,True,478
data\frames\trigger\WIN_20260322_11_21_02_Pro_f00244.jpg,trigger,True,478
data\frames\trigger\WIN_20260322_11_21_02_Pro_f00248.jpg,trigger,True,478
data\frames\trigger\WIN_20260322_11_21_02_Pro_f00252.jpg,trigger,True,478
data\frames\trigger\WIN_20260322_11_21_02_Pro_f00256.jpg,trigger,True,478
data\frames\trigger\WIN_20260322_11_21_02_Pro_f00260.jpg,trigger,True,478
data\frames\trigger\WIN_20260322_11_21_02_Pro_f00264.jpg,trigger,True,478
data\frames\trigger\WIN_20260322_11_21_02_Pro_f00268.jpg,trigger,True,478
data\frames\trigger\WIN_20260322_11_21_02_Pro_f00272.jpg,trigger,True,478
data\frames\trigger\WIN_20260322_11_21_02_Pro_f00276.jpg,trigger,True,478
data\frames\trigger\WIN_20260322_11_21_02_Pro_f00280.jpg,trigger,True,478
data\frames\trigger\WIN_20260322_11_21_02_Pro_f00284.jpg,trigger,True,478
data\frames\trigger\WIN_20260322_11_21_02_Pro_f00288.jpg,trigger,True,478
data\frames\trigger\WIN_20260322_11_21_02_Pro_f00292.jpg,trigger,True,478
data\frames\trigger\WIN_20260322_11_21_02_Pro_f00296.jpg,trigger,True,478
data\frames\trigger\WIN_20260322_11_21_02_Pro_f00300.jpg,trigger,True,478
data\frames\trigger\WIN_20260322_11_21_02_Pro_f00304.jpg,trigger,True,478
data\frames\trigger\WIN_20260322_11_21_02_Pro_f00308.jpg,trigger,True,478
data\frames\trigger\WIN_20260322_11_21_02_Pro_f00312.jpg,trigger,True,478
data\frames\trigger\WIN_20260322_11_21_02_Pro_f00316.jpg,trigger,True,478
data\frames\trigger\WIN_20260322_11_21_02_Pro_f00320.jpg,trigger,True,478
data\frames\trigger\WIN_20260322_11_21_02_Pro_f00324.jpg,trigger,True,478
data\frames\trigger\WIN_20260322_11_21_18_Pro_f00000.jpg,trigger,True,478
data\frames\trigger\WIN_20260322_11_21_18_Pro_f00004.jpg,trigger,True,478
data\frames\trigger\WIN_20260322_11_21_18_Pro_f00008.jpg,trigger,True,478
data\frames\trigger\WIN_20260322_11_21_18_Pro_f00012.jpg,trigger,True,478
data\frames\trigger\WIN_20260322_11_21_18_Pro_f00016.jpg,trigger,True,478
data\frames\trigger\WIN_20260322_11_21_18_Pro_f00020.jpg,trigger,True,478
data\frames\trigger\WIN_20260322_11_21_18_Pro_f00024.jpg,trigger,True,478
data\frames\trigger\WIN_20260322_11_21_18_Pro_f00028.jpg,trigger,True,478
data\frames\trigger\WIN_20260322_11_21_18_Pro_f00032.jpg,trigger,True,478
data\frames\trigger\WIN_20260322_11_21_18_Pro_f00036.jpg,trigger,True,478
data\frames\trigger\WIN_20260322_11_21_18_Pro_f00040.jpg,trigger,True,478
data\frames\trigger\WIN_20260322_11_21_18_Pro_f00044.jpg,trigger,True,478
data\frames\trigger\WIN_20260322_11_21_18_Pro_f00048.jpg,trigger,True,478
data\frames\trigger\WIN_20260322_11_21_18_Pro_f00052.jpg,trigger,True,478
data\frames\trigger\WIN_20260322_11_21_18_Pro_f00056.jpg,trigger,True,478
data\frames\trigger\WIN_20260322_11_21_18_Pro_f00060.jpg,trigger,True,478
data\frames\trigger\WIN_20260322_11_21_18_Pro_f00064.jpg,trigger,True,478
data\frames\trigger\WIN_20260322_11_21_18_Pro_f00068.jpg,trigger,True,478
data\frames\trigger\WIN_20260322_11_21_18_Pro_f00072.jpg,trigger,True,478
data\frames\trigger\WIN_20260322_11_21_18_Pro_f00076.jpg,trigger,True,478
data\frames\trigger\WIN_20260322_11_21_18_Pro_f00080.jpg,trigger,True,478
data\frames\trigger\WIN_20260322_11_21_18_Pro_f00084.jpg,trigger,True,478
data\frames\trigger\WIN_20260322_11_21_18_Pro_f00088.jpg,trigger,True,478
data\frames\trigger\WIN_20260322_11_21_18_Pro_f00092.jpg,trigger,True,478
data\frames\trigger\WIN_20260322_11_21_18_Pro_f00096.jpg,trigger,True,478
data\frames\trigger\WIN_20260322_11_21_18_Pro_f00100.jpg,trigger,True,478
data\frames\trigger\WIN_20260322_11_21_18_Pro_f00104.jpg,trigger,True,478
data\frames\trigger\WIN_20260322_11_21_18_Pro_f00108.jpg,trigger,True,478
data\frames\trigger\WIN_20260322_11_21_18_Pro_f00112.jpg,trigger,True,478
data\frames\trigger\WIN_20260322_11_21_18_Pro_f00116.jpg,trigger,True,478
data\frames\trigger\WIN_20260322_11_21_18_Pro_f00120.jpg,trigger,True,478
data\frames\trigger\WIN_20260322_11_21_18_Pro_f00124.jpg,trigger,True,478
data\frames\trigger\WIN_20260322_11_21_18_Pro_f00128.jpg,trigger,True,478
data\frames\trigger\WIN_20260322_11_21_18_Pro_f00132.jpg,trigger,True,478
data\frames\trigger\WIN_20260322_11_21_18_Pro_f00136.jpg,trigger,True,478
data\frames\trigger\WIN_20260322_11_21_18_Pro_f00140.jpg,trigger,True,478
data\frames\trigger\WIN_20260322_11_21_18_Pro_f00144.jpg,trigger,True,478
data\frames\trigger\WIN_20260322_11_21_18_Pro_f00148.jpg,trigger,True,478
data\frames\trigger\WIN_20260322_11_21_18_Pro_f00152.jpg,trigger,True,478
data\frames\trigger\WIN_20260322_11_21_18_Pro_f00156.jpg,trigger,True,478
data\frames\trigger\WIN_20260322_11_21_18_Pro_f00160.jpg,trigger,True,478
data\frames\trigger\WIN_20260322_11_21_18_Pro_f00164.jpg,trigger,True,478
data\frames\trigger\WIN_20260322_11_21_18_Pro_f00168.jpg,trigger,True,478
data\frames\trigger\WIN_20260322_11_21_18_Pro_f00172.jpg,trigger,True,478
data\frames\trigger\WIN_20260322_11_21_18_Pro_f00176.jpg,trigger,True,478
data\frames\trigger\WIN_20260322_11_21_18_Pro_f00180.jpg,trigger,True,478
data\frames\trigger\WIN_20260322_11_21_18_Pro_f00184.jpg,trigger,True,478
data\frames\trigger\WIN_20260322_11_21_18_Pro_f00188.jpg,trigger,True,478
data\frames\trigger\WIN_20260322_11_21_18_Pro_f00192.jpg,trigger,True,478
data\frames\trigger\WIN_20260322_11_21_18_Pro_f00196.jpg,trigger,True,478
data\frames\trigger\WIN_20260322_11_21_18_Pro_f00200.jpg,trigger,True,478
data\frames\trigger\WIN_20260322_11_21_18_Pro_f00204.jpg,trigger,True,478
data\frames\trigger\WIN_20260322_11_21_18_Pro_f00208.jpg,trigger,True,478
data\frames\trigger\WIN_20260322_11_21_18_Pro_f00212.jpg,trigger,True,478
data\frames\trigger\WIN_20260322_11_21_18_Pro_f00216.jpg,trigger,True,478
data\frames\trigger\WIN_20260322_11_21_18_Pro_f00220.jpg,trigger,True,478
data\frames\trigger\WIN_20260322_11_21_18_Pro_f00224.jpg,trigger,True,478
data\frames\trigger\WIN_20260322_11_21_18_Pro_f00228.jpg,trigger,True,478
data\frames\trigger\WIN_20260322_11_21_18_Pro_f00232.jpg,trigger,True,478
data\frames\trigger\WIN_20260322_11_21_18_Pro_f00236.jpg,trigger,True,478
data\frames\trigger\WIN_20260322_11_21_18_Pro_f00240.jpg,trigger,True,478
data\frames\trigger\WIN_20260322_11_21_18_Pro_f00244.jpg,trigger,True,478
data\frames\trigger\WIN_20260322_11_21_18_Pro_f00248.jpg,trigger,True,478
data\frames\trigger\WIN_20260322_11_21_18_Pro_f00252.jpg,trigger,True,478
data\frames\trigger\WIN_20260322_11_21_18_Pro_f00256.jpg,trigger,True,478
data\frames\trigger\WIN_20260322_11_21_18_Pro_f00260.jpg,trigger,True,478
data\frames\trigger\WIN_20260322_11_21_18_Pro_f00264.jpg,trigger,True,478
data\frames\trigger\WIN_20260322_11_21_18_Pro_f00268.jpg,trigger,True,478
data\frames\trigger\WIN_20260322_11_21_18_Pro_f00272.jpg,trigger,True,478
data\frames\trigger\WIN_20260322_11_21_18_Pro_f00276.jpg,trigger,True,478
data\frames\trigger\WIN_20260322_11_21_18_Pro_f00280.jpg,trigger,True,478
data\frames\trigger\WIN_20260322_11_21_18_Pro_f00284.jpg,trigger,True,478
data\frames\trigger\WIN_20260322_11_21_18_Pro_f00288.jpg,trigger,True,478
data\frames\trigger\WIN_20260322_11_21_18_Pro_f00292.jpg,trigger,True,478
data\frames\trigger\WIN_20260322_11_21_18_Pro_f00296.jpg,trigger,True,478
data\frames\trigger\WIN_20260322_11_21_31_Pro_f00000.jpg,trigger,True,478
data\frames\trigger\WIN_20260322_11_21_31_Pro_f00004.jpg,trigger,True,478
data\frames\trigger\WIN_20260322_11_21_31_Pro_f00008.jpg,trigger,True,478
data\frames\trigger\WIN_20260322_11_21_31_Pro_f00012.jpg,trigger,True,478
data\frames\trigger\WIN_20260322_11_21_31_Pro_f00016.jpg,trigger,True,478
data\frames\trigger\WIN_20260322_11_21_31_Pro_f00020.jpg,trigger,True,478
data\frames\trigger\WIN_20260322_11_21_31_Pro_f00024.jpg,trigger,True,478
data\frames\trigger\WIN_20260322_11_21_31_Pro_f00028.jpg,trigger,True,478
data\frames\trigger\WIN_20260322_11_21_31_Pro_f00032.jpg,trigger,True,478
data\frames\trigger\WIN_20260322_11_21_31_Pro_f00036.jpg,trigger,True,478
data\frames\trigger\WIN_20260322_11_21_31_Pro_f00040.jpg,trigger,True,478
data\frames\trigger\WIN_20260322_11_21_31_Pro_f00044.jpg,trigger,True,478
data\frames\trigger\WIN_20260322_11_21_31_Pro_f00048.jpg,trigger,True,478
data\frames\trigger\WIN_20260322_11_21_31_Pro_f00052.jpg,trigger,True,478
data\frames\trigger\WIN_20260322_11_21_31_Pro_f00056.jpg,trigger,True,478
data\frames\trigger\WIN_20260322_11_21_31_Pro_f00060.jpg,trigger,True,478
data\frames\trigger\WIN_20260322_11_21_31_Pro_f00064.jpg,trigger,True,478
data\frames\trigger\WIN_20260322_11_21_31_Pro_f00068.jpg,trigger,True,478
data\frames\trigger\WIN_20260322_11_21_31_Pro_f00072.jpg,trigger,True,478
data\frames\trigger\WIN_20260322_11_21_31_Pro_f00076.jpg,trigger,True,478
data\frames\trigger\WIN_20260322_11_21_31_Pro_f00080.jpg,trigger,True,478
data\frames\trigger\WIN_20260322_11_21_31_Pro_f00084.jpg,trigger,True,478
data\frames\trigger\WIN_20260322_11_21_31_Pro_f00088.jpg,trigger,True,478
data\frames\trigger\WIN_20260322_11_21_31_Pro_f00092.jpg,trigger,True,478
data\frames\trigger\WIN_20260322_11_21_31_Pro_f00096.jpg,trigger,True,478
data\frames\trigger\WIN_20260322_11_21_31_Pro_f00100.jpg,trigger,True,478
data\frames\trigger\WIN_20260322_11_21_31_Pro_f00104.jpg,trigger,True,478
data\frames\trigger\WIN_20260322_11_21_31_Pro_f00108.jpg,trigger,True,478
data\frames\trigger\WIN_20260322_11_21_31_Pro_f00112.jpg,trigger,True,478
data\frames\trigger\WIN_20260322_11_21_31_Pro_f00116.jpg,trigger,True,478
data\frames\trigger\WIN_20260322_11_21_31_Pro_f00120.jpg,trigger,True,478
data\frames\trigger\WIN_20260322_11_21_31_Pro_f00124.jpg,trigger,True,478
data\frames\trigger\WIN_20260322_11_21_31_Pro_f00128.jpg,trigger,True,478
data\frames\trigger\WIN_20260322_11_21_31_Pro_f00132.jpg,trigger,True,478
data\frames\trigger\WIN_20260322_11_21_31_Pro_f00136.jpg,trigger,True,478
data\frames\trigger\WIN_20260322_11_21_31_Pro_f00140.jpg,trigger,True,478
data\frames\trigger\WIN_20260322_11_21_31_Pro_f00144.jpg,trigger,True,478
data\frames\trigger\WIN_20260322_11_21_31_Pro_f00148.jpg,trigger,True,478
data\frames\trigger\WIN_20260322_11_21_31_Pro_f00152.jpg,trigger,True,478
data\frames\trigger\WIN_20260322_11_21_31_Pro_f00156.jpg,trigger,True,478
data\frames\trigger\WIN_20260322_11_21_31_Pro_f00160.jpg,trigger,True,478
data\frames\trigger\WIN_20260322_11_21_31_Pro_f00164.jpg,trigger,True,478
data\frames\trigger\WIN_20260322_11_21_31_Pro_f00168.jpg,trigger,True,478
data\frames\trigger\WIN_20260322_11_21_31_Pro_f00172.jpg,trigger,True,478
data\frames\trigger\WIN_20260322_11_21_31_Pro_f00176.jpg,trigger,True,478
data\frames\trigger\WIN_20260322_11_21_31_Pro_f00180.jpg,trigger,True,478
data\frames\trigger\WIN_20260322_11_21_31_Pro_f00184.jpg,trigger,True,478
data\frames\trigger\WIN_20260322_11_21_31_Pro_f00188.jpg,trigger,True,478
data\frames\trigger\WIN_20260322_11_21_31_Pro_f00192.jpg,trigger,True,478
data\frames\trigger\WIN_20260322_11_21_31_Pro_f00196.jpg,trigger,True,478
data\frames\trigger\WIN_20260322_11_21_31_Pro_f00200.jpg,trigger,True,478
data\frames\trigger\WIN_20260322_11_21_31_Pro_f00204.jpg,trigger,True,478
data\frames\trigger\WIN_20260322_11_21_31_Pro_f00208.jpg,trigger,True,478
data\frames\trigger\WIN_20260322_11_21_31_Pro_f00212.jpg,trigger,True,478
data\frames\trigger\WIN_20260322_11_21_31_Pro_f00216.jpg,trigger,True,478
data\frames\trigger\WIN_20260322_11_21_31_Pro_f00220.jpg,trigger,True,478
data\frames\trigger\WIN_20260322_11_21_31_Pro_f00224.jpg,trigger,True,478
data\frames\trigger\WIN_20260322_11_21_31_Pro_f00228.jpg,trigger,True,478
data\frames\trigger\WIN_20260322_11_21_31_Pro_f00232.jpg,trigger,True,478
data\frames\trigger\WIN_20260322_11_21_31_Pro_f00236.jpg,trigger,True,478
data\frames\trigger\WIN_20260322_11_21_31_Pro_f00240.jpg,trigger,True,478
data\frames\trigger\WIN_20260322_11_21_31_Pro_f00244.jpg,trigger,True,478
data\frames\trigger\WIN_20260322_11_21_31_Pro_f00248.jpg,trigger,True,478
data\frames\trigger\WIN_20260322_11_21_31_Pro_f00252.jpg,trigger,True,478
data\frames\trigger\WIN_20260322_11_21_31_Pro_f00256.jpg,trigger,True,478
data\frames\trigger\WIN_20260322_11_21_31_Pro_f00260.jpg,trigger,True,478
data\frames\trigger\WIN_20260322_11_21_31_Pro_f00264.jpg,trigger,True,478
data\frames\trigger\WIN_20260322_11_21_31_Pro_f00268.jpg,trigger,True,478
data\frames\trigger\WIN_20260322_11_21_31_Pro_f00272.jpg,trigger,True,478
data\frames\trigger\WIN_20260322_11_21_31_Pro_f00276.jpg,trigger,True,478
data\frames\trigger\WIN_20260322_11_21_31_Pro_f00280.jpg,trigger,True,478
data\frames\trigger\WIN_20260322_11_21_31_Pro_f00284.jpg,trigger,True,478
data\frames\trigger\WIN_20260322_11_21_31_Pro_f00288.jpg,trigger,True,478
data\frames\trigger\WIN_20260322_11_21_31_Pro_f00292.jpg,trigger,True,478
data\frames\trigger\WIN_20260322_11_21_31_Pro_f00296.jpg,trigger,True,478
data\frames\trigger\WIN_20260322_11_21_31_Pro_f00300.jpg,trigger,True,478
data\frames\trigger\WIN_20260322_11_21_31_Pro_f00304.jpg,trigger,True,478
data\frames\trigger\WIN_20260322_11_21_31_Pro_f00308.jpg,trigger,True,478
data\frames\trigger\WIN_20260322_11_21_31_Pro_f00312.jpg,trigger,True,478
data\frames\trigger\WIN_20260322_11_21_31_Pro_f00316.jpg,trigger,True,478
data\frames\trigger\WIN_20260322_11_21_31_Pro_f00320.jpg,trigger,True,478
data\frames\trigger\WIN_20260322_11_21_31_Pro_f00324.jpg,trigger,True,478
data\frames\trigger\WIN_20260322_11_21_31_Pro_f00328.jpg,trigger,True,478
data\frames\trigger\WIN_20260322_11_21_48_Pro_f00000.jpg,trigger,True,478
data\frames\trigger\WIN_20260322_11_21_48_Pro_f00004.jpg,trigger,True,478
data\frames\trigger\WIN_20260322_11_21_48_Pro_f00008.jpg,trigger,True,478
data\frames\trigger\WIN_20260322_11_21_48_Pro_f00012.jpg,trigger,True,478
data\frames\trigger\WIN_20260322_11_21_48_Pro_f00016.jpg,trigger,True,478
data\frames\trigger\WIN_20260322_11_21_48_Pro_f00020.jpg,trigger,True,478
data\frames\trigger\WIN_20260322_11_21_48_Pro_f00024.jpg,trigger,True,478
data\frames\trigger\WIN_20260322_11_21_48_Pro_f00028.jpg,trigger,True,478
data\frames\trigger\WIN_20260322_11_21_48_Pro_f00032.jpg,trigger,True,478
data\frames\trigger\WIN_20260322_11_21_48_Pro_f00036.jpg,trigger,True,478
data\frames\trigger\WIN_20260322_11_21_48_Pro_f00040.jpg,trigger,True,478
data\frames\trigger\WIN_20260322_11_21_48_Pro_f00044.jpg,trigger,True,478
data\frames\trigger\WIN_20260322_11_21_48_Pro_f00048.jpg,trigger,True,478
data\frames\trigger\WIN_20260322_11_21_48_Pro_f00052.jpg,trigger,True,478
data\frames\trigger\WIN_20260322_11_21_48_Pro_f00056.jpg,trigger,True,478
data\frames\trigger\WIN_20260322_11_21_48_Pro_f00060.jpg,trigger,True,478
data\frames\trigger\WIN_20260322_11_21_48_Pro_f00064.jpg,trigger,True,478
data\frames\trigger\WIN_20260322_11_21_48_Pro_f00068.jpg,trigger,True,478
data\frames\trigger\WIN_20260322_11_21_48_Pro_f00072.jpg,trigger,True,478
data\frames\trigger\WIN_20260322_11_21_48_Pro_f00076.jpg,trigger,True,478
data\frames\trigger\WIN_20260322_11_21_48_Pro_f00080.jpg,trigger,True,478
data\frames\trigger\WIN_20260322_11_21_48_Pro_f00084.jpg,trigger,True,478
data\frames\trigger\WIN_20260322_11_21_48_Pro_f00088.jpg,trigger,True,478
data\frames\trigger\WIN_20260322_11_21_48_Pro_f00092.jpg,trigger,True,478
data\frames\trigger\WIN_20260322_11_21_48_Pro_f00096.jpg,trigger,True,478
data\frames\trigger\WIN_20260322_11_21_48_Pro_f00100.jpg,trigger,True,478
data\frames\trigger\WIN_20260322_11_21_48_Pro_f00104.jpg,trigger,True,478
data\frames\trigger\WIN_20260322_11_21_48_Pro_f00108.jpg,trigger,True,478
data\frames\trigger\WIN_20260322_11_21_48_Pro_f00112.jpg,trigger,True,478
data\frames\trigger\WIN_20260322_11_21_48_Pro_f00116.jpg,trigger,True,478
data\frames\trigger\WIN_20260322_11_21_48_Pro_f00120.jpg,trigger,True,478
data\frames\trigger\WIN_20260322_11_21_48_Pro_f00124.jpg,trigger,True,478
data\frames\trigger\WIN_20260322_11_21_48_Pro_f00128.jpg,trigger,True,478
data\frames\trigger\WIN_20260322_11_21_48_Pro_f00132.jpg,trigger,True,478
data\frames\trigger\WIN_20260322_11_21_48_Pro_f00136.jpg,trigger,True,478
data\frames\trigger\WIN_20260322_11_21_48_Pro_f00140.jpg,trigger,False,0
data\frames\trigger\WIN_20260322_11_21_48_Pro_f00144.jpg,trigger,False,0
data\frames\trigger\WIN_20260322_11_21_48_Pro_f00148.jpg,trigger,False,0
data\frames\trigger\WIN_20260322_11_21_48_Pro_f00152.jpg,trigger,False,0
data\frames\trigger\WIN_20260322_11_21_48_Pro_f00156.jpg,trigger,False,0
data\frames\trigger\WIN_20260322_11_21_48_Pro_f00160.jpg,trigger,False,0
data\frames\trigger\WIN_20260322_11_21_48_Pro_f00164.jpg,trigger,False,0
data\frames\trigger\WIN_20260322_11_21_58_Pro_f00000.jpg,trigger,True,478
data\frames\trigger\WIN_20260322_11_21_58_Pro_f00004.jpg,trigger,True,478
data\frames\trigger\WIN_20260322_11_21_58_Pro_f00008.jpg,trigger,True,478
data\frames\trigger\WIN_20260322_11_21_58_Pro_f00012.jpg,trigger,True,478
data\frames\trigger\WIN_20260322_11_21_58_Pro_f00016.jpg,trigger,True,478
data\frames\trigger\WIN_20260322_11_21_58_Pro_f00020.jpg,trigger,True,478
data\frames\trigger\WIN_20260322_11_21_58_Pro_f00024.jpg,trigger,True,478
data\frames\trigger\WIN_20260322_11_21_58_Pro_f00028.jpg,trigger,True,478
data\frames\trigger\WIN_20260322_11_21_58_Pro_f00032.jpg,trigger,True,478
data\frames\trigger\WIN_20260322_11_21_58_Pro_f00036.jpg,trigger,True,478
data\frames\trigger\WIN_20260322_11_21_58_Pro_f00040.jpg,trigger,True,478
data\frames\trigger\WIN_20260322_11_21_58_Pro_f00044.jpg,trigger,True,478
data\frames\trigger\WIN_20260322_11_21_58_Pro_f00048.jpg,trigger,True,478
data\frames\trigger\WIN_20260322_11_21_58_Pro_f00052.jpg,trigger,True,478
data\frames\trigger\WIN_20260322_11_21_58_Pro_f00056.jpg,trigger,True,478
data\frames\trigger\WIN_20260322_11_21_58_Pro_f00060.jpg,trigger,True,478
data\frames\trigger\WIN_20260322_11_21_58_Pro_f00064.jpg,trigger,True,478
data\frames\trigger\WIN_20260322_11_21_58_Pro_f00068.jpg,trigger,True,478
data\frames\trigger\WIN_20260322_11_21_58_Pro_f00072.jpg,trigger,True,478
data\frames\trigger\WIN_20260322_11_21_58_Pro_f00076.jpg,trigger,True,478
data\frames\trigger\WIN_20260322_11_21_58_Pro_f00080.jpg,trigger,True,478
data\frames\trigger\WIN_20260322_11_21_58_Pro_f00084.jpg,trigger,True,478
data\frames\trigger\WIN_20260322_11_21_58_Pro_f00088.jpg,trigger,True,478
data\frames\trigger\WIN_20260322_11_21_58_Pro_f00092.jpg,trigger,True,478
data\frames\trigger\WIN_20260322_11_21_58_Pro_f00096.jpg,trigger,True,478
data\frames\trigger\WIN_20260322_11_21_58_Pro_f00100.jpg,trigger,True,478
data\frames\trigger\WIN_20260322_11_21_58_Pro_f00104.jpg,trigger,True,478
data\frames\trigger\WIN_20260322_11_21_58_Pro_f00108.jpg,trigger,True,478
data\frames\trigger\WIN_20260322_11_21_58_Pro_f00112.jpg,trigger,True,478
data\frames\trigger\WIN_20260322_11_21_58_Pro_f00116.jpg,trigger,True,478
data\frames\trigger\WIN_20260322_11_21_58_Pro_f00120.jpg,trigger,True,478
data\frames\trigger\WIN_20260322_11_21_58_Pro_f00124.jpg,trigger,True,478
data\frames\trigger\WIN_20260322_11_21_58_Pro_f00128.jpg,trigger,True,478
data\frames\trigger\WIN_20260322_11_21_58_Pro_f00132.jpg,trigger,True,478
data\frames\trigger\WIN_20260322_11_21_58_Pro_f00136.jpg,trigger,True,478
data\frames\trigger\WIN_20260322_11_21_58_Pro_f00140.jpg,trigger,True,478
data\frames\trigger\WIN_20260322_11_21_58_Pro_f00144.jpg,trigger,True,478
data\frames\trigger\WIN_20260322_11_21_58_Pro_f00148.jpg,trigger,True,478
data\frames\trigger\WIN_20260322_11_21_58_Pro_f00152.jpg,trigger,True,478
data\frames\trigger\WIN_20260322_11_21_58_Pro_f00156.jpg,trigger,True,478
data\frames\trigger\WIN_20260322_11_21_58_Pro_f00160.jpg,trigger,True,478
data\frames\trigger\WIN_20260322_11_21_58_Pro_f00164.jpg,trigger,True,478
data\frames\trigger\WIN_20260322_11_21_58_Pro_f00168.jpg,trigger,True,478
data\frames\trigger\WIN_20260322_11_21_58_Pro_f00172.jpg,trigger,True,478
data\frames\trigger\WIN_20260322_11_21_58_Pro_f00176.jpg,trigger,True,478
data\frames\trigger\WIN_20260322_11_21_58_Pro_f00180.jpg,trigger,True,478
data\frames\trigger\WIN_20260322_11_21_58_Pro_f00184.jpg,trigger,True,478
data\frames\trigger\WIN_20260322_11_21_58_Pro_f00188.jpg,trigger,True,478
data\frames\trigger\WIN_20260322_11_21_58_Pro_f00192.jpg,trigger,True,478
data\frames\trigger\WIN_20260322_11_21_58_Pro_f00196.jpg,trigger,True,478
data\frames\trigger\WIN_20260322_11_21_58_Pro_f00200.jpg,trigger,True,478
data\frames\trigger\WIN_20260322_11_21_58_Pro_f00204.jpg,trigger,True,478
data\frames\trigger\WIN_20260322_11_21_58_Pro_f00208.jpg,trigger,True,478
data\frames\trigger\WIN_20260322_11_21_58_Pro_f00212.jpg,trigger,True,478
data\frames\trigger\WIN_20260322_11_21_58_Pro_f00216.jpg,trigger,True,478
data\frames\trigger\WIN_20260322_11_21_58_Pro_f00220.jpg,trigger,True,478
data\frames\trigger\WIN_20260322_11_21_58_Pro_f00224.jpg,trigger,True,478
data\frames\trigger\WIN_20260322_11_21_58_Pro_f00228.jpg,trigger,True,478
data\frames\trigger\WIN_20260322_11_21_58_Pro_f00232.jpg,trigger,True,478
data\frames\trigger\WIN_20260322_11_21_58_Pro_f00236.jpg,trigger,True,478
data\frames\trigger\WIN_20260322_11_21_58_Pro_f00240.jpg,trigger,True,478
data\frames\trigger\WIN_20260322_11_21_58_Pro_f00244.jpg,trigger,True,478
data\frames\trigger\WIN_20260322_11_21_58_Pro_f00248.jpg,trigger,True,478
data\frames\trigger\WIN_20260322_11_21_58_Pro_f00252.jpg,trigger,True,478
data\frames\trigger\WIN_20260322_11_21_58_Pro_f00256.jpg,trigger,True,478
data\frames\trigger\WIN_20260322_11_21_58_Pro_f00260.jpg,trigger,True,478
data\frames\trigger\WIN_20260322_11_21_58_Pro_f00264.jpg,trigger,True,478
data\frames\trigger\WIN_20260322_11_21_58_Pro_f00268.jpg,trigger,True,478
data\frames\trigger\WIN_20260322_11_21_58_Pro_f00272.jpg,trigger,True,478
data\frames\trigger\WIN_20260322_11_21_58_Pro_f00276.jpg,trigger,True,478
data\frames\trigger\WIN_20260322_11_21_58_Pro_f00280.jpg,trigger,True,478
data\frames\trigger\WIN_20260322_11_21_58_Pro_f00284.jpg,trigger,True,478
data\frames\trigger\WIN_20260322_11_21_58_Pro_f00288.jpg,trigger,True,478
data\frames\trigger\WIN_20260322_11_21_58_Pro_f00292.jpg,trigger,True,478
data\frames\trigger\WIN_20260322_11_22_15_Pro_f00000.jpg,trigger,True,478
data\frames\trigger\WIN_20260322_11_22_15_Pro_f00004.jpg,trigger,True,478
data\frames\trigger\WIN_20260322_11_22_15_Pro_f00008.jpg,trigger,True,478
data\frames\trigger\WIN_20260322_11_22_15_Pro_f00012.jpg,trigger,True,478
data\frames\trigger\WIN_20260322_11_22_15_Pro_f00016.jpg,trigger,True,478
data\frames\trigger\WIN_20260322_11_22_15_Pro_f00020.jpg,trigger,True,478
data\frames\trigger\WIN_20260322_11_22_15_Pro_f00024.jpg,trigger,True,478
data\frames\trigger\WIN_20260322_11_22_15_Pro_f00028.jpg,trigger,True,478
data\frames\trigger\WIN_20260322_11_22_15_Pro_f00032.jpg,trigger,True,478
data\frames\trigger\WIN_20260322_11_22_15_Pro_f00036.jpg,trigger,True,478
data\frames\trigger\WIN_20260322_11_22_15_Pro_f00040.jpg,trigger,True,478
data\frames\trigger\WIN_20260322_11_22_15_Pro_f00044.jpg,trigger,True,478
data\frames\trigger\WIN_20260322_11_22_15_Pro_f00048.jpg,trigger,True,478
data\frames\trigger\WIN_20260322_11_22_15_Pro_f00052.jpg,trigger,True,478
data\frames\trigger\WIN_20260322_11_22_15_Pro_f00056.jpg,trigger,True,478
data\frames\trigger\WIN_20260322_11_22_15_Pro_f00060.jpg,trigger,True,478
data\frames\trigger\WIN_20260322_11_22_15_Pro_f00064.jpg,trigger,True,478
data\frames\trigger\WIN_20260322_11_22_15_Pro_f00068.jpg,trigger,True,478
data\frames\trigger\WIN_20260322_11_22_15_Pro_f00072.jpg,trigger,True,478
data\frames\trigger\WIN_20260322_11_22_15_Pro_f00076.jpg,trigger,True,478
data\frames\trigger\WIN_20260322_11_22_15_Pro_f00080.jpg,trigger,True,478
data\frames\trigger\WIN_20260322_11_22_15_Pro_f00084.jpg,trigger,True,478
data\frames\trigger\WIN_20260322_11_22_15_Pro_f00088.jpg,trigger,True,478
data\frames\trigger\WIN_20260322_11_22_15_Pro_f00092.jpg,trigger,True,478
data\frames\trigger\WIN_20260322_11_22_15_Pro_f00096.jpg,trigger,True,478
data\frames\trigger\WIN_20260322_11_22_15_Pro_f00100.jpg,trigger,True,478
data\frames\trigger\WIN_20260322_11_22_15_Pro_f00104.jpg,trigger,True,478
data\frames\trigger\WIN_20260322_11_22_15_Pro_f00108.jpg,trigger,True,478
data\frames\trigger\WIN_20260322_11_22_15_Pro_f00112.jpg,trigger,True,478
data\frames\trigger\WIN_20260322_11_22_15_Pro_f00116.jpg,trigger,True,478
data\frames\trigger\WIN_20260322_11_22_15_Pro_f00120.jpg,trigger,True,478
data\frames\trigger\WIN_20260322_11_22_15_Pro_f00124.jpg,trigger,True,478
data\frames\trigger\WIN_20260322_11_22_15_Pro_f00128.jpg,trigger,True,478
data\frames\trigger\WIN_20260322_11_22_15_Pro_f00132.jpg,trigger,True,478
data\frames\trigger\WIN_20260322_11_22_15_Pro_f00136.jpg,trigger,True,478
data\frames\trigger\WIN_20260322_11_22_15_Pro_f00140.jpg,trigger,True,478
data\frames\trigger\WIN_20260322_11_22_15_Pro_f00144.jpg,trigger,True,478
data\frames\trigger\WIN_20260322_11_22_15_Pro_f00148.jpg,trigger,True,478
data\frames\trigger\WIN_20260322_11_22_15_Pro_f00152.jpg,trigger,True,478
data\frames\trigger\WIN_20260322_11_22_15_Pro_f00156.jpg,trigger,True,478
data\frames\trigger\WIN_20260322_11_22_15_Pro_f00160.jpg,trigger,True,478
data\frames\trigger\WIN_20260322_11_22_15_Pro_f00164.jpg,trigger,True,478
data\frames\trigger\WIN_20260322_11_22_15_Pro_f00168.jpg,trigger,True,478
data\frames\trigger\WIN_20260322_11_22_15_Pro_f00172.jpg,trigger,True,478
data\frames\trigger\WIN_20260322_11_22_15_Pro_f00176.jpg,trigger,True,478
data\frames\trigger\WIN_20260322_11_22_15_Pro_f00180.jpg,trigger,True,478
data\frames\trigger\WIN_20260322_11_22_15_Pro_f00184.jpg,trigger,True,478
data\frames\trigger\WIN_20260322_11_22_15_Pro_f00188.jpg,trigger,True,478
data\frames\trigger\WIN_20260322_11_22_15_Pro_f00192.jpg,trigger,True,478
data\frames\trigger\WIN_20260322_11_22_15_Pro_f00196.jpg,trigger,True,478
data\frames\trigger\WIN_20260322_11_22_15_Pro_f00200.jpg,trigger,True,478
data\frames\trigger\WIN_20260322_11_22_15_Pro_f00204.jpg,trigger,True,478
data\frames\trigger\WIN_20260322_11_22_15_Pro_f00208.jpg,trigger,True,478
data\frames\trigger\WIN_20260322_11_22_15_Pro_f00212.jpg,trigger,True,478
data\frames\trigger\WIN_20260322_11_22_15_Pro_f00216.jpg,trigger,True,478
data\frames\trigger\WIN_20260322_11_22_15_Pro_f00220.jpg,trigger,True,478
data\frames\trigger\WIN_20260322_11_22_15_Pro_f00224.jpg,trigger,True,478
data\frames\trigger\WIN_20260322_11_22_15_Pro_f00228.jpg,trigger,True,478
data\frames\trigger\WIN_20260322_11_22_15_Pro_f00232.jpg,trigger,True,478
data\frames\trigger\WIN_20260322_11_22_15_Pro_f00236.jpg,trigger,True,478
data\frames\trigger\WIN_20260322_11_22_15_Pro_f00240.jpg,trigger,True,478
data\frames\trigger\WIN_20260322_11_22_15_Pro_f00244.jpg,trigger,True,478
data\frames\trigger\WIN_20260322_11_22_15_Pro_f00248.jpg,trigger,True,478
data\frames\trigger\WIN_20260322_11_22_15_Pro_f00252.jpg,trigger,True,478
data\frames\trigger\WIN_20260322_11_22_15_Pro_f00256.jpg,trigger,True,478
data\frames\trigger\WIN_20260322_11_22_15_Pro_f00260.jpg,trigger,True,478
data\frames\trigger\WIN_20260322_11_22_15_Pro_f00264.jpg,trigger,True,478
data\frames\trigger\WIN_20260322_11_22_15_Pro_f00268.jpg,trigger,True,478
data\frames\trigger\WIN_20260322_11_22_15_Pro_f00272.jpg,trigger,True,478
data\frames\trigger\WIN_20260322_11_22_15_Pro_f00276.jpg,trigger,True,478
data\frames\trigger\WIN_20260322_11_22_15_Pro_f00280.jpg,trigger,True,478
data\frames\trigger\WIN_20260322_11_22_15_Pro_f00284.jpg,trigger,True,478
data\frames\trigger\WIN_20260322_11_22_15_Pro_f00288.jpg,trigger,True,478
data\frames\trigger\WIN_20260322_11_22_15_Pro_f00292.jpg,trigger,True,478
data\frames\trigger\WIN_20260322_11_22_15_Pro_f00296.jpg,trigger,True,478
data\frames\trigger\WIN_20260322_11_22_15_Pro_f00300.jpg,trigger,True,478
data\frames\trigger\WIN_20260322_11_22_15_Pro_f00304.jpg,trigger,True,478
data\frames\trigger\WIN_20260322_11_22_15_Pro_f00308.jpg,trigger,True,478
data\frames\trigger\WIN_20260322_11_22_15_Pro_f00312.jpg,trigger,True,478
data\frames\trigger\WIN_20260322_11_22_15_Pro_f00316.jpg,trigger,True,478
data\frames\trigger\WIN_20260322_11_22_15_Pro_f00320.jpg,trigger,True,478
data\frames\trigger\WIN_20260322_11_22_15_Pro_f00324.jpg,trigger,True,478
data\frames\trigger\WIN_20260322_11_22_15_Pro_f00328.jpg,trigger,True,478
data\frames\trigger\WIN_20260322_11_22_15_Pro_f00332.jpg,trigger,True,478
data\frames\trigger\WIN_20260322_11_22_15_Pro_f00336.jpg,trigger,True,478
data\frames\trigger\WIN_20260322_11_22_15_Pro_f00340.jpg,trigger,True,478
data\frames\trigger\WIN_20260322_11_22_15_Pro_f00344.jpg,trigger,True,478
data\frames\trigger\WIN_20260322_11_22_15_Pro_f00348.jpg,trigger,True,478
data\frames\trigger\WIN_20260322_11_22_15_Pro_f00352.jpg,trigger,True,478
data\frames\trigger\WIN_20260322_11_22_15_Pro_f00356.jpg,trigger,True,478
data\frames\trigger\WIN_20260322_11_22_15_Pro_f00360.jpg,trigger,True,478
data\frames\trigger\WIN_20260322_11_22_30_Pro_f00000.jpg,trigger,True,478
data\frames\trigger\WIN_20260322_11_22_30_Pro_f00004.jpg,trigger,True,478
data\frames\trigger\WIN_20260322_11_22_30_Pro_f00008.jpg,trigger,True,478
data\frames\trigger\WIN_20260322_11_22_30_Pro_f00012.jpg,trigger,True,478
data\frames\trigger\WIN_20260322_11_22_30_Pro_f00016.jpg,trigger,True,478
data\frames\trigger\WIN_20260322_11_22_30_Pro_f00020.jpg,trigger,True,478
data\frames\trigger\WIN_20260322_11_22_30_Pro_f00024.jpg,trigger,True,478
data\frames\trigger\WIN_20260322_11_22_30_Pro_f00028.jpg,trigger,True,478
data\frames\trigger\WIN_20260322_11_22_30_Pro_f00032.jpg,trigger,True,478
data\frames\trigger\WIN_20260322_11_22_30_Pro_f00036.jpg,trigger,True,478
data\frames\trigger\WIN_20260322_11_22_30_Pro_f00040.jpg,trigger,True,478
data\frames\trigger\WIN_20260322_11_22_30_Pro_f00044.jpg,trigger,True,478
data\frames\trigger\WIN_20260322_11_22_30_Pro_f00048.jpg,trigger,True,478
data\frames\trigger\WIN_20260322_11_22_30_Pro_f00052.jpg,trigger,True,478
data\frames\trigger\WIN_20260322_11_22_30_Pro_f00056.jpg,trigger,True,478
data\frames\trigger\WIN_20260322_11_22_30_Pro_f00060.jpg,trigger,True,478
data\frames\trigger\WIN_20260322_11_22_30_Pro_f00064.jpg,trigger,True,478
data\frames\trigger\WIN_20260322_11_22_30_Pro_f00068.jpg,trigger,True,478
data\frames\trigger\WIN_20260322_11_22_30_Pro_f00072.jpg,trigger,True,478
data\frames\trigger\WIN_20260322_11_22_30_Pro_f00076.jpg,trigger,True,478
data\frames\trigger\WIN_20260322_11_22_30_Pro_f00080.jpg,trigger,True,478
data\frames\trigger\WIN_20260322_11_22_30_Pro_f00084.jpg,trigger,True,478
data\frames\trigger\WIN_20260322_11_22_30_Pro_f00088.jpg,trigger,True,478
data\frames\trigger\WIN_20260322_11_22_30_Pro_f00092.jpg,trigger,True,478
data\frames\trigger\WIN_20260322_11_22_30_Pro_f00096.jpg,trigger,False,0
data\frames\trigger\WIN_20260322_11_22_30_Pro_f00100.jpg,trigger,False,0
data\frames\trigger\WIN_20260322_11_22_30_Pro_f00104.jpg,trigger,False,0
data\frames\trigger\WIN_20260322_11_22_30_Pro_f00108.jpg,trigger,False,0
data\frames\trigger\WIN_20260322_11_22_30_Pro_f00112.jpg,trigger,False,0
data\frames\trigger\WIN_20260322_11_22_30_Pro_f00116.jpg,trigger,False,0
data\frames\trigger\WIN_20260322_11_22_30_Pro_f00120.jpg,trigger,False,0
data\frames\trigger\WIN_20260322_11_22_30_Pro_f00124.jpg,trigger,False,0
data\frames\trigger\WIN_20260322_11_22_30_Pro_f00128.jpg,trigger,False,0
data\frames\trigger\WIN_20260322_11_22_30_Pro_f00132.jpg,trigger,False,0
data\frames\trigger\WIN_20260322_11_22_30_Pro_f00136.jpg,trigger,False,0
data\frames\trigger\WIN_20260322_11_22_30_Pro_f00140.jpg,trigger,False,0
data\frames\trigger\WIN_20260322_11_22_30_Pro_f00144.jpg,trigger,False,0
data\frames\trigger\WIN_20260322_11_22_30_Pro_f00148.jpg,trigger,False,0
data\frames\trigger\WIN_20260322_11_22_30_Pro_f00152.jpg,trigger,False,0
data\frames\trigger\WIN_20260322_11_22_30_Pro_f00156.jpg,trigger,False,0
data\frames\trigger\WIN_20260322_11_22_30_Pro_f00160.jpg,trigger,False,0
data\frames\trigger\WIN_20260322_11_22_30_Pro_f00164.jpg,trigger,False,0
data\frames\trigger\WIN_20260322_11_22_30_Pro_f00168.jpg,trigger,False,0
data\frames\trigger\WIN_20260322_11_22_30_Pro_f00172.jpg,trigger,False,0
data\frames\trigger\WIN_20260322_11_22_30_Pro_f00176.jpg,trigger,False,0
data\frames\trigger\WIN_20260322_11_22_30_Pro_f00180.jpg,trigger,False,0
data\frames\trigger\WIN_20260322_11_22_30_Pro_f00184.jpg,trigger,False,0
data\frames\trigger\WIN_20260322_11_22_30_Pro_f00188.jpg,trigger,False,0
data\frames\trigger\WIN_20260322_11_22_30_Pro_f00192.jpg,trigger,False,0
data\frames\trigger\WIN_20260322_11_22_42_Pro_f00000.jpg,trigger,True,478
data\frames\trigger\WIN_20260322_11_22_42_Pro_f00004.jpg,trigger,True,478
data\frames\trigger\WIN_20260322_11_22_42_Pro_f00008.jpg,trigger,True,478
data\frames\trigger\WIN_20260322_11_22_42_Pro_f00012.jpg,trigger,True,478
data\frames\trigger\WIN_20260322_11_22_42_Pro_f00016.jpg,trigger,True,478
data\frames\trigger\WIN_20260322_11_22_42_Pro_f00020.jpg,trigger,True,478
data\frames\trigger\WIN_20260322_11_22_42_Pro_f00024.jpg,trigger,True,478
data\frames\trigger\WIN_20260322_11_22_42_Pro_f00028.jpg,trigger,True,478
data\frames\trigger\WIN_20260322_11_22_42_Pro_f00032.jpg,trigger,True,478
data\frames\trigger\WIN_20260322_11_22_42_Pro_f00036.jpg,trigger,True,478
data\frames\trigger\WIN_20260322_11_22_42_Pro_f00040.jpg,trigger,True,478
data\frames\trigger\WIN_20260322_11_22_42_Pro_f00044.jpg,trigger,True,478
data\frames\trigger\WIN_20260322_11_22_42_Pro_f00048.jpg,trigger,True,478
data\frames\trigger\WIN_20260322_11_22_42_Pro_f00052.jpg,trigger,True,478
data\frames\trigger\WIN_20260322_11_22_42_Pro_f00056.jpg,trigger,True,478
data\frames\trigger\WIN_20260322_11_22_42_Pro_f00060.jpg,trigger,True,478
data\frames\trigger\WIN_20260322_11_22_42_Pro_f00064.jpg,trigger,True,478
data\frames\trigger\WIN_20260322_11_22_42_Pro_f00068.jpg,trigger,True,478
data\frames\trigger\WIN_20260322_11_22_42_Pro_f00072.jpg,trigger,True,478
data\frames\trigger\WIN_20260322_11_22_42_Pro_f00076.jpg,trigger,True,478
data\frames\trigger\WIN_20260322_11_22_42_Pro_f00080.jpg,trigger,True,478
data\frames\trigger\WIN_20260322_11_22_42_Pro_f00084.jpg,trigger,True,478
data\frames\trigger\WIN_20260322_11_22_42_Pro_f00088.jpg,trigger,True,478
data\frames\trigger\WIN_20260322_11_22_42_Pro_f00092.jpg,trigger,True,478
data\frames\trigger\WIN_20260322_11_22_42_Pro_f00096.jpg,trigger,True,478
data\frames\trigger\WIN_20260322_11_22_42_Pro_f00100.jpg,trigger,True,478
data\frames\trigger\WIN_20260322_11_22_42_Pro_f00104.jpg,trigger,True,478
data\frames\trigger\WIN_20260322_11_22_42_Pro_f00108.jpg,trigger,True,478
data\frames\trigger\WIN_20260322_11_22_42_Pro_f00112.jpg,trigger,True,478
data\frames\trigger\WIN_20260322_11_22_42_Pro_f00116.jpg,trigger,True,478
data\frames\trigger\WIN_20260322_11_22_42_Pro_f00120.jpg,trigger,True,478
data\frames\trigger\WIN_20260322_11_22_42_Pro_f00124.jpg,trigger,True,478
data\frames\trigger\WIN_20260322_11_22_42_Pro_f00128.jpg,trigger,True,478
data\frames\trigger\WIN_20260322_11_22_42_Pro_f00132.jpg,trigger,True,478
data\frames\trigger\WIN_20260322_11_22_42_Pro_f00136.jpg,trigger,True,478
data\frames\trigger\WIN_20260322_11_22_42_Pro_f00140.jpg,trigger,True,478
data\frames\trigger\WIN_20260322_11_22_42_Pro_f00144.jpg,trigger,True,478
data\frames\trigger\WIN_20260322_11_22_42_Pro_f00148.jpg,trigger,True,478
data\frames\trigger\WIN_20260322_11_22_42_Pro_f00152.jpg,trigger,True,478
data\frames\trigger\WIN_20260322_11_22_42_Pro_f00156.jpg,trigger,True,478
data\frames\trigger\WIN_20260322_11_22_42_Pro_f00160.jpg,trigger,True,478
data\frames\trigger\WIN_20260322_11_22_42_Pro_f00164.jpg,trigger,True,478
data\frames\trigger\WIN_20260322_11_22_42_Pro_f00168.jpg,trigger,True,478
data\frames\trigger\WIN_20260322_11_22_42_Pro_f00172.jpg,trigger,True,478
data\frames\trigger\WIN_20260322_11_22_42_Pro_f00176.jpg,trigger,True,478
data\frames\trigger\WIN_20260322_11_22_42_Pro_f00180.jpg,trigger,True,478
data\frames\trigger\WIN_20260322_11_22_42_Pro_f00184.jpg,trigger,True,478
data\frames\trigger\WIN_20260322_11_22_42_Pro_f00188.jpg,trigger,True,478
data\frames\trigger\WIN_20260322_11_22_42_Pro_f00192.jpg,trigger,False,0
data\frames\trigger\WIN_20260322_11_22_42_Pro_f00196.jpg,trigger,False,0
data\frames\trigger\WIN_20260322_11_22_42_Pro_f00200.jpg,trigger,False,0
data\frames\trigger\WIN_20260322_11_22_42_Pro_f00204.jpg,trigger,False,0
data\frames\trigger\WIN_20260322_11_22_42_Pro_f00208.jpg,trigger,False,0
data\frames\trigger\WIN_20260322_11_22_42_Pro_f00212.jpg,trigger,False,0
data\frames\trigger\WIN_20260322_11_22_42_Pro_f00216.jpg,trigger,False,0
data\frames\trigger\WIN_20260322_11_22_42_Pro_f00220.jpg,trigger,False,0
data\frames\trigger\WIN_20260322_11_22_42_Pro_f00224.jpg,trigger,False,0
data\frames\trigger\WIN_20260322_11_22_42_Pro_f00228.jpg,trigger,False,0
data\frames\trigger\WIN_20260322_11_22_42_Pro_f00232.jpg,trigger,False,0
data\frames\trigger\WIN_20260322_11_22_42_Pro_f00236.jpg,trigger,False,0
data\frames\trigger\WIN_20260322_11_22_42_Pro_f00240.jpg,trigger,False,0
data\frames\trigger\WIN_20260322_11_22_42_Pro_f00244.jpg,trigger,False,0
data\frames\trigger\WIN_20260322_11_22_42_Pro_f00248.jpg,trigger,False,0
data\frames\trigger\WIN_20260322_11_22_42_Pro_f00252.jpg,trigger,False,0
data\frames\trigger\WIN_20260322_11_22_42_Pro_f00256.jpg,trigger,False,0
data\frames\trigger\WIN_20260322_11_22_42_Pro_f00260.jpg,trigger,False,0
data\frames\trigger\WIN_20260322_11_22_42_Pro_f00264.jpg,trigger,False,0
data\frames\trigger\WIN_20260322_11_22_42_Pro_f00268.jpg,trigger,False,0
data\frames\trigger\WIN_20260322_11_22_42_Pro_f00272.jpg,trigger,False,0
data\frames\trigger\WIN_20260322_11_22_42_Pro_f00276.jpg,trigger,False,0
data\frames\trigger\WIN_20260322_11_22_42_Pro_f00280.jpg,trigger,False,0
data\frames\trigger\WIN_20260322_11_22_42_Pro_f00284.jpg,trigger,False,0
data\frames\trigger\WIN_20260322_11_22_42_Pro_f00288.jpg,trigger,False,0
data\frames\trigger\WIN_20260322_11_22_42_Pro_f00292.jpg,trigger,False,0
data\frames\trigger\WIN_20260322_11_22_42_Pro_f00296.jpg,trigger,False,0
data\frames\trigger\WIN_20260322_11_22_42_Pro_f00300.jpg,trigger,False,0
data\frames\trigger\WIN_20260322_11_22_42_Pro_f00304.jpg,trigger,False,0
data\frames\trigger\WIN_20260322_11_22_42_Pro_f00308.jpg,trigger,False,0
data\frames\trigger\WIN_20260322_11_24_55_Pro_f00000.jpg,trigger,True,478
data\frames\trigger\WIN_20260322_11_24_55_Pro_f00004.jpg,trigger,True,478
data\frames\trigger\WIN_20260322_11_24_55_Pro_f00008.jpg,trigger,True,478
data\frames\trigger\WIN_20260322_11_24_55_Pro_f00012.jpg,trigger,True,478
data\frames\trigger\WIN_20260322_11_24_55_Pro_f00016.jpg,trigger,True,478
data\frames\trigger\WIN_20260322_11_24_55_Pro_f00020.jpg,trigger,True,478
data\frames\trigger\WIN_20260322_11_24_55_Pro_f00024.jpg,trigger,True,478
data\frames\trigger\WIN_20260322_11_24_55_Pro_f00028.jpg,trigger,True,478
data\frames\trigger\WIN_20260322_11_24_55_Pro_f00032.jpg,trigger,True,478
data\frames\trigger\WIN_20260322_11_24_55_Pro_f00036.jpg,trigger,True,478
data\frames\trigger\WIN_20260322_11_24_55_Pro_f00040.jpg,trigger,True,478
data\frames\trigger\WIN_20260322_11_24_55_Pro_f00044.jpg,trigger,True,478
data\frames\trigger\WIN_20260322_11_24_55_Pro_f00048.jpg,trigger,True,478
data\frames\trigger\WIN_20260322_11_24_55_Pro_f00052.jpg,trigger,True,478
data\frames\trigger\WIN_20260322_11_24_55_Pro_f00056.jpg,trigger,True,478
data\frames\trigger\WIN_20260322_11_24_55_Pro_f00060.jpg,trigger,True,478
data\frames\trigger\WIN_20260322_11_24_55_Pro_f00064.jpg,trigger,True,478
data\frames\trigger\WIN_20260322_11_24_55_Pro_f00068.jpg,trigger,True,478
data\frames\trigger\WIN_20260322_11_24_55_Pro_f00072.jpg,trigger,True,478
data\frames\trigger\WIN_20260322_11_24_55_Pro_f00076.jpg,trigger,True,478
data\frames\trigger\WIN_20260322_11_24_55_Pro_f00080.jpg,trigger,True,478
data\frames\trigger\WIN_20260322_11_24_55_Pro_f00084.jpg,trigger,True,478
data\frames\trigger\WIN_20260322_11_24_55_Pro_f00088.jpg,trigger,True,478
data\frames\trigger\WIN_20260322_11_24_55_Pro_f00092.jpg,trigger,True,478
data\frames\trigger\WIN_20260322_11_24_55_Pro_f00096.jpg,trigger,True,478
data\frames\trigger\WIN_20260322_11_24_55_Pro_f00100.jpg,trigger,True,478
data\frames\trigger\WIN_20260322_11_24_55_Pro_f00104.jpg,trigger,True,478
data\frames\trigger\WIN_20260322_11_24_55_Pro_f00108.jpg,trigger,True,478
data\frames\trigger\WIN_20260322_11_24_55_Pro_f00112.jpg,trigger,True,478
data\frames\trigger\WIN_20260322_11_24_55_Pro_f00116.jpg,trigger,True,478
data\frames\trigger\WIN_20260322_11_24_55_Pro_f00120.jpg,trigger,True,478
data\frames\trigger\WIN_20260322_11_24_55_Pro_f00124.jpg,trigger,True,478
data\frames\trigger\WIN_20260322_11_24_55_Pro_f00128.jpg,trigger,True,478
data\frames\trigger\WIN_20260322_11_24_55_Pro_f00132.jpg,trigger,True,478
data\frames\trigger\WIN_20260322_11_24_55_Pro_f00136.jpg,trigger,True,478
data\frames\trigger\WIN_20260322_11_24_55_Pro_f00140.jpg,trigger,True,478
data\frames\trigger\WIN_20260322_11_24_55_Pro_f00144.jpg,trigger,True,478
data\frames\trigger\WIN_20260322_11_24_55_Pro_f00148.jpg,trigger,True,478
data\frames\trigger\WIN_20260322_11_24_55_Pro_f00152.jpg,trigger,True,478
data\frames\trigger\WIN_20260322_11_24_55_Pro_f00156.jpg,trigger,True,478
data\frames\trigger\WIN_20260322_11_24_55_Pro_f00160.jpg,trigger,True,478
data\frames\trigger\WIN_20260322_11_24_55_Pro_f00164.jpg,trigger,True,478
data\frames\trigger\WIN_20260322_11_24_55_Pro_f00168.jpg,trigger,True,478
data\frames\trigger\WIN_20260322_11_24_55_Pro_f00172.jpg,trigger,True,478
data\frames\trigger\WIN_20260322_11_24_55_Pro_f00176.jpg,trigger,True,478
data\frames\trigger\WIN_20260322_11_24_55_Pro_f00180.jpg,trigger,True,478
data\frames\trigger\WIN_20260322_11_24_55_Pro_f00184.jpg,trigger,True,478
data\frames\trigger\WIN_20260322_11_24_55_Pro_f00188.jpg,trigger,True,478
data\frames\trigger\WIN_20260322_11_24_55_Pro_f00192.jpg,trigger,True,478
data\frames\trigger\WIN_20260322_11_24_55_Pro_f00196.jpg,trigger,True,478
data\frames\trigger\WIN_20260322_11_24_55_Pro_f00200.jpg,trigger,True,478
data\frames\trigger\WIN_20260322_11_24_55_Pro_f00204.jpg,trigger,True,478
data\frames\trigger\WIN_20260322_11_24_55_Pro_f00208.jpg,trigger,True,478
data\frames\trigger\WIN_20260322_11_24_55_Pro_f00212.jpg,trigger,True,478
data\frames\trigger\WIN_20260322_11_24_55_Pro_f00216.jpg,trigger,True,478
data\frames\trigger\WIN_20260322_11_24_55_Pro_f00220.jpg,trigger,True,478
data\frames\trigger\WIN_20260322_11_24_55_Pro_f00224.jpg,trigger,True,478
data\frames\trigger\WIN_20260322_11_24_55_Pro_f00228.jpg,trigger,True,478
data\frames\trigger\WIN_20260322_11_24_55_Pro_f00232.jpg,trigger,True,478
data\frames\trigger\WIN_20260322_11_24_55_Pro_f00236.jpg,trigger,True,478
data\frames\trigger\WIN_20260322_11_24_55_Pro_f00240.jpg,trigger,True,478
data\frames\trigger\WIN_20260322_11_25_06_Pro_f00000.jpg,trigger,True,478
data\frames\trigger\WIN_20260322_11_25_06_Pro_f00004.jpg,trigger,True,478
data\frames\trigger\WIN_20260322_11_25_06_Pro_f00008.jpg,trigger,True,478
data\frames\trigger\WIN_20260322_11_25_06_Pro_f00012.jpg,trigger,True,478
data\frames\trigger\WIN_20260322_11_25_06_Pro_f00016.jpg,trigger,True,478
data\frames\trigger\WIN_20260322_11_25_06_Pro_f00020.jpg,trigger,True,478
data\frames\trigger\WIN_20260322_11_25_06_Pro_f00024.jpg,trigger,True,478
data\frames\trigger\WIN_20260322_11_25_06_Pro_f00028.jpg,trigger,True,478
data\frames\trigger\WIN_20260322_11_25_06_Pro_f00032.jpg,trigger,True,478
data\frames\trigger\WIN_20260322_11_25_06_Pro_f00036.jpg,trigger,True,478
data\frames\trigger\WIN_20260322_11_25_06_Pro_f00040.jpg,trigger,True,478
data\frames\trigger\WIN_20260322_11_25_06_Pro_f00044.jpg,trigger,True,478
data\frames\trigger\WIN_20260322_11_25_06_Pro_f00048.jpg,trigger,True,478
data\frames\trigger\WIN_20260322_11_25_06_Pro_f00052.jpg,trigger,True,478
data\frames\trigger\WIN_20260322_11_25_06_Pro_f00056.jpg,trigger,True,478
data\frames\trigger\WIN_20260322_11_25_06_Pro_f00060.jpg,trigger,True,478
data\frames\trigger\WIN_20260322_11_25_06_Pro_f00064.jpg,trigger,True,478
data\frames\trigger\WIN_20260322_11_25_06_Pro_f00068.jpg,trigger,False,0
data\frames\trigger\WIN_20260322_11_25_06_Pro_f00072.jpg,trigger,False,0
data\frames\trigger\WIN_20260322_11_25_06_Pro_f00076.jpg,trigger,False,0
data\frames\trigger\WIN_20260322_11_25_06_Pro_f00080.jpg,trigger,False,0
data\frames\trigger\WIN_20260322_11_25_06_Pro_f00084.jpg,trigger,False,0
data\frames\trigger\WIN_20260322_11_25_06_Pro_f00088.jpg,trigger,False,0
data\frames\trigger\WIN_20260322_11_25_06_Pro_f00092.jpg,trigger,False,0
data\frames\trigger\WIN_20260322_11_25_06_Pro_f00096.jpg,trigger,False,0
data\frames\trigger\WIN_20260322_11_25_06_Pro_f00100.jpg,trigger,False,0
data\frames\trigger\WIN_20260322_11_25_06_Pro_f00104.jpg,trigger,False,0
data\frames\trigger\WIN_20260322_11_25_06_Pro_f00108.jpg,trigger,False,0
data\frames\trigger\WIN_20260322_11_25_06_Pro_f00112.jpg,trigger,False,0
data\frames\trigger\WIN_20260322_11_25_06_Pro_f00116.jpg,trigger,False,0
data\frames\trigger\WIN_20260322_11_25_06_Pro_f00120.jpg,trigger,False,0
data\frames\trigger\WIN_20260322_11_25_06_Pro_f00124.jpg,trigger,False,0
data\frames\trigger\WIN_20260322_11_25_06_Pro_f00128.jpg,trigger,False,0
data\frames\trigger\WIN_20260322_11_25_06_Pro_f00132.jpg,trigger,False,0
data\frames\trigger\WIN_20260322_11_25_06_Pro_f00136.jpg,trigger,False,0
data\frames\trigger\WIN_20260322_11_25_06_Pro_f00140.jpg,trigger,False,0
data\frames\trigger\WIN_20260322_11_25_06_Pro_f00144.jpg,trigger,False,0
data\frames\trigger\WIN_20260322_11_25_06_Pro_f00148.jpg,trigger,False,0
data\frames\trigger\WIN_20260322_11_25_06_Pro_f00152.jpg,trigger,False,0
data\frames\trigger\WIN_20260322_11_25_06_Pro_f00156.jpg,trigger,False,0
data\frames\trigger\WIN_20260322_11_25_06_Pro_f00160.jpg,trigger,False,0
data\frames\trigger\WIN_20260322_11_25_06_Pro_f00164.jpg,trigger,False,0
data\frames\trigger\WIN_20260322_11_25_06_Pro_f00168.jpg,trigger,False,0
data\frames\trigger\WIN_20260322_11_25_06_Pro_f00172.jpg,trigger,False,0
data\frames\trigger\WIN_20260322_11_25_06_Pro_f00176.jpg,trigger,False,0
data\frames\trigger\WIN_20260322_11_25_06_Pro_f00180.jpg,trigger,False,0
data\frames\trigger\WIN_20260322_11_25_06_Pro_f00184.jpg,trigger,False,0
data\frames\trigger\WIN_20260322_11_25_06_Pro_f00188.jpg,trigger,False,0
data\frames\trigger\WIN_20260322_11_25_06_Pro_f00192.jpg,trigger,False,0
data\frames\trigger\WIN_20260322_11_25_06_Pro_f00196.jpg,trigger,False,0
data\frames\trigger\WIN_20260322_11_25_06_Pro_f00200.jpg,trigger,True,478
data\frames\trigger\WIN_20260322_11_25_06_Pro_f00204.jpg,trigger,True,478
data\frames\trigger\WIN_20260322_11_25_06_Pro_f00208.jpg,trigger,True,478
data\frames\trigger\WIN_20260322_11_25_06_Pro_f00212.jpg,trigger,True,478
data\frames\trigger\WIN_20260322_11_25_06_Pro_f00216.jpg,trigger,True,478
data\frames\trigger\WIN_20260322_11_25_16_Pro_f00000.jpg,trigger,True,478
data\frames\trigger\WIN_20260322_11_25_16_Pro_f00004.jpg,trigger,True,478
data\frames\trigger\WIN_20260322_11_25_16_Pro_f00008.jpg,trigger,True,478
data\frames\trigger\WIN_20260322_11_25_16_Pro_f00012.jpg,trigger,True,478
data\frames\trigger\WIN_20260322_11_25_16_Pro_f00016.jpg,trigger,True,478
data\frames\trigger\WIN_20260322_11_25_16_Pro_f00020.jpg,trigger,True,478
data\frames\trigger\WIN_20260322_11_25_16_Pro_f00024.jpg,trigger,True,478
data\frames\trigger\WIN_20260322_11_25_16_Pro_f00028.jpg,trigger,True,478
data\frames\trigger\WIN_20260322_11_25_16_Pro_f00032.jpg,trigger,True,478
data\frames\trigger\WIN_20260322_11_25_16_Pro_f00036.jpg,trigger,True,478
data\frames\trigger\WIN_20260322_11_25_16_Pro_f00040.jpg,trigger,True,478
data\frames\trigger\WIN_20260322_11_25_16_Pro_f00044.jpg,trigger,True,478
data\frames\trigger\WIN_20260322_11_25_16_Pro_f00048.jpg,trigger,True,478
data\frames\trigger\WIN_20260322_11_25_16_Pro_f00052.jpg,trigger,True,478
data\frames\trigger\WIN_20260322_11_25_16_Pro_f00056.jpg,trigger,True,478
data\frames\trigger\WIN_20260322_11_25_16_Pro_f00060.jpg,trigger,True,478
data\frames\trigger\WIN_20260322_11_25_16_Pro_f00064.jpg,trigger,True,478
data\frames\trigger\WIN_20260322_11_25_16_Pro_f00068.jpg,trigger,True,478
data\frames\trigger\WIN_20260322_11_25_16_Pro_f00072.jpg,trigger,True,478
data\frames\trigger\WIN_20260322_11_25_16_Pro_f00076.jpg,trigger,True,478
data\frames\trigger\WIN_20260322_11_25_16_Pro_f00080.jpg,trigger,True,478
data\frames\trigger\WIN_20260322_11_25_16_Pro_f00084.jpg,trigger,True,478
data\frames\trigger\WIN_20260322_11_25_16_Pro_f00088.jpg,trigger,True,478
data\frames\trigger\WIN_20260322_11_25_16_Pro_f00092.jpg,trigger,True,478
data\frames\trigger\WIN_20260322_11_25_16_Pro_f00096.jpg,trigger,True,478
data\frames\trigger\WIN_20260322_11_25_16_Pro_f00100.jpg,trigger,True,478
data\frames\trigger\WIN_20260322_11_25_16_Pro_f00104.jpg,trigger,True,478
data\frames\trigger\WIN_20260322_11_25_16_Pro_f00108.jpg,trigger,True,478
data\frames\trigger\WIN_20260322_11_25_16_Pro_f00112.jpg,trigger,True,478
data\frames\trigger\WIN_20260322_11_25_16_Pro_f00116.jpg,trigger,True,478
data\frames\trigger\WIN_20260322_11_25_16_Pro_f00120.jpg,trigger,True,478
data\frames\trigger\WIN_20260322_11_25_16_Pro_f00124.jpg,trigger,True,478
data\frames\trigger\WIN_20260322_11_25_16_Pro_f00128.jpg,trigger,True,478
data\frames\trigger\WIN_20260322_11_25_16_Pro_f00132.jpg,trigger,True,478
data\frames\trigger\WIN_20260322_11_25_16_Pro_f00136.jpg,trigger,True,478
data\frames\trigger\WIN_20260322_11_25_16_Pro_f00140.jpg,trigger,True,478
data\frames\trigger\WIN_20260322_11_25_16_Pro_f00144.jpg,trigger,True,478
data\frames\trigger\WIN_20260322_11_25_16_Pro_f00148.jpg,trigger,True,478
data\frames\trigger\WIN_20260322_11_25_16_Pro_f00152.jpg,trigger,True,478
data\frames\trigger\WIN_20260322_11_25_16_Pro_f00156.jpg,trigger,True,478
data\frames\trigger\WIN_20260322_11_25_16_Pro_f00160.jpg,trigger,True,478
data\frames\trigger\WIN_20260322_11_25_16_Pro_f00164.jpg,trigger,True,478
data\frames\trigger\WIN_20260322_11_25_16_Pro_f00168.jpg,trigger,True,478
data\frames\trigger\WIN_20260322_11_25_16_Pro_f00172.jpg,trigger,True,478
data\frames\trigger\WIN_20260322_11_25_16_Pro_f00176.jpg,trigger,True,478
data\frames\trigger\WIN_20260322_11_25_16_Pro_f00180.jpg,trigger,True,478
data\frames\trigger\WIN_20260322_11_25_16_Pro_f00184.jpg,trigger,True,478
data\frames\trigger\WIN_20260322_11_25_16_Pro_f00188.jpg,trigger,True,478
data\frames\trigger\WIN_20260322_11_25_25_Pro_f00000.jpg,trigger,True,478
data\frames\trigger\WIN_20260322_11_25_25_Pro_f00004.jpg,trigger,True,478
data\frames\trigger\WIN_20260322_11_25_25_Pro_f00008.jpg,trigger,True,478
data\frames\trigger\WIN_20260322_11_25_25_Pro_f00012.jpg,trigger,True,478
data\frames\trigger\WIN_20260322_11_25_25_Pro_f00016.jpg,trigger,True,478
data\frames\trigger\WIN_20260322_11_25_25_Pro_f00020.jpg,trigger,True,478
data\frames\trigger\WIN_20260322_11_25_25_Pro_f00024.jpg,trigger,True,478
data\frames\trigger\WIN_20260322_11_25_25_Pro_f00028.jpg,trigger,True,478
data\frames\trigger\WIN_20260322_11_25_25_Pro_f00032.jpg,trigger,True,478
data\frames\trigger\WIN_20260322_11_25_25_Pro_f00036.jpg,trigger,True,478
data\frames\trigger\WIN_20260322_11_25_25_Pro_f00040.jpg,trigger,True,478
data\frames\trigger\WIN_20260322_11_25_25_Pro_f00044.jpg,trigger,True,478
data\frames\trigger\WIN_20260322_11_25_25_Pro_f00048.jpg,trigger,True,478
data\frames\trigger\WIN_20260322_11_25_25_Pro_f00052.jpg,trigger,True,478
data\frames\trigger\WIN_20260322_11_25_25_Pro_f00056.jpg,trigger,True,478
data\frames\trigger\WIN_20260322_11_25_25_Pro_f00060.jpg,trigger,True,478
data\frames\trigger\WIN_20260322_11_25_25_Pro_f00064.jpg,trigger,True,478
data\frames\trigger\WIN_20260322_11_25_25_Pro_f00068.jpg,trigger,True,478
data\frames\trigger\WIN_20260322_11_25_25_Pro_f00072.jpg,trigger,True,478
data\frames\trigger\WIN_20260322_11_25_25_Pro_f00076.jpg,trigger,True,478
data\frames\trigger\WIN_20260322_11_25_25_Pro_f00080.jpg,trigger,True,478
data\frames\trigger\WIN_20260322_11_25_25_Pro_f00084.jpg,trigger,True,478
data\frames\trigger\WIN_20260322_11_25_25_Pro_f00088.jpg,trigger,True,478
data\frames\trigger\WIN_20260322_11_25_25_Pro_f00092.jpg,trigger,True,478
data\frames\trigger\WIN_20260322_11_25_25_Pro_f00096.jpg,trigger,True,478
data\frames\trigger\WIN_20260322_11_25_25_Pro_f00100.jpg,trigger,True,478
data\frames\trigger\WIN_20260322_11_25_25_Pro_f00104.jpg,trigger,True,478
data\frames\trigger\WIN_20260322_11_25_25_Pro_f00108.jpg,trigger,True,478
data\frames\trigger\WIN_20260322_11_25_25_Pro_f00112.jpg,trigger,True,478
data\frames\trigger\WIN_20260322_11_25_25_Pro_f00116.jpg,trigger,True,478
data\frames\trigger\WIN_20260322_11_25_25_Pro_f00120.jpg,trigger,True,478
data\frames\trigger\WIN_20260322_11_25_25_Pro_f00124.jpg,trigger,True,478
data\frames\trigger\WIN_20260322_11_25_25_Pro_f00128.jpg,trigger,False,0
data\frames\trigger\WIN_20260322_11_25_25_Pro_f00132.jpg,trigger,False,0
data\frames\trigger\WIN_20260322_11_25_25_Pro_f00136.jpg,trigger,False,0
data\frames\trigger\WIN_20260322_11_25_25_Pro_f00140.jpg,trigger,False,0
data\frames\trigger\WIN_20260322_11_25_25_Pro_f00144.jpg,trigger,False,0
data\frames\trigger\WIN_20260322_11_25_25_Pro_f00148.jpg,trigger,False,0
data\frames\trigger\WIN_20260322_11_25_25_Pro_f00152.jpg,trigger,False,0
data\frames\trigger\WIN_20260322_11_25_25_Pro_f00156.jpg,trigger,False,0
data\frames\trigger\WIN_20260322_11_25_25_Pro_f00160.jpg,trigger,False,0
data\frames\trigger\WIN_20260322_11_25_25_Pro_f00164.jpg,trigger,False,0
data\frames\trigger\WIN_20260322_11_25_25_Pro_f00168.jpg,trigger,False,0
data\frames\trigger\WIN_20260322_11_25_25_Pro_f00172.jpg,trigger,False,0
data\frames\trigger\WIN_20260322_11_25_25_Pro_f00176.jpg,trigger,False,0
data\frames\trigger\WIN_20260322_11_25_25_Pro_f00180.jpg,trigger,False,0
data\frames\trigger\WIN_20260322_11_25_25_Pro_f00184.jpg,trigger,False,0
data\frames\trigger\WIN_20260322_11_25_25_Pro_f00188.jpg,trigger,False,0
data\frames\trigger\WIN_20260322_11_25_25_Pro_f00192.jpg,trigger,False,0
data\frames\trigger\WIN_20260322_11_25_25_Pro_f00196.jpg,trigger,False,0
data\frames\trigger\WIN_20260322_11_25_25_Pro_f00200.jpg,trigger,False,0
data\frames\trigger\WIN_20260322_11_25_25_Pro_f00204.jpg,trigger,False,0
data\frames\trigger\WIN_20260322_11_25_25_Pro_f00208.jpg,trigger,False,0
data\frames\trigger\WIN_20260322_11_25_25_Pro_f00212.jpg,trigger,False,0
data\frames\trigger\WIN_20260322_11_25_25_Pro_f00216.jpg,trigger,False,0
data\frames\trigger\WIN_20260322_11_25_25_Pro_f00220.jpg,trigger,False,0
data\frames\trigger\WIN_20260322_11_25_25_Pro_f00224.jpg,trigger,False,0
data\frames\trigger\WIN_20260322_11_25_25_Pro_f00228.jpg,trigger,False,0
data\frames\trigger\WIN_20260322_11_25_25_Pro_f00232.jpg,trigger,False,0
data\frames\trigger\WIN_20260322_11_25_25_Pro_f00236.jpg,trigger,False,0
data\frames\trigger\WIN_20260322_11_25_25_Pro_f00240.jpg,trigger,False,0
data\frames\trigger\WIN_20260322_11_25_25_Pro_f00244.jpg,trigger,False,0
data\frames\trigger\WIN_20260322_11_25_25_Pro_f00248.jpg,trigger,False,0
data\frames\trigger\WIN_20260322_11_25_25_Pro_f00252.jpg,trigger,False,0
data\frames\trigger\WIN_20260322_11_25_25_Pro_f00256.jpg,trigger,False,0
data\frames\trigger\WIN_20260322_11_25_25_Pro_f00260.jpg,trigger,False,0
data\frames\trigger\WIN_20260322_11_25_25_Pro_f00264.jpg,trigger,False,0
data\frames\trigger\WIN_20260322_11_25_25_Pro_f00268.jpg,trigger,False,0
data\frames\trigger\WIN_20260322_11_25_40_Pro_f00000.jpg,trigger,False,0
data\frames\trigger\WIN_20260322_11_25_40_Pro_f00004.jpg,trigger,False,0
data\frames\trigger\WIN_20260322_11_25_40_Pro_f00008.jpg,trigger,True,478
data\frames\trigger\WIN_20260322_11_25_40_Pro_f00012.jpg,trigger,True,478
data\frames\trigger\WIN_20260322_11_25_40_Pro_f00016.jpg,trigger,True,478
data\frames\trigger\WIN_20260322_11_25_40_Pro_f00020.jpg,trigger,True,478
data\frames\trigger\WIN_20260322_11_25_40_Pro_f00024.jpg,trigger,True,478
data\frames\trigger\WIN_20260322_11_25_40_Pro_f00028.jpg,trigger,True,478
data\frames\trigger\WIN_20260322_11_25_40_Pro_f00032.jpg,trigger,True,478
data\frames\trigger\WIN_20260322_11_25_40_Pro_f00036.jpg,trigger,True,478
data\frames\trigger\WIN_20260322_11_25_40_Pro_f00040.jpg,trigger,True,478
data\frames\trigger\WIN_20260322_11_25_40_Pro_f00044.jpg,trigger,True,478
data\frames\trigger\WIN_20260322_11_25_40_Pro_f00048.jpg,trigger,True,478
data\frames\trigger\WIN_20260322_11_25_40_Pro_f00052.jpg,trigger,True,478
data\frames\trigger\WIN_20260322_11_25_40_Pro_f00056.jpg,trigger,True,478
data\frames\trigger\WIN_20260322_11_25_40_Pro_f00060.jpg,trigger,True,478
data\frames\trigger\WIN_20260322_11_25_40_Pro_f00064.jpg,trigger,True,478
data\frames\trigger\WIN_20260322_11_25_40_Pro_f00068.jpg,trigger,True,478
data\frames\trigger\WIN_20260322_11_25_40_Pro_f00072.jpg,trigger,True,478
data\frames\trigger\WIN_20260322_11_25_40_Pro_f00076.jpg,trigger,True,478
data\frames\trigger\WIN_20260322_11_25_40_Pro_f00080.jpg,trigger,True,478
data\frames\trigger\WIN_20260322_11_25_40_Pro_f00084.jpg,trigger,True,478
data\frames\trigger\WIN_20260322_11_25_40_Pro_f00088.jpg,trigger,True,478
data\frames\trigger\WIN_20260322_11_25_40_Pro_f00092.jpg,trigger,True,478
data\frames\trigger\WIN_20260322_11_25_40_Pro_f00096.jpg,trigger,True,478
data\frames\trigger\WIN_20260322_11_25_40_Pro_f00100.jpg,trigger,True,478
data\frames\trigger\WIN_20260322_11_25_40_Pro_f00104.jpg,trigger,True,478
data\frames\trigger\WIN_20260322_11_25_40_Pro_f00108.jpg,trigger,True,478
data\frames\trigger\WIN_20260322_11_25_40_Pro_f00112.jpg,trigger,True,478
data\frames\trigger\WIN_20260322_11_25_40_Pro_f00116.jpg,trigger,True,478
data\frames\trigger\WIN_20260322_11_25_40_Pro_f00120.jpg,trigger,True,478
data\frames\trigger\WIN_20260322_11_25_40_Pro_f00124.jpg,trigger,True,478
data\frames\trigger\WIN_20260322_11_25_40_Pro_f00128.jpg,trigger,True,478
data\frames\trigger\WIN_20260322_11_25_40_Pro_f00132.jpg,trigger,True,478
data\frames\trigger\WIN_20260322_11_25_40_Pro_f00136.jpg,trigger,True,478
data\frames\trigger\WIN_20260322_11_25_40_Pro_f00140.jpg,trigger,True,478
data\frames\trigger\WIN_20260322_11_25_40_Pro_f00144.jpg,trigger,True,478
data\frames\trigger\WIN_20260322_11_25_40_Pro_f00148.jpg,trigger,True,478
data\frames\trigger\WIN_20260322_11_25_40_Pro_f00152.jpg,trigger,True,478
data\frames\trigger\WIN_20260322_11_25_40_Pro_f00156.jpg,trigger,True,478
data\frames\trigger\WIN_20260322_11_25_40_Pro_f00160.jpg,trigger,True,478
data\frames\trigger\WIN_20260322_11_25_40_Pro_f00164.jpg,trigger,True,478
data\frames\trigger\WIN_20260322_11_25_40_Pro_f00168.jpg,trigger,True,478
data\frames\trigger\WIN_20260322_11_25_40_Pro_f00172.jpg,trigger,True,478
data\frames\trigger\WIN_20260322_11_25_40_Pro_f00176.jpg,trigger,True,478
data\frames\trigger\WIN_20260322_11_25_40_Pro_f00180.jpg,trigger,True,478
data\frames\trigger\WIN_20260322_11_25_40_Pro_f00184.jpg,trigger,True,478
data\frames\trigger\WIN_20260322_11_25_40_Pro_f00188.jpg,trigger,True,478
data\frames\trigger\WIN_20260322_11_25_40_Pro_f00192.jpg,trigger,True,478
data\frames\trigger\WIN_20260322_11_25_40_Pro_f00196.jpg,trigger,True,478
data\frames\trigger\WIN_20260322_11_25_40_Pro_f00200.jpg,trigger,True,478
data\frames\trigger\WIN_20260322_11_25_40_Pro_f00204.jpg,trigger,True,478
data\frames\trigger\WIN_20260322_11_25_40_Pro_f00208.jpg,trigger,True,478
data\frames\trigger\WIN_20260322_11_25_40_Pro_f00212.jpg,trigger,True,478
data\frames\trigger\WIN_20260322_11_25_40_Pro_f00216.jpg,trigger,True,478
data\frames\trigger\WIN_20260322_11_25_40_Pro_f00220.jpg,trigger,True,478
data\frames\trigger\WIN_20260322_11_25_40_Pro_f00224.jpg,trigger,True,478
data\frames\trigger\WIN_20260322_11_25_40_Pro_f00228.jpg,trigger,True,478
data\frames\trigger\WIN_20260322_11_25_40_Pro_f00232.jpg,trigger,True,478
data\frames\trigger\WIN_20260322_11_25_40_Pro_f00236.jpg,trigger,True,478
data\frames\trigger\WIN_20260322_11_25_40_Pro_f00240.jpg,trigger,True,478
data\frames\trigger\WIN_20260322_11_25_40_Pro_f00244.jpg,trigger,True,478
data\frames\trigger\WIN_20260322_11_25_40_Pro_f00248.jpg,trigger,True,478
data\frames\trigger\WIN_20260322_11_25_51_Pro_f00000.jpg,trigger,True,478
data\frames\trigger\WIN_20260322_11_25_51_Pro_f00004.jpg,trigger,True,478
data\frames\trigger\WIN_20260322_11_25_51_Pro_f00008.jpg,trigger,True,478
data\frames\trigger\WIN_20260322_11_25_51_Pro_f00012.jpg,trigger,True,478
data\frames\trigger\WIN_20260322_11_25_51_Pro_f00016.jpg,trigger,True,478
data\frames\trigger\WIN_20260322_11_25_51_Pro_f00020.jpg,trigger,True,478
data\frames\trigger\WIN_20260322_11_25_51_Pro_f00024.jpg,trigger,True,478
data\frames\trigger\WIN_20260322_11_25_51_Pro_f00028.jpg,trigger,True,478
data\frames\trigger\WIN_20260322_11_25_51_Pro_f00032.jpg,trigger,True,478
data\frames\trigger\WIN_20260322_11_25_51_Pro_f00036.jpg,trigger,True,478
data\frames\trigger\WIN_20260322_11_25_51_Pro_f00040.jpg,trigger,True,478
data\frames\trigger\WIN_20260322_11_25_51_Pro_f00044.jpg,trigger,True,478
data\frames\trigger\WIN_20260322_11_25_51_Pro_f00048.jpg,trigger,True,478
data\frames\trigger\WIN_20260322_11_25_51_Pro_f00052.jpg,trigger,True,478
data\frames\trigger\WIN_20260322_11_25_51_Pro_f00056.jpg,trigger,True,478
data\frames\trigger\WIN_20260322_11_25_51_Pro_f00060.jpg,trigger,True,478
data\frames\trigger\WIN_20260322_11_25_51_Pro_f00064.jpg,trigger,True,478
data\frames\trigger\WIN_20260322_11_25_51_Pro_f00068.jpg,trigger,False,0
data\frames\trigger\WIN_20260322_11_25_51_Pro_f00072.jpg,trigger,False,0
data\frames\trigger\WIN_20260322_11_25_51_Pro_f00076.jpg,trigger,False,0
data\frames\trigger\WIN_20260322_11_25_51_Pro_f00080.jpg,trigger,False,0
data\frames\trigger\WIN_20260322_11_25_51_Pro_f00084.jpg,trigger,False,0
data\frames\trigger\WIN_20260322_11_25_51_Pro_f00088.jpg,trigger,False,0
data\frames\trigger\WIN_20260322_11_25_51_Pro_f00092.jpg,trigger,False,0
data\frames\trigger\WIN_20260322_11_25_51_Pro_f00096.jpg,trigger,False,0
data\frames\trigger\WIN_20260322_11_25_51_Pro_f00100.jpg,trigger,False,0
data\frames\trigger\WIN_20260322_11_25_51_Pro_f00104.jpg,trigger,False,0
data\frames\trigger\WIN_20260322_11_25_51_Pro_f00108.jpg,trigger,False,0
data\frames\trigger\WIN_20260322_11_25_51_Pro_f00112.jpg,trigger,False,0
data\frames\trigger\WIN_20260322_11_25_51_Pro_f00116.jpg,trigger,False,0
data\frames\trigger\WIN_20260322_11_25_51_Pro_f00120.jpg,trigger,False,0
data\frames\trigger\WIN_20260322_11_25_51_Pro_f00124.jpg,trigger,False,0
data\frames\trigger\WIN_20260322_11_25_51_Pro_f00128.jpg,trigger,False,0
data\frames\trigger\WIN_20260322_11_25_51_Pro_f00132.jpg,trigger,False,0
data\frames\trigger\WIN_20260322_11_25_51_Pro_f00136.jpg,trigger,False,0
data\frames\trigger\WIN_20260322_11_25_51_Pro_f00140.jpg,trigger,False,0
data\frames\trigger\WIN_20260322_11_25_51_Pro_f00144.jpg,trigger,False,0
data\frames\trigger\WIN_20260322_11_25_51_Pro_f00148.jpg,trigger,False,0
data\frames\trigger\WIN_20260322_11_25_51_Pro_f00152.jpg,trigger,False,0
data\frames\trigger\WIN_20260322_11_25_51_Pro_f00156.jpg,trigger,False,0
data\frames\trigger\WIN_20260322_11_25_51_Pro_f00160.jpg,trigger,False,0
data\frames\trigger\WIN_20260322_11_25_51_Pro_f00164.jpg,trigger,False,0
data\frames\trigger\WIN_20260322_11_25_51_Pro_f00168.jpg,trigger,False,0
data\frames\trigger\WIN_20260322_11_25_51_Pro_f00172.jpg,trigger,False,0
data\frames\trigger\WIN_20260322_11_25_51_Pro_f00176.jpg,trigger,False,0
data\frames\trigger\WIN_20260322_11_25_51_Pro_f00180.jpg,trigger,False,0
data\frames\trigger\WIN_20260322_11_25_51_Pro_f00184.jpg,trigger,False,0
data\frames\trigger\WIN_20260322_11_25_51_Pro_f00188.jpg,trigger,False,0
data\frames\trigger\WIN_20260322_11_25_51_Pro_f00192.jpg,trigger,False,0
data\frames\trigger\WIN_20260322_11_25_51_Pro_f00196.jpg,trigger,False,0
data\frames\trigger\WIN_20260322_11_25_51_Pro_f00200.jpg,trigger,False,0
data\frames\trigger\WIN_20260322_11_25_51_Pro_f00204.jpg,trigger,False,0
data\frames\trigger\WIN_20260322_11_25_51_Pro_f00208.jpg,trigger,False,0
data\frames\trigger\WIN_20260322_11_26_03_Pro_f00000.jpg,trigger,False,0
data\frames\trigger\WIN_20260322_11_26_03_Pro_f00004.jpg,trigger,False,0
data\frames\trigger\WIN_20260322_11_26_03_Pro_f00008.jpg,trigger,True,478
data\frames\trigger\WIN_20260322_11_26_03_Pro_f00012.jpg,trigger,True,478
data\frames\trigger\WIN_20260322_11_26_03_Pro_f00016.jpg,trigger,True,478
data\frames\trigger\WIN_20260322_11_26_03_Pro_f00020.jpg,trigger,True,478
data\frames\trigger\WIN_20260322_11_26_03_Pro_f00024.jpg,trigger,True,478
data\frames\trigger\WIN_20260322_11_26_03_Pro_f00028.jpg,trigger,True,478
data\frames\trigger\WIN_20260322_11_26_03_Pro_f00032.jpg,trigger,True,478
data\frames\trigger\WIN_20260322_11_26_03_Pro_f00036.jpg,trigger,True,478
data\frames\trigger\WIN_20260322_11_26_03_Pro_f00040.jpg,trigger,True,478
data\frames\trigger\WIN_20260322_11_26_03_Pro_f00044.jpg,trigger,True,478
data\frames\trigger\WIN_20260322_11_26_03_Pro_f00048.jpg,trigger,True,478
data\frames\trigger\WIN_20260322_11_26_03_Pro_f00052.jpg,trigger,True,478
data\frames\trigger\WIN_20260322_11_26_03_Pro_f00056.jpg,trigger,True,478
data\frames\trigger\WIN_20260322_11_26_03_Pro_f00060.jpg,trigger,True,478
data\frames\trigger\WIN_20260322_11_26_03_Pro_f00064.jpg,trigger,True,478
data\frames\trigger\WIN_20260322_11_26_03_Pro_f00068.jpg,trigger,True,478
data\frames\trigger\WIN_20260322_11_26_03_Pro_f00072.jpg,trigger,True,478
data\frames\trigger\WIN_20260322_11_26_03_Pro_f00076.jpg,trigger,True,478
data\frames\trigger\WIN_20260322_11_26_03_Pro_f00080.jpg,trigger,True,478
data\frames\trigger\WIN_20260322_11_26_03_Pro_f00084.jpg,trigger,True,478
data\frames\trigger\WIN_20260322_11_26_03_Pro_f00088.jpg,trigger,True,478
data\frames\trigger\WIN_20260322_11_26_03_Pro_f00092.jpg,trigger,True,478
data\frames\trigger\WIN_20260322_11_26_03_Pro_f00096.jpg,trigger,True,478
data\frames\trigger\WIN_20260322_11_26_03_Pro_f00100.jpg,trigger,True,478
data\frames\trigger\WIN_20260322_11_26_03_Pro_f00104.jpg,trigger,True,478
data\frames\trigger\WIN_20260322_11_26_03_Pro_f00108.jpg,trigger,True,478
data\frames\trigger\WIN_20260322_11_26_03_Pro_f00112.jpg,trigger,True,478
data\frames\trigger\WIN_20260322_11_26_03_Pro_f00116.jpg,trigger,True,478
data\frames\trigger\WIN_20260322_11_26_03_Pro_f00120.jpg,trigger,True,478
data\frames\trigger\WIN_20260322_11_26_03_Pro_f00124.jpg,trigger,True,478
data\frames\trigger\WIN_20260322_11_26_03_Pro_f00128.jpg,trigger,True,478
data\frames\trigger\WIN_20260322_11_26_03_Pro_f00132.jpg,trigger,True,478
data\frames\trigger\WIN_20260322_11_26_03_Pro_f00136.jpg,trigger,True,478
data\frames\trigger\WIN_20260322_11_26_03_Pro_f00140.jpg,trigger,True,478
data\frames\trigger\WIN_20260322_11_26_03_Pro_f00144.jpg,trigger,True,478
data\frames\trigger\WIN_20260322_11_26_03_Pro_f00148.jpg,trigger,True,478
data\frames\trigger\WIN_20260322_11_26_03_Pro_f00152.jpg,trigger,True,478
data\frames\trigger\WIN_20260322_11_26_03_Pro_f00156.jpg,trigger,True,478
data\frames\trigger\WIN_20260322_11_26_03_Pro_f00160.jpg,trigger,True,478
data\frames\trigger\WIN_20260322_11_26_03_Pro_f00164.jpg,trigger,True,478
data\frames\trigger\WIN_20260322_11_26_03_Pro_f00168.jpg,trigger,True,478
data\frames\trigger\WIN_20260322_11_26_03_Pro_f00172.jpg,trigger,True,478
data\frames\trigger\WIN_20260322_11_26_03_Pro_f00176.jpg,trigger,True,478
data\frames\trigger\WIN_20260322_11_26_03_Pro_f00180.jpg,trigger,True,478
data\frames\trigger\WIN_20260322_11_26_03_Pro_f00184.jpg,trigger,True,478
data\frames\trigger\WIN_20260322_11_26_03_Pro_f00188.jpg,trigger,True,478
data\frames\trigger\WIN_20260322_11_26_03_Pro_f00192.jpg,trigger,True,478
data\frames\trigger\WIN_20260322_11_26_03_Pro_f00196.jpg,trigger,True,478
data\frames\trigger\WIN_20260322_11_26_03_Pro_f00200.jpg,trigger,True,478
data\frames\trigger\WIN_20260322_11_26_03_Pro_f00204.jpg,trigger,True,478
data\frames\trigger\WIN_20260322_11_26_03_Pro_f00208.jpg,trigger,True,478
data\frames\trigger\WIN_20260322_11_26_03_Pro_f00212.jpg,trigger,True,478
data\frames\trigger\WIN_20260322_11_26_03_Pro_f00216.jpg,trigger,True,478
data\frames\trigger\WIN_20260322_11_26_03_Pro_f00220.jpg,trigger,True,478
data\frames\trigger\WIN_20260322_11_26_03_Pro_f00224.jpg,trigger,True,478
data\frames\trigger\WIN_20260322_11_26_03_Pro_f00228.jpg,trigger,True,478
data\frames\trigger\WIN_20260322_11_26_03_Pro_f00232.jpg,trigger,True,478
data\frames\trigger\WIN_20260322_11_26_03_Pro_f00236.jpg,trigger,True,478
data\frames\trigger\WIN_20260322_11_26_03_Pro_f00240.jpg,trigger,True,478
data\frames\trigger\WIN_20260322_11_26_03_Pro_f00244.jpg,trigger,True,478
data\frames\trigger\WIN_20260322_11_26_03_Pro_f00248.jpg,trigger,True,478
data\frames\trigger\WIN_20260322_11_26_03_Pro_f00252.jpg,trigger,True,478
data\frames\trigger\WIN_20260322_11_26_03_Pro_f00256.jpg,trigger,True,478
data\frames\trigger\WIN_20260322_11_26_03_Pro_f00260.jpg,trigger,True,478
data\frames\trigger\WIN_20260322_11_26_03_Pro_f00264.jpg,trigger,True,478
data\frames\trigger\WIN_20260322_11_26_03_Pro_f00268.jpg,trigger,True,478
data\frames\trigger\WIN_20260322_11_26_03_Pro_f00272.jpg,trigger,True,478
data\frames\trigger\WIN_20260322_11_26_03_Pro_f00276.jpg,trigger,True,478
data\frames\trigger\WIN_20260322_11_26_03_Pro_f00280.jpg,trigger,True,478
data\frames\trigger\WIN_20260322_11_26_03_Pro_f00284.jpg,trigger,True,478
data\frames\trigger\WIN_20260322_11_26_03_Pro_f00288.jpg,trigger,True,478
data\frames\trigger\WIN_20260322_11_26_03_Pro_f00292.jpg,trigger,True,478
data\frames\trigger\WIN_20260322_11_26_03_Pro_f00296.jpg,trigger,True,478
data\frames\trigger\WIN_20260322_11_26_03_Pro_f00300.jpg,trigger,True,478
data\frames\trigger\WIN_20260322_11_26_03_Pro_f00304.jpg,trigger,True,478
data\frames\trigger\WIN_20260322_11_26_03_Pro_f00308.jpg,trigger,True,478
data\frames\trigger\WIN_20260322_11_26_03_Pro_f00312.jpg,trigger,True,478
data\frames\trigger\WIN_20260322_11_26_03_Pro_f00316.jpg,trigger,True,478
data\frames\trigger\WIN_20260322_11_26_03_Pro_f00320.jpg,trigger,True,478
data\frames\trigger\WIN_20260322_11_26_03_Pro_f00324.jpg,trigger,True,478
data\frames\trigger\WIN_20260322_11_26_03_Pro_f00328.jpg,trigger,True,478
data\frames\trigger\WIN_20260322_11_26_03_Pro_f00332.jpg,trigger,True,478
data\frames\trigger\WIN_20260322_11_26_03_Pro_f00336.jpg,trigger,True,478
data\frames\trigger\WIN_20260322_11_26_03_Pro_f00340.jpg,trigger,True,478
data\frames\trigger\WIN_20260322_11_26_03_Pro_f00344.jpg,trigger,True,478
data\frames\trigger\WIN_20260322_11_26_03_Pro_f00348.jpg,trigger,True,478
data\frames\trigger\WIN_20260322_11_26_03_Pro_f00352.jpg,trigger,True,478
data\frames\trigger\WIN_20260322_11_26_03_Pro_f00356.jpg,trigger,True,478
data\frames\trigger\WIN_20260322_11_26_03_Pro_f00360.jpg,trigger,True,478
data\frames\trigger\WIN_20260322_11_26_03_Pro_f00364.jpg,trigger,True,478
data\frames\trigger\WIN_20260322_11_26_03_Pro_f00368.jpg,trigger,True,478
data\frames\trigger\WIN_20260322_11_26_03_Pro_f00372.jpg,trigger,True,478
data\frames\trigger\WIN_20260322_11_26_03_Pro_f00376.jpg,trigger,True,478
data\frames\trigger\WIN_20260322_11_26_03_Pro_f00380.jpg,trigger,True,478
data\frames\trigger\WIN_20260322_11_26_03_Pro_f00384.jpg,trigger,True,478
data\frames\trigger\WIN_20260322_11_26_03_Pro_f00388.jpg,trigger,True,478
data\frames\trigger\WIN_20260322_11_26_03_Pro_f00392.jpg,trigger,True,478
data\frames\trigger\WIN_20260322_11_26_03_Pro_f00396.jpg,trigger,True,478
data\frames\trigger\WIN_20260322_11_26_03_Pro_f00400.jpg,trigger,True,478
data\frames\trigger\WIN_20260322_11_26_03_Pro_f00404.jpg,trigger,True,478
data\frames\trigger\WIN_20260322_11_26_03_Pro_f00408.jpg,trigger,True,478
data\frames\trigger\WIN_20260322_11_26_03_Pro_f00412.jpg,trigger,True,478
data\frames\trigger\WIN_20260322_11_26_52_Pro_f00000.jpg,trigger,True,478
data\frames\trigger\WIN_20260322_11_26_52_Pro_f00004.jpg,trigger,True,478
data\frames\trigger\WIN_20260322_11_26_52_Pro_f00008.jpg,trigger,True,478
data\frames\trigger\WIN_20260322_11_26_52_Pro_f00012.jpg,trigger,True,478
data\frames\trigger\WIN_20260322_11_26_52_Pro_f00016.jpg,trigger,True,478
data\frames\trigger\WIN_20260322_11_26_52_Pro_f00020.jpg,trigger,True,478
data\frames\trigger\WIN_20260322_11_26_52_Pro_f00024.jpg,trigger,True,478
data\frames\trigger\WIN_20260322_11_26_52_Pro_f00028.jpg,trigger,True,478
data\frames\trigger\WIN_20260322_11_26_52_Pro_f00032.jpg,trigger,True,478
data\frames\trigger\WIN_20260322_11_26_52_Pro_f00036.jpg,trigger,True,478
data\frames\trigger\WIN_20260322_11_26_52_Pro_f00040.jpg,trigger,True,478
data\frames\trigger\WIN_20260322_11_26_52_Pro_f00044.jpg,trigger,True,478
data\frames\trigger\WIN_20260322_11_26_52_Pro_f00048.jpg,trigger,True,478
data\frames\trigger\WIN_20260322_11_26_52_Pro_f00052.jpg,trigger,True,478
data\frames\trigger\WIN_20260322_11_26_52_Pro_f00056.jpg,trigger,True,478
data\frames\trigger\WIN_20260322_11_26_52_Pro_f00060.jpg,trigger,True,478
data\frames\trigger\WIN_20260322_11_26_52_Pro_f00064.jpg,trigger,True,478
data\frames\trigger\WIN_20260322_11_26_52_Pro_f00068.jpg,trigger,True,478
data\frames\trigger\WIN_20260322_11_26_52_Pro_f00072.jpg,trigger,True,478
data\frames\trigger\WIN_20260322_11_26_52_Pro_f00076.jpg,trigger,True,478
data\frames\trigger\WIN_20260322_11_26_52_Pro_f00080.jpg,trigger,True,478
data\frames\trigger\WIN_20260322_11_26_52_Pro_f00084.jpg,trigger,True,478
data\frames\trigger\WIN_20260322_11_26_52_Pro_f00088.jpg,trigger,True,478
data\frames\trigger\WIN_20260322_11_26_52_Pro_f00092.jpg,trigger,True,478
data\frames\trigger\WIN_20260322_11_26_52_Pro_f00096.jpg,trigger,True,478
data\frames\trigger\WIN_20260322_11_26_52_Pro_f00100.jpg,trigger,True,478
data\frames\trigger\WIN_20260322_11_26_52_Pro_f00104.jpg,trigger,True,478
data\frames\trigger\WIN_20260322_11_26_52_Pro_f00108.jpg,trigger,True,478
data\frames\trigger\WIN_20260322_11_26_52_Pro_f00112.jpg,trigger,True,478
data\frames\trigger\WIN_20260322_11_26_52_Pro_f00116.jpg,trigger,True,478
data\frames\trigger\WIN_20260322_11_26_52_Pro_f00120.jpg,trigger,True,478
data\frames\trigger\WIN_20260322_11_26_52_Pro_f00124.jpg,trigger,True,478
data\frames\trigger\WIN_20260322_11_26_52_Pro_f00128.jpg,trigger,True,478
data\frames\trigger\WIN_20260322_11_26_52_Pro_f00132.jpg,trigger,True,478
data\frames\trigger\WIN_20260322_11_26_52_Pro_f00136.jpg,trigger,True,478
data\frames\trigger\WIN_20260322_11_26_52_Pro_f00140.jpg,trigger,True,478
data\frames\trigger\WIN_20260322_11_26_52_Pro_f00144.jpg,trigger,True,478
data\frames\trigger\WIN_20260322_11_26_52_Pro_f00148.jpg,trigger,True,478
data\frames\trigger\WIN_20260322_11_26_52_Pro_f00152.jpg,trigger,True,478
data\frames\trigger\WIN_20260322_11_26_52_Pro_f00156.jpg,trigger,True,478
data\frames\trigger\WIN_20260322_11_26_52_Pro_f00160.jpg,trigger,True,478
data\frames\trigger\WIN_20260322_11_26_52_Pro_f00164.jpg,trigger,True,478
data\frames\trigger\WIN_20260322_11_26_52_Pro_f00168.jpg,trigger,True,478
data\frames\trigger\WIN_20260322_11_26_52_Pro_f00172.jpg,trigger,True,478
data\frames\trigger\WIN_20260322_11_26_52_Pro_f00176.jpg,trigger,True,478
data\frames\trigger\WIN_20260322_11_26_52_Pro_f00180.jpg,trigger,True,478
data\frames\trigger\WIN_20260322_11_26_52_Pro_f00184.jpg,trigger,True,478
data\frames\trigger\WIN_20260322_11_26_52_Pro_f00188.jpg,trigger,True,478
data\frames\trigger\WIN_20260322_11_26_52_Pro_f00192.jpg,trigger,True,478
data\frames\trigger\WIN_20260322_11_26_52_Pro_f00196.jpg,trigger,True,478
data\frames\trigger\WIN_20260322_11_26_52_Pro_f00200.jpg,trigger,True,478
data\frames\trigger\WIN_20260322_11_27_02_Pro_f00000.jpg,trigger,True,478
data\frames\trigger\WIN_20260322_11_27_02_Pro_f00004.jpg,trigger,True,478
data\frames\trigger\WIN_20260322_11_27_02_Pro_f00008.jpg,trigger,True,478
data\frames\trigger\WIN_20260322_11_27_02_Pro_f00012.jpg,trigger,True,478
data\frames\trigger\WIN_20260322_11_27_02_Pro_f00016.jpg,trigger,True,478
data\frames\trigger\WIN_20260322_11_27_02_Pro_f00020.jpg,trigger,True,478
data\frames\trigger\WIN_20260322_11_27_02_Pro_f00024.jpg,trigger,True,478
data\frames\trigger\WIN_20260322_11_27_02_Pro_f00028.jpg,trigger,True,478
data\frames\trigger\WIN_20260322_11_27_02_Pro_f00032.jpg,trigger,True,478
data\frames\trigger\WIN_20260322_11_27_02_Pro_f00036.jpg,trigger,True,478
data\frames\trigger\WIN_20260322_11_27_02_Pro_f00040.jpg,trigger,True,478
data\frames\trigger\WIN_20260322_11_27_02_Pro_f00044.jpg,trigger,True,478
data\frames\trigger\WIN_20260322_11_27_02_Pro_f00048.jpg,trigger,True,478
data\frames\trigger\WIN_20260322_11_27_02_Pro_f00052.jpg,trigger,True,478
data\frames\trigger\WIN_20260322_11_27_02_Pro_f00056.jpg,trigger,True,478
data\frames\trigger\WIN_20260322_11_27_02_Pro_f00060.jpg,trigger,True,478
data\frames\trigger\WIN_20260322_11_27_02_Pro_f00064.jpg,trigger,True,478
data\frames\trigger\WIN_20260322_11_27_02_Pro_f00068.jpg,trigger,True,478
data\frames\trigger\WIN_20260322_11_27_02_Pro_f00072.jpg,trigger,True,478
data\frames\trigger\WIN_20260322_11_27_02_Pro_f00076.jpg,trigger,True,478
data\frames\trigger\WIN_20260322_11_27_02_Pro_f00080.jpg,trigger,True,478
data\frames\trigger\WIN_20260322_11_27_02_Pro_f00084.jpg,trigger,True,478
data\frames\trigger\WIN_20260322_11_27_02_Pro_f00088.jpg,trigger,True,478
data\frames\trigger\WIN_20260322_11_27_02_Pro_f00092.jpg,trigger,True,478
data\frames\trigger\WIN_20260322_11_27_02_Pro_f00096.jpg,trigger,True,478
data\frames\trigger\WIN_20260322_11_27_02_Pro_f00100.jpg,trigger,True,478
data\frames\trigger\WIN_20260322_11_27_02_Pro_f00104.jpg,trigger,True,478
data\frames\trigger\WIN_20260322_11_27_02_Pro_f00108.jpg,trigger,True,478
data\frames\trigger\WIN_20260322_11_27_02_Pro_f00112.jpg,trigger,True,478
data\frames\trigger\WIN_20260322_11_27_02_Pro_f00116.jpg,trigger,True,478
data\frames\trigger\WIN_20260322_11_27_02_Pro_f00120.jpg,trigger,True,478
data\frames\trigger\WIN_20260322_11_27_02_Pro_f00124.jpg,trigger,True,478
data\frames\trigger\WIN_20260322_11_27_02_Pro_f00128.jpg,trigger,True,478
data\frames\trigger\WIN_20260322_11_27_02_Pro_f00132.jpg,trigger,True,478
data\frames\trigger\WIN_20260322_11_27_02_Pro_f00136.jpg,trigger,True,478
data\frames\trigger\WIN_20260322_11_27_02_Pro_f00140.jpg,trigger,True,478
data\frames\trigger\WIN_20260322_11_27_02_Pro_f00144.jpg,trigger,True,478
data\frames\trigger\WIN_20260322_11_27_02_Pro_f00148.jpg,trigger,True,478
data\frames\trigger\WIN_20260322_11_27_02_Pro_f00152.jpg,trigger,True,478
data\frames\trigger\WIN_20260322_11_27_02_Pro_f00156.jpg,trigger,True,478
data\frames\trigger\WIN_20260322_11_27_02_Pro_f00160.jpg,trigger,True,478
data\frames\trigger\WIN_20260322_11_27_02_Pro_f00164.jpg,trigger,True,478
data\frames\trigger\WIN_20260322_11_27_02_Pro_f00168.jpg,trigger,True,478
data\frames\trigger\WIN_20260322_11_27_02_Pro_f00172.jpg,trigger,True,478
data\frames\trigger\WIN_20260322_11_27_02_Pro_f00176.jpg,trigger,True,478
data\frames\trigger\WIN_20260322_11_27_02_Pro_f00180.jpg,trigger,True,478
data\frames\trigger\WIN_20260322_11_27_02_Pro_f00184.jpg,trigger,True,478
data\frames\trigger\WIN_20260322_11_27_02_Pro_f00188.jpg,trigger,True,478
data\frames\trigger\WIN_20260322_11_27_02_Pro_f00192.jpg,trigger,True,478
data\frames\trigger\WIN_20260322_11_27_02_Pro_f00196.jpg,trigger,True,478
data\frames\trigger\WIN_20260322_11_27_02_Pro_f00200.jpg,trigger,True,478
data\frames\trigger\WIN_20260322_11_27_02_Pro_f00204.jpg,trigger,True,478
data\frames\trigger\WIN_20260322_11_27_02_Pro_f00208.jpg,trigger,True,478
data\frames\trigger\WIN_20260322_11_27_02_Pro_f00212.jpg,trigger,True,478
data\frames\trigger\WIN_20260322_11_27_02_Pro_f00216.jpg,trigger,True,478
data\frames\trigger\WIN_20260322_11_27_02_Pro_f00220.jpg,trigger,True,478
data\frames\trigger\WIN_20260322_11_27_02_Pro_f00224.jpg,trigger,True,478
data\frames\trigger\WIN_20260322_11_27_02_Pro_f00228.jpg,trigger,True,478
data\frames\trigger\WIN_20260322_11_27_02_Pro_f00232.jpg,trigger,True,478
data\frames\trigger\WIN_20260322_11_27_02_Pro_f00236.jpg,trigger,True,478
data\frames\trigger\WIN_20260322_11_27_02_Pro_f00240.jpg,trigger,True,478
data\frames\trigger\WIN_20260322_11_27_13_Pro_f00000.jpg,trigger,True,478
data\frames\trigger\WIN_20260322_11_27_13_Pro_f00004.jpg,trigger,True,478
data\frames\trigger\WIN_20260322_11_27_13_Pro_f00008.jpg,trigger,True,478
data\frames\trigger\WIN_20260322_11_27_13_Pro_f00012.jpg,trigger,True,478
data\frames\trigger\WIN_20260322_11_27_13_Pro_f00016.jpg,trigger,True,478
data\frames\trigger\WIN_20260322_11_27_13_Pro_f00020.jpg,trigger,True,478
data\frames\trigger\WIN_20260322_11_27_13_Pro_f00024.jpg,trigger,True,478
data\frames\trigger\WIN_20260322_11_27_13_Pro_f00028.jpg,trigger,True,478
data\frames\trigger\WIN_20260322_11_27_13_Pro_f00032.jpg,trigger,True,478
data\frames\trigger\WIN_20260322_11_27_13_Pro_f00036.jpg,trigger,True,478
data\frames\trigger\WIN_20260322_11_27_13_Pro_f00040.jpg,trigger,True,478
data\frames\trigger\WIN_20260322_11_27_13_Pro_f00044.jpg,trigger,True,478
data\frames\trigger\WIN_20260322_11_27_13_Pro_f00048.jpg,trigger,True,478
data\frames\trigger\WIN_20260322_11_27_13_Pro_f00052.jpg,trigger,True,478
data\frames\trigger\WIN_20260322_11_27_13_Pro_f00056.jpg,trigger,True,478
data\frames\trigger\WIN_20260322_11_27_13_Pro_f00060.jpg,trigger,True,478
data\frames\trigger\WIN_20260322_11_27_13_Pro_f00064.jpg,trigger,True,478
data\frames\trigger\WIN_20260322_11_27_13_Pro_f00068.jpg,trigger,True,478
data\frames\trigger\WIN_20260322_11_27_13_Pro_f00072.jpg,trigger,True,478
data\frames\trigger\WIN_20260322_11_27_13_Pro_f00076.jpg,trigger,True,478
data\frames\trigger\WIN_20260322_11_27_13_Pro_f00080.jpg,trigger,True,478
data\frames\trigger\WIN_20260322_11_27_13_Pro_f00084.jpg,trigger,True,478
data\frames\trigger\WIN_20260322_11_27_13_Pro_f00088.jpg,trigger,True,478
data\frames\trigger\WIN_20260322_11_27_13_Pro_f00092.jpg,trigger,True,478
data\frames\trigger\WIN_20260322_11_27_13_Pro_f00096.jpg,trigger,True,478
data\frames\trigger\WIN_20260322_11_27_13_Pro_f00100.jpg,trigger,True,478
data\frames\trigger\WIN_20260322_11_27_13_Pro_f00104.jpg,trigger,True,478
data\frames\trigger\WIN_20260322_11_27_13_Pro_f00108.jpg,trigger,True,478
data\frames\trigger\WIN_20260322_11_27_13_Pro_f00112.jpg,trigger,True,478
data\frames\trigger\WIN_20260322_11_27_13_Pro_f00116.jpg,trigger,True,478
data\frames\trigger\WIN_20260322_11_27_13_Pro_f00120.jpg,trigger,True,478
data\frames\trigger\WIN_20260322_11_27_13_Pro_f00124.jpg,trigger,True,478
data\frames\trigger\WIN_20260322_11_27_13_Pro_f00128.jpg,trigger,True,478
data\frames\trigger\WIN_20260322_11_27_13_Pro_f00132.jpg,trigger,True,478
data\frames\trigger\WIN_20260322_11_27_13_Pro_f00136.jpg,trigger,True,478
data\frames\trigger\WIN_20260322_11_27_13_Pro_f00140.jpg,trigger,True,478
data\frames\trigger\WIN_20260322_11_27_13_Pro_f00144.jpg,trigger,True,478
data\frames\trigger\WIN_20260322_11_27_13_Pro_f00148.jpg,trigger,True,478
data\frames\trigger\WIN_20260322_11_27_13_Pro_f00152.jpg,trigger,True,478
data\frames\trigger\WIN_20260322_11_27_13_Pro_f00156.jpg,trigger,True,478
data\frames\trigger\WIN_20260322_11_27_13_Pro_f00160.jpg,trigger,True,478
data\frames\trigger\WIN_20260322_11_27_13_Pro_f00164.jpg,trigger,True,478
data\frames\trigger\WIN_20260322_11_27_13_Pro_f00168.jpg,trigger,True,478
data\frames\trigger\WIN_20260322_11_27_13_Pro_f00172.jpg,trigger,True,478
data\frames\trigger\WIN_20260322_11_27_13_Pro_f00176.jpg,trigger,True,478
data\frames\trigger\WIN_20260322_11_27_13_Pro_f00180.jpg,trigger,True,478
data\frames\trigger\WIN_20260322_11_27_13_Pro_f00184.jpg,trigger,True,478
data\frames\trigger\WIN_20260322_11_27_13_Pro_f00188.jpg,trigger,True,478
data\frames\trigger\WIN_20260322_11_27_13_Pro_f00192.jpg,trigger,True,478
data\frames\trigger\WIN_20260322_11_27_13_Pro_f00196.jpg,trigger,True,478
data\frames\trigger\WIN_20260322_11_27_13_Pro_f00200.jpg,trigger,True,478
data\frames\trigger\WIN_20260322_11_27_13_Pro_f00204.jpg,trigger,True,478
data\frames\trigger\WIN_20260322_11_27_13_Pro_f00208.jpg,trigger,True,478
data\frames\trigger\WIN_20260322_11_27_13_Pro_f00212.jpg,trigger,True,478
data\frames\trigger\WIN_20260322_11_27_13_Pro_f00216.jpg,trigger,True,478
data\frames\trigger\WIN_20260322_11_27_13_Pro_f00220.jpg,trigger,True,478
data\frames\trigger\WIN_20260322_11_27_13_Pro_f00224.jpg,trigger,True,478
data\frames\trigger\WIN_20260322_11_27_13_Pro_f00228.jpg,trigger,True,478
data\frames\trigger\WIN_20260322_11_27_13_Pro_f00232.jpg,trigger,True,478
data\frames\trigger\WIN_20260322_11_27_13_Pro_f00236.jpg,trigger,True,478
data\frames\trigger\WIN_20260322_11_27_13_Pro_f00240.jpg,trigger,True,478
data\frames\trigger\WIN_20260322_11_27_13_Pro_f00244.jpg,trigger,True,478
data\frames\trigger\WIN_20260322_11_27_13_Pro_f00248.jpg,trigger,True,478
data\frames\trigger\WIN_20260322_11_27_25_Pro_f00000.jpg,trigger,False,0
data\frames\trigger\WIN_20260322_11_27_25_Pro_f00004.jpg,trigger,False,0
data\frames\trigger\WIN_20260322_11_27_25_Pro_f00008.jpg,trigger,False,0
data\frames\trigger\WIN_20260322_11_27_25_Pro_f00012.jpg,trigger,False,0
data\frames\trigger\WIN_20260322_11_27_25_Pro_f00016.jpg,trigger,False,0
data\frames\trigger\WIN_20260322_11_27_25_Pro_f00020.jpg,trigger,False,0
data\frames\trigger\WIN_20260322_11_27_25_Pro_f00024.jpg,trigger,False,0
data\frames\trigger\WIN_20260322_11_27_25_Pro_f00028.jpg,trigger,False,0
data\frames\trigger\WIN_20260322_11_27_25_Pro_f00032.jpg,trigger,False,0
data\frames\trigger\WIN_20260322_11_27_25_Pro_f00036.jpg,trigger,False,0
data\frames\trigger\WIN_20260322_11_27_25_Pro_f00040.jpg,trigger,False,0
data\frames\trigger\WIN_20260322_11_27_25_Pro_f00044.jpg,trigger,False,0
data\frames\trigger\WIN_20260322_11_27_25_Pro_f00048.jpg,trigger,False,0
data\frames\trigger\WIN_20260322_11_27_25_Pro_f00052.jpg,trigger,False,0
data\frames\trigger\WIN_20260322_11_27_25_Pro_f00056.jpg,trigger,False,0
data\frames\trigger\WIN_20260322_11_27_25_Pro_f00060.jpg,trigger,False,0
data\frames\trigger\WIN_20260322_11_27_25_Pro_f00064.jpg,trigger,False,0
data\frames\trigger\WIN_20260322_11_27_25_Pro_f00068.jpg,trigger,False,0
data\frames\trigger\WIN_20260322_11_27_25_Pro_f00072.jpg,trigger,False,0
data\frames\trigger\WIN_20260322_11_27_25_Pro_f00076.jpg,trigger,False,0
data\frames\trigger\WIN_20260322_11_27_25_Pro_f00080.jpg,trigger,False,0
data\frames\trigger\WIN_20260322_11_27_25_Pro_f00084.jpg,trigger,False,0
data\frames\trigger\WIN_20260322_11_27_25_Pro_f00088.jpg,trigger,False,0
data\frames\trigger\WIN_20260322_11_27_25_Pro_f00092.jpg,trigger,False,0
data\frames\trigger\WIN_20260322_11_27_25_Pro_f00096.jpg,trigger,False,0
data\frames\trigger\WIN_20260322_11_27_25_Pro_f00100.jpg,trigger,False,0
data\frames\trigger\WIN_20260322_11_27_25_Pro_f00104.jpg,trigger,False,0
data\frames\trigger\WIN_20260322_11_27_25_Pro_f00108.jpg,trigger,False,0
data\frames\trigger\WIN_20260322_11_27_25_Pro_f00112.jpg,trigger,False,0
data\frames\trigger\WIN_20260322_11_27_25_Pro_f00116.jpg,trigger,False,0
data\frames\trigger\WIN_20260322_11_27_25_Pro_f00120.jpg,trigger,False,0
data\frames\trigger\WIN_20260322_11_27_25_Pro_f00124.jpg,trigger,False,0
data\frames\trigger\WIN_20260322_11_27_25_Pro_f00128.jpg,trigger,False,0
data\frames\trigger\WIN_20260322_11_27_25_Pro_f00132.jpg,trigger,False,0
data\frames\trigger\WIN_20260322_11_27_25_Pro_f00136.jpg,trigger,False,0
data\frames\trigger\WIN_20260322_11_27_25_Pro_f00140.jpg,trigger,False,0
data\frames\trigger\WIN_20260322_11_27_25_Pro_f00144.jpg,trigger,False,0
data\frames\trigger\WIN_20260322_11_27_25_Pro_f00148.jpg,trigger,False,0
data\frames\trigger\WIN_20260322_11_27_25_Pro_f00152.jpg,trigger,False,0
data\frames\trigger\WIN_20260322_11_27_25_Pro_f00156.jpg,trigger,False,0
data\frames\trigger\WIN_20260322_11_27_25_Pro_f00160.jpg,trigger,False,0
data\frames\trigger\WIN_20260322_11_27_25_Pro_f00164.jpg,trigger,False,0
data\frames\trigger\WIN_20260322_11_27_25_Pro_f00168.jpg,trigger,False,0
data\frames\trigger\WIN_20260322_11_27_25_Pro_f00172.jpg,trigger,False,0
data\frames\trigger\WIN_20260322_11_27_25_Pro_f00176.jpg,trigger,False,0
data\frames\trigger\WIN_20260322_11_27_25_Pro_f00180.jpg,trigger,False,0
data\frames\trigger\WIN_20260322_11_27_25_Pro_f00184.jpg,trigger,False,0
data\frames\trigger\WIN_20260322_11_27_25_Pro_f00188.jpg,trigger,False,0
data\frames\trigger\WIN_20260322_11_27_25_Pro_f00192.jpg,trigger,False,0
data\frames\trigger\WIN_20260322_11_27_25_Pro_f00196.jpg,trigger,False,0
data\frames\trigger\WIN_20260322_11_27_25_Pro_f00200.jpg,trigger,False,0
data\frames\trigger\WIN_20260322_11_27_25_Pro_f00204.jpg,trigger,False,0
data\frames\trigger\WIN_20260322_11_27_25_Pro_f00208.jpg,trigger,False,0
data\frames\trigger\WIN_20260322_11_27_25_Pro_f00212.jpg,trigger,False,0
data\frames\trigger\WIN_20260322_11_27_25_Pro_f00216.jpg,trigger,False,0
data\frames\trigger\WIN_20260322_11_27_25_Pro_f00220.jpg,trigger,False,0
data\frames\trigger\WIN_20260322_11_27_25_Pro_f00224.jpg,trigger,False,0
data\frames\trigger\WIN_20260322_11_27_25_Pro_f00228.jpg,trigger,False,0
data\frames\trigger\WIN_20260322_11_27_25_Pro_f00232.jpg,trigger,False,0
data\frames\trigger\WIN_20260322_11_27_25_Pro_f00236.jpg,trigger,False,0
data\frames\trigger\WIN_20260322_11_27_25_Pro_f00240.jpg,trigger,False,0
data\frames\trigger\WIN_20260322_11_27_25_Pro_f00244.jpg,trigger,False,0
data\frames\trigger\WIN_20260322_11_27_41_Pro_f00000.jpg,trigger,True,478
data\frames\trigger\WIN_20260322_11_27_41_Pro_f00004.jpg,trigger,True,478
data\frames\trigger\WIN_20260322_11_27_41_Pro_f00008.jpg,trigger,True,478
data\frames\trigger\WIN_20260322_11_27_41_Pro_f00012.jpg,trigger,True,478
data\frames\trigger\WIN_20260322_11_27_41_Pro_f00016.jpg,trigger,True,478
data\frames\trigger\WIN_20260322_11_27_41_Pro_f00020.jpg,trigger,True,478
data\frames\trigger\WIN_20260322_11_27_41_Pro_f00024.jpg,trigger,True,478
data\frames\trigger\WIN_20260322_11_27_41_Pro_f00028.jpg,trigger,True,478
data\frames\trigger\WIN_20260322_11_27_41_Pro_f00032.jpg,trigger,True,478
data\frames\trigger\WIN_20260322_11_27_41_Pro_f00036.jpg,trigger,True,478
data\frames\trigger\WIN_20260322_11_27_41_Pro_f00040.jpg,trigger,True,478
data\frames\trigger\WIN_20260322_11_27_41_Pro_f00044.jpg,trigger,True,478
data\frames\trigger\WIN_20260322_11_27_41_Pro_f00048.jpg,trigger,True,478
data\frames\trigger\WIN_20260322_11_27_41_Pro_f00052.jpg,trigger,True,478
data\frames\trigger\WIN_20260322_11_27_41_Pro_f00056.jpg,trigger,True,478
data\frames\trigger\WIN_20260322_11_27_41_Pro_f00060.jpg,trigger,True,478
data\frames\trigger\WIN_20260322_11_27_41_Pro_f00064.jpg,trigger,True,478
data\frames\trigger\WIN_20260322_11_27_41_Pro_f00068.jpg,trigger,True,478
data\frames\trigger\WIN_20260322_11_27_41_Pro_f00072.jpg,trigger,True,478
data\frames\trigger\WIN_20260322_11_27_41_Pro_f00076.jpg,trigger,True,478
data\frames\trigger\WIN_20260322_11_27_41_Pro_f00080.jpg,trigger,True,478
data\frames\trigger\WIN_20260322_11_27_41_Pro_f00084.jpg,trigger,True,478
data\frames\trigger\WIN_20260322_11_27_41_Pro_f00088.jpg,trigger,True,478
data\frames\trigger\WIN_20260322_11_27_41_Pro_f00092.jpg,trigger,True,478
data\frames\trigger\WIN_20260322_11_27_41_Pro_f00096.jpg,trigger,True,478
data\frames\trigger\WIN_20260322_11_27_41_Pro_f00100.jpg,trigger,True,478
data\frames\trigger\WIN_20260322_11_27_41_Pro_f00104.jpg,trigger,True,478
data\frames\trigger\WIN_20260322_11_27_41_Pro_f00108.jpg,trigger,True,478
data\frames\trigger\WIN_20260322_11_27_41_Pro_f00112.jpg,trigger,True,478
data\frames\trigger\WIN_20260322_11_27_41_Pro_f00116.jpg,trigger,True,478
data\frames\trigger\WIN_20260322_11_27_41_Pro_f00120.jpg,trigger,True,478
data\frames\trigger\WIN_20260322_11_27_41_Pro_f00124.jpg,trigger,False,0
data\frames\trigger\WIN_20260322_11_27_41_Pro_f00128.jpg,trigger,True,478
data\frames\trigger\WIN_20260322_11_27_41_Pro_f00132.jpg,trigger,True,478
data\frames\trigger\WIN_20260322_11_27_41_Pro_f00136.jpg,trigger,True,478
data\frames\trigger\WIN_20260322_11_27_41_Pro_f00140.jpg,trigger,True,478
data\frames\trigger\WIN_20260322_11_27_41_Pro_f00144.jpg,trigger,True,478
data\frames\trigger\WIN_20260322_11_27_41_Pro_f00148.jpg,trigger,True,478
data\frames\trigger\WIN_20260322_11_27_41_Pro_f00152.jpg,trigger,True,478
data\frames\trigger\WIN_20260322_11_27_41_Pro_f00156.jpg,trigger,True,478
data\frames\trigger\WIN_20260322_11_27_41_Pro_f00160.jpg,trigger,True,478
data\frames\trigger\WIN_20260322_11_27_41_Pro_f00164.jpg,trigger,True,478
data\frames\trigger\WIN_20260322_11_27_41_Pro_f00168.jpg,trigger,True,478
data\frames\trigger\WIN_20260322_11_27_41_Pro_f00172.jpg,trigger,True,478
data\frames\trigger\WIN_20260322_11_27_41_Pro_f00176.jpg,trigger,True,478
data\frames\trigger\WIN_20260322_11_27_41_Pro_f00180.jpg,trigger,True,478
data\frames\trigger\WIN_20260322_11_27_41_Pro_f00184.jpg,trigger,True,478
data\frames\trigger\WIN_20260322_11_27_41_Pro_f00188.jpg,trigger,True,478
data\frames\trigger\WIN_20260322_11_27_41_Pro_f00192.jpg,trigger,False,0
data\frames\trigger\WIN_20260322_11_27_41_Pro_f00196.jpg,trigger,False,0
data\frames\trigger\WIN_20260322_11_27_41_Pro_f00200.jpg,trigger,False,0
data\frames\trigger\WIN_20260322_11_27_41_Pro_f00204.jpg,trigger,False,0
data\frames\trigger\WIN_20260322_11_27_41_Pro_f00208.jpg,trigger,False,0
data\frames\trigger\WIN_20260322_11_27_41_Pro_f00212.jpg,trigger,False,0
data\frames\trigger\WIN_20260322_11_27_41_Pro_f00216.jpg,trigger,False,0
data\frames\trigger\WIN_20260322_11_27_41_Pro_f00220.jpg,trigger,False,0
data\frames\trigger\WIN_20260322_11_27_41_Pro_f00224.jpg,trigger,False,0
data\frames\trigger\WIN_20260322_11_27_41_Pro_f00228.jpg,trigger,False,0
data\frames\trigger\WIN_20260322_11_27_41_Pro_f00232.jpg,trigger,False,0
data\frames\trigger\WIN_20260322_11_27_41_Pro_f00236.jpg,trigger,False,0
data\frames\trigger\WIN_20260322_11_27_56_Pro_f00000.jpg,trigger,True,478
data\frames\trigger\WIN_20260322_11_27_56_Pro_f00004.jpg,trigger,True,478
data\frames\trigger\WIN_20260322_11_27_56_Pro_f00008.jpg,trigger,True,478
data\frames\trigger\WIN_20260322_11_27_56_Pro_f00012.jpg,trigger,True,478
data\frames\trigger\WIN_20260322_11_27_56_Pro_f00016.jpg,trigger,True,478
data\frames\trigger\WIN_20260322_11_27_56_Pro_f00020.jpg,trigger,True,478
data\frames\trigger\WIN_20260322_11_27_56_Pro_f00024.jpg,trigger,True,478
data\frames\trigger\WIN_20260322_11_27_56_Pro_f00028.jpg,trigger,True,478
data\frames\trigger\WIN_20260322_11_27_56_Pro_f00032.jpg,trigger,True,478
data\frames\trigger\WIN_20260322_11_27_56_Pro_f00036.jpg,trigger,True,478
data\frames\trigger\WIN_20260322_11_27_56_Pro_f00040.jpg,trigger,True,478
data\frames\trigger\WIN_20260322_11_27_56_Pro_f00044.jpg,trigger,True,478
data\frames\trigger\WIN_20260322_11_27_56_Pro_f00048.jpg,trigger,True,478
data\frames\trigger\WIN_20260322_11_27_56_Pro_f00052.jpg,trigger,True,478
data\frames\trigger\WIN_20260322_11_27_56_Pro_f00056.jpg,trigger,True,478
data\frames\trigger\WIN_20260322_11_27_56_Pro_f00060.jpg,trigger,True,478
data\frames\trigger\WIN_20260322_11_27_56_Pro_f00064.jpg,trigger,True,478
data\frames\trigger\WIN_20260322_11_27_56_Pro_f00068.jpg,trigger,True,478
data\frames\trigger\WIN_20260322_11_27_56_Pro_f00072.jpg,trigger,True,478
data\frames\trigger\WIN_20260322_11_27_56_Pro_f00076.jpg,trigger,True,478
data\frames\trigger\WIN_20260322_11_27_56_Pro_f00080.jpg,trigger,True,478
data\frames\trigger\WIN_20260322_11_27_56_Pro_f00084.jpg,trigger,True,478
data\frames\trigger\WIN_20260322_11_27_56_Pro_f00088.jpg,trigger,True,478
data\frames\trigger\WIN_20260322_11_27_56_Pro_f00092.jpg,trigger,True,478
data\frames\trigger\WIN_20260322_11_27_56_Pro_f00096.jpg,trigger,True,478
data\frames\trigger\WIN_20260322_11_27_56_Pro_f00100.jpg,trigger,True,478
data\frames\trigger\WIN_20260322_11_27_56_Pro_f00104.jpg,trigger,True,478
data\frames\trigger\WIN_20260322_11_27_56_Pro_f00108.jpg,trigger,True,478
data\frames\trigger\WIN_20260322_11_27_56_Pro_f00112.jpg,trigger,True,478
data\frames\trigger\WIN_20260322_11_27_56_Pro_f00116.jpg,trigger,False,0
data\frames\trigger\WIN_20260322_11_27_56_Pro_f00120.jpg,trigger,False,0
data\frames\trigger\WIN_20260322_11_27_56_Pro_f00124.jpg,trigger,False,0
data\frames\trigger\WIN_20260322_11_27_56_Pro_f00128.jpg,trigger,False,0
data\frames\trigger\WIN_20260322_11_27_56_Pro_f00132.jpg,trigger,False,0
data\frames\trigger\WIN_20260322_11_27_56_Pro_f00136.jpg,trigger,False,0
data\frames\trigger\WIN_20260322_11_27_56_Pro_f00140.jpg,trigger,False,0
data\frames\trigger\WIN_20260322_11_27_56_Pro_f00144.jpg,trigger,False,0
data\frames\trigger\WIN_20260322_11_27_56_Pro_f00148.jpg,trigger,False,0
data\frames\trigger\WIN_20260322_11_27_56_Pro_f00152.jpg,trigger,False,0
data\frames\trigger\WIN_20260322_11_27_56_Pro_f00156.jpg,trigger,False,0
data\frames\trigger\WIN_20260322_11_27_56_Pro_f00160.jpg,trigger,False,0
data\frames\trigger\WIN_20260322_11_27_56_Pro_f00164.jpg,trigger,False,0
data\frames\trigger\WIN_20260322_11_27_56_Pro_f00168.jpg,trigger,True,478
data\frames\trigger\WIN_20260322_11_27_56_Pro_f00172.jpg,trigger,True,478
data\frames\trigger\WIN_20260322_11_27_56_Pro_f00176.jpg,trigger,True,478
data\frames\trigger\WIN_20260322_11_27_56_Pro_f00180.jpg,trigger,True,478
data\frames\trigger\WIN_20260322_11_27_56_Pro_f00184.jpg,trigger,True,478
data\frames\trigger\WIN_20260322_11_27_56_Pro_f00188.jpg,trigger,True,478
data\frames\trigger\WIN_20260322_11_27_56_Pro_f00192.jpg,trigger,True,478
data\frames\trigger\WIN_20260322_11_27_56_Pro_f00196.jpg,trigger,True,478
data\frames\trigger\WIN_20260322_11_27_56_Pro_f00200.jpg,trigger,True,478
data\frames\trigger\WIN_20260322_11_27_56_Pro_f00204.jpg,trigger,True,478
data\frames\trigger\WIN_20260322_11_27_56_Pro_f00208.jpg,trigger,True,478
data\frames\trigger\WIN_20260322_11_27_56_Pro_f00212.jpg,trigger,True,478
data\frames\trigger\WIN_20260322_11_27_56_Pro_f00216.jpg,trigger,True,478
data\frames\trigger\WIN_20260322_11_27_56_Pro_f00220.jpg,trigger,True,478
data\frames\trigger\WIN_20260322_11_27_56_Pro_f00224.jpg,trigger,True,478
data\frames\trigger\WIN_20260322_11_27_56_Pro_f00228.jpg,trigger,True,478
data\frames\trigger\WIN_20260322_11_27_56_Pro_f00232.jpg,trigger,True,478
data\frames\trigger\WIN_20260322_11_27_56_Pro_f00236.jpg,trigger,True,478
data\frames\trigger\WIN_20260322_11_27_56_Pro_f00240.jpg,trigger,True,478
data\frames\trigger\WIN_20260322_11_27_56_Pro_f00244.jpg,trigger,True,478
data\frames\trigger\WIN_20260322_11_27_56_Pro_f00248.jpg,trigger,True,478
data\frames\trigger\WIN_20260322_11_27_56_Pro_f00252.jpg,trigger,True,478
data\frames\trigger\WIN_20260322_11_27_56_Pro_f00256.jpg,trigger,True,478
data\frames\trigger\WIN_20260322_11_27_56_Pro_f00260.jpg,trigger,True,478
data\frames\trigger\WIN_20260322_11_27_56_Pro_f00264.jpg,trigger,True,478
data\frames\trigger\WIN_20260322_11_27_56_Pro_f00268.jpg,trigger,True,478
data\frames\trigger\WIN_20260322_11_27_56_Pro_f00272.jpg,trigger,True,478
data\frames\trigger\WIN_20260322_11_27_56_Pro_f00276.jpg,trigger,True,478
data\frames\trigger\WIN_20260322_11_27_56_Pro_f00280.jpg,trigger,True,478
data\frames\trigger\WIN_20260322_11_27_56_Pro_f00284.jpg,trigger,True,478
data\frames\trigger\WIN_20260322_11_27_56_Pro_f00288.jpg,trigger,True,478
data\frames\trigger\WIN_20260322_11_27_56_Pro_f00292.jpg,trigger,True,478
data\frames\trigger\WIN_20260322_11_27_56_Pro_f00296.jpg,trigger,True,478
data\frames\trigger\WIN_20260322_11_27_56_Pro_f00300.jpg,trigger,True,478
data\frames\trigger\WIN_20260322_11_28_13_Pro_f00000.jpg,trigger,True,478
data\frames\trigger\WIN_20260322_11_28_13_Pro_f00004.jpg,trigger,True,478
data\frames\trigger\WIN_20260322_11_28_13_Pro_f00008.jpg,trigger,True,478
data\frames\trigger\WIN_20260322_11_28_13_Pro_f00012.jpg,trigger,True,478
data\frames\trigger\WIN_20260322_11_28_13_Pro_f00016.jpg,trigger,True,478
data\frames\trigger\WIN_20260322_11_28_13_Pro_f00020.jpg,trigger,True,478
data\frames\trigger\WIN_20260322_11_28_13_Pro_f00024.jpg,trigger,True,478
data\frames\trigger\WIN_20260322_11_28_13_Pro_f00028.jpg,trigger,True,478
data\frames\trigger\WIN_20260322_11_28_13_Pro_f00032.jpg,trigger,True,478
data\frames\trigger\WIN_20260322_11_28_13_Pro_f00036.jpg,trigger,True,478
data\frames\trigger\WIN_20260322_11_28_13_Pro_f00040.jpg,trigger,True,478
data\frames\trigger\WIN_20260322_11_28_13_Pro_f00044.jpg,trigger,True,478
data\frames\trigger\WIN_20260322_11_28_13_Pro_f00048.jpg,trigger,True,478
data\frames\trigger\WIN_20260322_11_28_13_Pro_f00052.jpg,trigger,True,478
data\frames\trigger\WIN_20260322_11_28_13_Pro_f00056.jpg,trigger,True,478
data\frames\trigger\WIN_20260322_11_28_13_Pro_f00060.jpg,trigger,True,478
data\frames\trigger\WIN_20260322_11_28_13_Pro_f00064.jpg,trigger,True,478
data\frames\trigger\WIN_20260322_11_28_13_Pro_f00068.jpg,trigger,True,478
data\frames\trigger\WIN_20260322_11_28_13_Pro_f00072.jpg,trigger,True,478
data\frames\trigger\WIN_20260322_11_28_13_Pro_f00076.jpg,trigger,True,478
data\frames\trigger\WIN_20260322_11_28_13_Pro_f00080.jpg,trigger,True,478
data\frames\trigger\WIN_20260322_11_28_13_Pro_f00084.jpg,trigger,True,478
data\frames\trigger\WIN_20260322_11_28_13_Pro_f00088.jpg,trigger,True,478
data\frames\trigger\WIN_20260322_11_28_13_Pro_f00092.jpg,trigger,True,478
data\frames\trigger\WIN_20260322_11_28_13_Pro_f00096.jpg,trigger,True,478
data\frames\trigger\WIN_20260322_11_28_13_Pro_f00100.jpg,trigger,True,478
data\frames\trigger\WIN_20260322_11_28_13_Pro_f00104.jpg,trigger,True,478
data\frames\trigger\WIN_20260322_11_28_13_Pro_f00108.jpg,trigger,True,478
data\frames\trigger\WIN_20260322_11_28_13_Pro_f00112.jpg,trigger,True,478
data\frames\trigger\WIN_20260322_11_28_13_Pro_f00116.jpg,trigger,True,478
data\frames\trigger\WIN_20260322_11_28_13_Pro_f00120.jpg,trigger,True,478
data\frames\trigger\WIN_20260322_11_28_13_Pro_f00124.jpg,trigger,True,478
data\frames\trigger\WIN_20260322_11_28_13_Pro_f00128.jpg,trigger,True,478
data\frames\trigger\WIN_20260322_11_28_13_Pro_f00132.jpg,trigger,True,478
data\frames\trigger\WIN_20260322_11_28_13_Pro_f00136.jpg,trigger,True,478
data\frames\trigger\WIN_20260322_11_28_13_Pro_f00140.jpg,trigger,True,478
data\frames\trigger\WIN_20260322_11_28_13_Pro_f00144.jpg,trigger,True,478
data\frames\trigger\WIN_20260322_11_28_13_Pro_f00148.jpg,trigger,True,478
data\frames\trigger\WIN_20260322_11_28_13_Pro_f00152.jpg,trigger,True,478
data\frames\trigger\WIN_20260322_11_28_13_Pro_f00156.jpg,trigger,True,478
data\frames\trigger\WIN_20260322_11_28_13_Pro_f00160.jpg,trigger,True,478
data\frames\trigger\WIN_20260322_11_28_13_Pro_f00164.jpg,trigger,True,478
data\frames\trigger\WIN_20260322_11_28_13_Pro_f00168.jpg,trigger,True,478
data\frames\trigger\WIN_20260322_11_28_13_Pro_f00172.jpg,trigger,True,478
data\frames\trigger\WIN_20260322_11_28_13_Pro_f00176.jpg,trigger,True,478
data\frames\trigger\WIN_20260322_11_28_13_Pro_f00180.jpg,trigger,True,478
data\frames\trigger\WIN_20260322_11_28_13_Pro_f00184.jpg,trigger,True,478
data\frames\trigger\WIN_20260322_11_28_13_Pro_f00188.jpg,trigger,True,478
data\frames\trigger\WIN_20260322_11_28_13_Pro_f00192.jpg,trigger,True,478
data\frames\trigger\WIN_20260322_11_28_13_Pro_f00196.jpg,trigger,True,478
data\frames\trigger\WIN_20260322_11_28_13_Pro_f00200.jpg,trigger,True,478
data\frames\trigger\WIN_20260322_11_28_13_Pro_f00204.jpg,trigger,True,478
data\frames\trigger\WIN_20260322_11_28_13_Pro_f00208.jpg,trigger,True,478
data\frames\trigger\WIN_20260322_11_28_13_Pro_f00212.jpg,trigger,True,478
data\frames\trigger\WIN_20260322_11_28_13_Pro_f00216.jpg,trigger,True,478
data\frames\trigger\WIN_20260322_11_28_13_Pro_f00220.jpg,trigger,True,478
data\frames\trigger\WIN_20260322_11_28_13_Pro_f00224.jpg,trigger,True,478
data\frames\trigger\WIN_20260322_11_28_13_Pro_f00228.jpg,trigger,True,478
data\frames\trigger\WIN_20260322_11_28_13_Pro_f00232.jpg,trigger,True,478
data\frames\trigger\WIN_20260322_11_28_13_Pro_f00236.jpg,trigger,True,478
data\frames\trigger\WIN_20260322_11_28_13_Pro_f00240.jpg,trigger,True,478
data\frames\trigger\WIN_20260322_11_28_13_Pro_f00244.jpg,trigger,True,478
data\frames\trigger\WIN_20260322_11_28_13_Pro_f00248.jpg,trigger,True,478
data\frames\trigger\WIN_20260322_11_28_13_Pro_f00252.jpg,trigger,True,478
data\frames\trigger\WIN_20260322_11_28_13_Pro_f00256.jpg,trigger,True,478
data\frames\trigger\WIN_20260322_11_28_13_Pro_f00260.jpg,trigger,True,478
data\frames\trigger\WIN_20260322_11_28_13_Pro_f00264.jpg,trigger,True,478
data\frames\trigger\WIN_20260322_11_28_13_Pro_f00268.jpg,trigger,True,478
data\frames\trigger\WIN_20260322_11_28_13_Pro_f00272.jpg,trigger,True,478
data\frames\trigger\WIN_20260322_11_28_13_Pro_f00276.jpg,trigger,True,478
data\frames\trigger\WIN_20260322_11_28_13_Pro_f00280.jpg,trigger,True,478
data\frames\trigger\WIN_20260322_11_28_13_Pro_f00284.jpg,trigger,True,478
data\frames\trigger\WIN_20260322_11_28_13_Pro_f00288.jpg,trigger,True,478
data\frames\trigger\WIN_20260322_11_28_13_Pro_f00292.jpg,trigger,True,478
data\frames\trigger\WIN_20260322_11_28_13_Pro_f00296.jpg,trigger,True,478
data\frames\trigger\WIN_20260322_11_28_13_Pro_f00300.jpg,trigger,True,478
data\frames\trigger\WIN_20260322_11_28_13_Pro_f00304.jpg,trigger,True,478
data\frames\trigger\WIN_20260322_11_28_30_Pro_f00000.jpg,trigger,True,478
data\frames\trigger\WIN_20260322_11_28_30_Pro_f00004.jpg,trigger,True,478
data\frames\trigger\WIN_20260322_11_28_30_Pro_f00008.jpg,trigger,True,478
data\frames\trigger\WIN_20260322_11_28_30_Pro_f00012.jpg,trigger,True,478
data\frames\trigger\WIN_20260322_11_28_30_Pro_f00016.jpg,trigger,True,478
data\frames\trigger\WIN_20260322_11_28_30_Pro_f00020.jpg,trigger,True,478
data\frames\trigger\WIN_20260322_11_28_30_Pro_f00024.jpg,trigger,True,478
data\frames\trigger\WIN_20260322_11_28_30_Pro_f00028.jpg,trigger,True,478
data\frames\trigger\WIN_20260322_11_28_30_Pro_f00032.jpg,trigger,True,478
data\frames\trigger\WIN_20260322_11_28_30_Pro_f00036.jpg,trigger,True,478
data\frames\trigger\WIN_20260322_11_28_30_Pro_f00040.jpg,trigger,True,478
data\frames\trigger\WIN_20260322_11_28_30_Pro_f00044.jpg,trigger,True,478
data\frames\trigger\WIN_20260322_11_28_30_Pro_f00048.jpg,trigger,True,478
data\frames\trigger\WIN_20260322_11_28_30_Pro_f00052.jpg,trigger,True,478
data\frames\trigger\WIN_20260322_11_28_30_Pro_f00056.jpg,trigger,True,478
data\frames\trigger\WIN_20260322_11_28_30_Pro_f00060.jpg,trigger,True,478
data\frames\trigger\WIN_20260322_11_28_30_Pro_f00064.jpg,trigger,True,478
data\frames\trigger\WIN_20260322_11_28_30_Pro_f00068.jpg,trigger,True,478
data\frames\trigger\WIN_20260322_11_28_30_Pro_f00072.jpg,trigger,True,478
data\frames\trigger\WIN_20260322_11_28_30_Pro_f00076.jpg,trigger,True,478
data\frames\trigger\WIN_20260322_11_28_30_Pro_f00080.jpg,trigger,True,478
data\frames\trigger\WIN_20260322_11_28_30_Pro_f00084.jpg,trigger,True,478
data\frames\trigger\WIN_20260322_11_28_30_Pro_f00088.jpg,trigger,True,478
data\frames\trigger\WIN_20260322_11_28_30_Pro_f00092.jpg,trigger,True,478
data\frames\trigger\WIN_20260322_11_28_30_Pro_f00096.jpg,trigger,True,478
data\frames\trigger\WIN_20260322_11_28_30_Pro_f00100.jpg,trigger,True,478
data\frames\trigger\WIN_20260322_11_28_30_Pro_f00104.jpg,trigger,True,478
data\frames\trigger\WIN_20260322_11_28_30_Pro_f00108.jpg,trigger,True,478
data\frames\trigger\WIN_20260322_11_28_30_Pro_f00112.jpg,trigger,True,478
data\frames\trigger\WIN_20260322_11_28_30_Pro_f00116.jpg,trigger,True,478
data\frames\trigger\WIN_20260322_11_28_30_Pro_f00120.jpg,trigger,True,478
data\frames\trigger\WIN_20260322_11_28_30_Pro_f00124.jpg,trigger,True,478
data\frames\trigger\WIN_20260322_11_28_30_Pro_f00128.jpg,trigger,True,478
data\frames\trigger\WIN_20260322_11_28_30_Pro_f00132.jpg,trigger,True,478
data\frames\trigger\WIN_20260322_11_28_30_Pro_f00136.jpg,trigger,True,478
data\frames\trigger\WIN_20260322_11_28_30_Pro_f00140.jpg,trigger,True,478
data\frames\trigger\WIN_20260322_11_28_30_Pro_f00144.jpg,trigger,True,478
data\frames\trigger\WIN_20260322_11_28_30_Pro_f00148.jpg,trigger,True,478
data\frames\trigger\WIN_20260322_11_28_30_Pro_f00152.jpg,trigger,True,478
data\frames\trigger\WIN_20260322_11_28_30_Pro_f00156.jpg,trigger,True,478
data\frames\trigger\WIN_20260322_11_28_30_Pro_f00160.jpg,trigger,True,478
data\frames\trigger\WIN_20260322_11_28_30_Pro_f00164.jpg,trigger,True,478
data\frames\trigger\WIN_20260322_11_28_30_Pro_f00168.jpg,trigger,True,478
data\frames\trigger\WIN_20260322_11_28_30_Pro_f00172.jpg,trigger,True,478
data\frames\trigger\WIN_20260322_11_28_30_Pro_f00176.jpg,trigger,True,478
data\frames\trigger\WIN_20260322_11_28_30_Pro_f00180.jpg,trigger,True,478
data\frames\trigger\WIN_20260322_11_28_30_Pro_f00184.jpg,trigger,True,478
data\frames\trigger\WIN_20260322_11_28_30_Pro_f00188.jpg,trigger,True,478
data\frames\trigger\WIN_20260322_11_28_30_Pro_f00192.jpg,trigger,True,478
data\frames\trigger\WIN_20260322_11_28_30_Pro_f00196.jpg,trigger,True,478
data\frames\trigger\WIN_20260322_11_28_30_Pro_f00200.jpg,trigger,True,478
data\frames\trigger\WIN_20260322_11_28_30_Pro_f00204.jpg,trigger,True,478
data\frames\trigger\WIN_20260322_11_28_30_Pro_f00208.jpg,trigger,False,0
data\frames\trigger\WIN_20260322_11_28_30_Pro_f00212.jpg,trigger,False,0
data\frames\trigger\WIN_20260322_11_28_30_Pro_f00216.jpg,trigger,False,0
data\frames\trigger\WIN_20260322_11_28_30_Pro_f00220.jpg,trigger,False,0
data\frames\trigger\WIN_20260322_11_28_30_Pro_f00224.jpg,trigger,False,0
data\frames\trigger\WIN_20260322_11_28_30_Pro_f00228.jpg,trigger,False,0
data\frames\trigger\WIN_20260322_11_28_30_Pro_f00232.jpg,trigger,False,0
data\frames\trigger\WIN_20260322_11_28_30_Pro_f00236.jpg,trigger,False,0
data\frames\trigger\WIN_20260322_11_28_30_Pro_f00240.jpg,trigger,False,0
data\frames\trigger\WIN_20260322_11_28_30_Pro_f00244.jpg,trigger,False,0
data\frames\trigger\WIN_20260322_11_28_30_Pro_f00248.jpg,trigger,False,0
data\frames\trigger\WIN_20260322_11_28_30_Pro_f00252.jpg,trigger,False,0
data\frames\trigger\WIN_20260322_11_28_30_Pro_f00256.jpg,trigger,False,0
data\frames\trigger\WIN_20260322_11_28_30_Pro_f00260.jpg,trigger,False,0
data\frames\trigger\WIN_20260322_11_28_30_Pro_f00264.jpg,trigger,False,0
data\frames\trigger\WIN_20260322_11_28_30_Pro_f00268.jpg,trigger,False,0
data\frames\trigger\WIN_20260322_11_28_30_Pro_f00272.jpg,trigger,False,0
data\frames\trigger\WIN_20260322_11_28_30_Pro_f00276.jpg,trigger,False,0
data\frames\trigger\WIN_20260322_11_28_30_Pro_f00280.jpg,trigger,False,0
data\frames\trigger\WIN_20260322_11_28_30_Pro_f00284.jpg,trigger,False,0
data\frames\trigger\WIN_20260322_11_28_30_Pro_f00288.jpg,trigger,False,0
data\frames\trigger\WIN_20260322_11_28_30_Pro_f00292.jpg,trigger,False,0
data\frames\trigger\WIN_20260322_11_28_30_Pro_f00296.jpg,trigger,False,0
data\frames\trigger\WIN_20260322_11_28_30_Pro_f00300.jpg,trigger,False,0
data\frames\trigger\WIN_20260322_11_28_30_Pro_f00304.jpg,trigger,False,0
data\frames\trigger\WIN_20260322_11_28_30_Pro_f00308.jpg,trigger,False,0
data\frames\trigger\WIN_20260322_11_28_30_Pro_f00312.jpg,trigger,False,0
data\frames\trigger\WIN_20260322_11_28_30_Pro_f00316.jpg,trigger,False,0
data\frames\trigger\WIN_20260322_11_28_30_Pro_f00320.jpg,trigger,False,0
data\frames\trigger\WIN_20260322_11_28_30_Pro_f00324.jpg,trigger,False,0
data\frames\trigger\WIN_20260322_11_28_30_Pro_f00328.jpg,trigger,False,0
data\frames\trigger\WIN_20260322_11_28_30_Pro_f00332.jpg,trigger,False,0
data\frames\trigger\WIN_20260322_11_28_30_Pro_f00336.jpg,trigger,False,0
data\frames\trigger\WIN_20260322_11_28_30_Pro_f00340.jpg,trigger,False,0
data\frames\trigger\WIN_20260322_11_28_30_Pro_f00344.jpg,trigger,False,0
data\frames\trigger\WIN_20260322_11_28_30_Pro_f00348.jpg,trigger,False,0
data\frames\trigger\WIN_20260322_11_28_30_Pro_f00352.jpg,trigger,False,0
data\frames\trigger\WIN_20260322_11_28_47_Pro_f00000.jpg,trigger,False,0
data\frames\trigger\WIN_20260322_11_28_47_Pro_f00004.jpg,trigger,True,478
data\frames\trigger\WIN_20260322_11_28_47_Pro_f00008.jpg,trigger,True,478
data\frames\trigger\WIN_20260322_11_28_47_Pro_f00012.jpg,trigger,True,478
data\frames\trigger\WIN_20260322_11_28_47_Pro_f00016.jpg,trigger,True,478
data\frames\trigger\WIN_20260322_11_28_47_Pro_f00020.jpg,trigger,True,478
data\frames\trigger\WIN_20260322_11_28_47_Pro_f00024.jpg,trigger,True,478
data\frames\trigger\WIN_20260322_11_28_47_Pro_f00028.jpg,trigger,True,478
data\frames\trigger\WIN_20260322_11_28_47_Pro_f00032.jpg,trigger,True,478
data\frames\trigger\WIN_20260322_11_28_47_Pro_f00036.jpg,trigger,True,478
data\frames\trigger\WIN_20260322_11_28_47_Pro_f00040.jpg,trigger,True,478
data\frames\trigger\WIN_20260322_11_28_47_Pro_f00044.jpg,trigger,True,478
data\frames\trigger\WIN_20260322_11_28_47_Pro_f00048.jpg,trigger,True,478
data\frames\trigger\WIN_20260322_11_28_47_Pro_f00052.jpg,trigger,True,478
data\frames\trigger\WIN_20260322_11_28_47_Pro_f00056.jpg,trigger,True,478
data\frames\trigger\WIN_20260322_11_28_47_Pro_f00060.jpg,trigger,True,478
data\frames\trigger\WIN_20260322_11_28_47_Pro_f00064.jpg,trigger,True,478
data\frames\trigger\WIN_20260322_11_28_47_Pro_f00068.jpg,trigger,True,478
data\frames\trigger\WIN_20260322_11_28_47_Pro_f00072.jpg,trigger,True,478
data\frames\trigger\WIN_20260322_11_28_47_Pro_f00076.jpg,trigger,True,478
data\frames\trigger\WIN_20260322_11_28_47_Pro_f00080.jpg,trigger,True,478
data\frames\trigger\WIN_20260322_11_28_47_Pro_f00084.jpg,trigger,True,478
data\frames\trigger\WIN_20260322_11_28_47_Pro_f00088.jpg,trigger,True,478
data\frames\trigger\WIN_20260322_11_28_47_Pro_f00092.jpg,trigger,True,478
data\frames\trigger\WIN_20260322_11_28_47_Pro_f00096.jpg,trigger,True,478
data\frames\trigger\WIN_20260322_11_28_47_Pro_f00100.jpg,trigger,True,478
data\frames\trigger\WIN_20260322_11_28_47_Pro_f00104.jpg,trigger,True,478
data\frames\trigger\WIN_20260322_11_28_47_Pro_f00108.jpg,trigger,True,478
data\frames\trigger\WIN_20260322_11_28_47_Pro_f00112.jpg,trigger,True,478
data\frames\trigger\WIN_20260322_11_28_47_Pro_f00116.jpg,trigger,True,478
data\frames\trigger\WIN_20260322_11_28_47_Pro_f00120.jpg,trigger,True,478
data\frames\trigger\WIN_20260322_11_28_47_Pro_f00124.jpg,trigger,True,478
data\frames\trigger\WIN_20260322_11_28_47_Pro_f00128.jpg,trigger,True,478
data\frames\trigger\WIN_20260322_11_28_47_Pro_f00132.jpg,trigger,True,478
data\frames\trigger\WIN_20260322_11_28_47_Pro_f00136.jpg,trigger,True,478
data\frames\trigger\WIN_20260322_11_28_47_Pro_f00140.jpg,trigger,True,478
data\frames\trigger\WIN_20260322_11_28_47_Pro_f00144.jpg,trigger,True,478
data\frames\trigger\WIN_20260322_11_28_47_Pro_f00148.jpg,trigger,True,478
data\frames\trigger\WIN_20260322_11_28_47_Pro_f00152.jpg,trigger,True,478
data\frames\trigger\WIN_20260322_11_28_47_Pro_f00156.jpg,trigger,True,478
data\frames\trigger\WIN_20260322_11_28_47_Pro_f00160.jpg,trigger,True,478
data\frames\trigger\WIN_20260322_11_28_47_Pro_f00164.jpg,trigger,True,478
data\frames\trigger\WIN_20260322_11_28_47_Pro_f00168.jpg,trigger,True,478
data\frames\trigger\WIN_20260322_11_28_47_Pro_f00172.jpg,trigger,True,478
data\frames\trigger\WIN_20260322_11_28_47_Pro_f00176.jpg,trigger,True,478
data\frames\trigger\WIN_20260322_11_28_47_Pro_f00180.jpg,trigger,True,478
data\frames\trigger\WIN_20260322_11_28_47_Pro_f00184.jpg,trigger,True,478
data\frames\trigger\WIN_20260322_11_28_47_Pro_f00188.jpg,trigger,True,478
data\frames\trigger\WIN_20260322_11_28_47_Pro_f00192.jpg,trigger,True,478
data\frames\trigger\WIN_20260322_11_28_47_Pro_f00196.jpg,trigger,True,478
data\frames\trigger\WIN_20260322_11_28_47_Pro_f00200.jpg,trigger,True,478
data\frames\trigger\WIN_20260322_11_28_47_Pro_f00204.jpg,trigger,True,478
data\frames\trigger\WIN_20260322_11_28_47_Pro_f00208.jpg,trigger,True,478
data\frames\trigger\WIN_20260322_11_28_47_Pro_f00212.jpg,trigger,True,478
data\frames\trigger\WIN_20260322_11_28_47_Pro_f00216.jpg,trigger,True,478
data\frames\trigger\WIN_20260322_11_28_47_Pro_f00220.jpg,trigger,True,478
data\frames\trigger\WIN_20260322_11_28_47_Pro_f00224.jpg,trigger,True,478
data\frames\trigger\WIN_20260322_11_28_47_Pro_f00228.jpg,trigger,True,478
data\frames\trigger\WIN_20260322_11_28_58_Pro_f00000.jpg,trigger,False,0
data\frames\trigger\WIN_20260322_11_28_58_Pro_f00004.jpg,trigger,False,0
data\frames\trigger\WIN_20260322_11_28_58_Pro_f00008.jpg,trigger,True,478
data\frames\trigger\WIN_20260322_11_28_58_Pro_f00012.jpg,trigger,True,478
data\frames\trigger\WIN_20260322_11_28_58_Pro_f00016.jpg,trigger,True,478
data\frames\trigger\WIN_20260322_11_28_58_Pro_f00020.jpg,trigger,True,478
data\frames\trigger\WIN_20260322_11_28_58_Pro_f00024.jpg,trigger,True,478
data\frames\trigger\WIN_20260322_11_28_58_Pro_f00028.jpg,trigger,True,478
data\frames\trigger\WIN_20260322_11_28_58_Pro_f00032.jpg,trigger,True,478
data\frames\trigger\WIN_20260322_11_28_58_Pro_f00036.jpg,trigger,True,478
data\frames\trigger\WIN_20260322_11_28_58_Pro_f00040.jpg,trigger,True,478
data\frames\trigger\WIN_20260322_11_28_58_Pro_f00044.jpg,trigger,True,478
data\frames\trigger\WIN_20260322_11_28_58_Pro_f00048.jpg,trigger,True,478
data\frames\trigger\WIN_20260322_11_28_58_Pro_f00052.jpg,trigger,True,478
data\frames\trigger\WIN_20260322_11_28_58_Pro_f00056.jpg,trigger,True,478
data\frames\trigger\WIN_20260322_11_28_58_Pro_f00060.jpg,trigger,True,478
data\frames\trigger\WIN_20260322_11_28_58_Pro_f00064.jpg,trigger,True,478
data\frames\trigger\WIN_20260322_11_28_58_Pro_f00068.jpg,trigger,True,478
data\frames\trigger\WIN_20260322_11_28_58_Pro_f00072.jpg,trigger,True,478
data\frames\trigger\WIN_20260322_11_28_58_Pro_f00076.jpg,trigger,True,478
data\frames\trigger\WIN_20260322_11_28_58_Pro_f00080.jpg,trigger,True,478
data\frames\trigger\WIN_20260322_11_28_58_Pro_f00084.jpg,trigger,True,478
data\frames\trigger\WIN_20260322_11_28_58_Pro_f00088.jpg,trigger,True,478
data\frames\trigger\WIN_20260322_11_28_58_Pro_f00092.jpg,trigger,True,478
data\frames\trigger\WIN_20260322_11_28_58_Pro_f00096.jpg,trigger,True,478
data\frames\trigger\WIN_20260322_11_28_58_Pro_f00100.jpg,trigger,True,478
data\frames\trigger\WIN_20260322_11_28_58_Pro_f00104.jpg,trigger,True,478
data\frames\trigger\WIN_20260322_11_28_58_Pro_f00108.jpg,trigger,True,478
data\frames\trigger\WIN_20260322_11_28_58_Pro_f00112.jpg,trigger,True,478
data\frames\trigger\WIN_20260322_11_28_58_Pro_f00116.jpg,trigger,True,478
data\frames\trigger\WIN_20260322_11_28_58_Pro_f00120.jpg,trigger,True,478
data\frames\trigger\WIN_20260322_11_28_58_Pro_f00124.jpg,trigger,True,478
data\frames\trigger\WIN_20260322_11_28_58_Pro_f00128.jpg,trigger,True,478
data\frames\trigger\WIN_20260322_11_28_58_Pro_f00132.jpg,trigger,True,478
data\frames\trigger\WIN_20260322_11_28_58_Pro_f00136.jpg,trigger,True,478
data\frames\trigger\WIN_20260322_11_28_58_Pro_f00140.jpg,trigger,True,478
data\frames\trigger\WIN_20260322_11_28_58_Pro_f00144.jpg,trigger,True,478
data\frames\trigger\WIN_20260322_11_28_58_Pro_f00148.jpg,trigger,True,478
data\frames\trigger\WIN_20260322_11_28_58_Pro_f00152.jpg,trigger,True,478
data\frames\trigger\WIN_20260322_11_28_58_Pro_f00156.jpg,trigger,True,478
data\frames\trigger\WIN_20260322_11_28_58_Pro_f00160.jpg,trigger,True,478
data\frames\trigger\WIN_20260322_11_28_58_Pro_f00164.jpg,trigger,True,478
data\frames\trigger\WIN_20260322_11_28_58_Pro_f00168.jpg,trigger,True,478
data\frames\trigger\WIN_20260322_11_28_58_Pro_f00172.jpg,trigger,True,478
data\frames\trigger\WIN_20260322_11_28_58_Pro_f00176.jpg,trigger,True,478
data\frames\trigger\WIN_20260322_11_28_58_Pro_f00180.jpg,trigger,True,478
data\frames\trigger\WIN_20260322_11_28_58_Pro_f00184.jpg,trigger,True,478
data\frames\trigger\WIN_20260322_11_28_58_Pro_f00188.jpg,trigger,True,478
data\frames\trigger\WIN_20260322_11_28_58_Pro_f00192.jpg,trigger,True,478
data\frames\trigger\WIN_20260322_11_28_58_Pro_f00196.jpg,trigger,True,478
data\frames\trigger\WIN_20260322_11_28_58_Pro_f00200.jpg,trigger,True,478
data\frames\trigger\WIN_20260322_11_28_58_Pro_f00204.jpg,trigger,True,478
data\frames\trigger\WIN_20260322_11_28_58_Pro_f00208.jpg,trigger,True,478
data\frames\trigger\WIN_20260322_11_28_58_Pro_f00212.jpg,trigger,True,478
data\frames\trigger\WIN_20260322_11_28_58_Pro_f00216.jpg,trigger,True,478
data\frames\trigger\WIN_20260322_11_28_58_Pro_f00220.jpg,trigger,True,478
data\frames\trigger\WIN_20260322_11_28_58_Pro_f00224.jpg,trigger,True,478
data\frames\trigger\WIN_20260322_11_28_58_Pro_f00228.jpg,trigger,True,478
data\frames\trigger\WIN_20260322_11_28_58_Pro_f00232.jpg,trigger,True,478
data\frames\trigger\WIN_20260322_11_28_58_Pro_f00236.jpg,trigger,True,478
data\frames\trigger\WIN_20260322_11_28_58_Pro_f00240.jpg,trigger,True,478
data\frames\trigger\WIN_20260322_11_28_58_Pro_f00244.jpg,trigger,True,478
data\frames\trigger\WIN_20260322_11_28_58_Pro_f00248.jpg,trigger,True,478
data\frames\trigger\WIN_20260322_11_28_58_Pro_f00252.jpg,trigger,True,478
data\frames\trigger\WIN_20260322_11_28_58_Pro_f00256.jpg,trigger,True,478
data\frames\trigger\WIN_20260322_11_28_58_Pro_f00260.jpg,trigger,True,478
data\frames\trigger\WIN_20260322_11_28_58_Pro_f00264.jpg,trigger,True,478
data\frames\trigger\WIN_20260322_11_28_58_Pro_f00268.jpg,trigger,True,478
data\frames\trigger\WIN_20260322_11_28_58_Pro_f00272.jpg,trigger,True,478
data\frames\trigger\WIN_20260322_11_28_58_Pro_f00276.jpg,trigger,True,478
data\frames\trigger\WIN_20260322_11_28_58_Pro_f00280.jpg,trigger,True,478
data\frames\trigger\WIN_20260322_11_28_58_Pro_f00284.jpg,trigger,True,478
data\frames\trigger\WIN_20260322_11_28_58_Pro_f00288.jpg,trigger,True,478
data\frames\trigger\WIN_20260322_11_28_58_Pro_f00292.jpg,trigger,True,478
data\frames\trigger\WIN_20260322_11_28_58_Pro_f00296.jpg,trigger,True,478
data\frames\trigger\WIN_20260322_11_28_58_Pro_f00300.jpg,trigger,True,478
data\frames\trigger\WIN_20260322_11_28_58_Pro_f00304.jpg,trigger,True,478
data\frames\trigger\WIN_20260322_11_28_58_Pro_f00308.jpg,trigger,True,478
data\frames\trigger\WIN_20260322_11_28_58_Pro_f00312.jpg,trigger,True,478
data\frames\trigger\WIN_20260322_11_28_58_Pro_f00316.jpg,trigger,True,478
data\frames\trigger\WIN_20260322_11_28_58_Pro_f00320.jpg,trigger,True,478
data\frames\trigger\WIN_20260322_11_28_58_Pro_f00324.jpg,trigger,True,478
data\frames\trigger\WIN_20260322_11_28_58_Pro_f00328.jpg,trigger,True,478
data\frames\trigger\WIN_20260322_11_28_58_Pro_f00332.jpg,trigger,True,478
data\frames\trigger\WIN_20260322_11_28_58_Pro_f00336.jpg,trigger,True,478
data\frames\trigger\WIN_20260322_11_28_58_Pro_f00340.jpg,trigger,True,478
data\frames\trigger\WIN_20260322_11_28_58_Pro_f00344.jpg,trigger,True,478
data\frames\trigger\WIN_20260322_11_28_58_Pro_f00348.jpg,trigger,True,478
data\frames\trigger\WIN_20260322_11_28_58_Pro_f00352.jpg,trigger,True,478
data\frames\trigger\WIN_20260322_11_28_58_Pro_f00356.jpg,trigger,True,478
data\frames\trigger\WIN_20260322_11_28_58_Pro_f00360.jpg,trigger,True,478
data\frames\trigger\WIN_20260322_11_28_58_Pro_f00364.jpg,trigger,True,478
data\frames\trigger\WIN_20260322_11_28_58_Pro_f00368.jpg,trigger,True,478
data\frames\trigger\WIN_20260322_11_28_58_Pro_f00372.jpg,trigger,True,478
data\frames\trigger\WIN_20260322_11_28_58_Pro_f00376.jpg,trigger,True,478
data\frames\trigger\WIN_20260322_11_28_58_Pro_f00380.jpg,trigger,True,478
data\frames\trigger\WIN_20260322_11_28_58_Pro_f00384.jpg,trigger,True,478
data\frames\trigger\WIN_20260322_11_28_58_Pro_f00388.jpg,trigger,True,478
data\frames\trigger\WIN_20260322_11_28_58_Pro_f00392.jpg,trigger,True,478
data\frames\trigger\WIN_20260322_11_28_58_Pro_f00396.jpg,trigger,True,478
data\frames\trigger\WIN_20260322_11_28_58_Pro_f00400.jpg,trigger,True,478
data\frames\trigger\WIN_20260322_11_28_58_Pro_f00404.jpg,trigger,True,478
data\frames\trigger\WIN_20260322_11_28_58_Pro_f00408.jpg,trigger,True,478
data\frames\trigger\WIN_20260322_11_28_58_Pro_f00412.jpg,trigger,True,478
data\frames\trigger\WIN_20260322_11_28_58_Pro_f00416.jpg,trigger,True,478
data\frames\trigger\WIN_20260322_11_28_58_Pro_f00420.jpg,trigger,True,478
data\frames\trigger\WIN_20260322_11_28_58_Pro_f00424.jpg,trigger,True,478
data\frames\trigger\WIN_20260322_11_28_58_Pro_f00428.jpg,trigger,True,478
data\frames\trigger\WIN_20260322_11_28_58_Pro_f00432.jpg,trigger,True,478
data\frames\trigger\WIN_20260322_11_28_58_Pro_f00436.jpg,trigger,True,478
data\frames\trigger\WIN_20260322_11_28_58_Pro_f00440.jpg,trigger,True,478
data\frames\trigger\WIN_20260322_11_28_58_Pro_f00444.jpg,trigger,True,478
data\frames\trigger\WIN_20260322_11_28_58_Pro_f00448.jpg,trigger,True,478
data\frames\trigger\WIN_20260322_11_28_58_Pro_f00452.jpg,trigger,True,478
data\frames\trigger\WIN_20260322_11_28_58_Pro_f00456.jpg,trigger,True,478
data\frames\trigger\WIN_20260322_11_28_58_Pro_f00460.jpg,trigger,True,478
data\frames\trigger\WIN_20260322_11_28_58_Pro_f00464.jpg,trigger,True,478
data\frames\trigger\WIN_20260322_11_28_58_Pro_f00468.jpg,trigger,True,478
data\frames\trigger\WIN_20260322_11_28_58_Pro_f00472.jpg,trigger,True,478
data\frames\trigger\WIN_20260322_11_28_58_Pro_f00476.jpg,trigger,True,478
data\frames\trigger\WIN_20260322_11_28_58_Pro_f00480.jpg,trigger,True,478
data\frames\trigger\WIN_20260322_11_28_58_Pro_f00484.jpg,trigger,True,478
data\frames\trigger\WIN_20260322_11_28_58_Pro_f00488.jpg,trigger,True,478
data\frames\trigger\WIN_20260322_11_28_58_Pro_f00492.jpg,trigger,True,478
data\frames\trigger\WIN_20260322_11_38_20_Pro_f00000.jpg,trigger,True,478
data\frames\trigger\WIN_20260322_11_38_20_Pro_f00004.jpg,trigger,True,478
data\frames\trigger\WIN_20260322_11_38_20_Pro_f00008.jpg,trigger,True,478
data\frames\trigger\WIN_20260322_11_38_20_Pro_f00012.jpg,trigger,True,478
data\frames\trigger\WIN_20260322_11_38_20_Pro_f00016.jpg,trigger,True,478
data\frames\trigger\WIN_20260322_11_38_20_Pro_f00020.jpg,trigger,True,478
data\frames\trigger\WIN_20260322_11_38_20_Pro_f00024.jpg,trigger,True,478
data\frames\trigger\WIN_20260322_11_38_20_Pro_f00028.jpg,trigger,True,478
data\frames\trigger\WIN_20260322_11_38_20_Pro_f00032.jpg,trigger,True,478
data\frames\trigger\WIN_20260322_11_38_20_Pro_f00036.jpg,trigger,True,478
data\frames\trigger\WIN_20260322_11_38_20_Pro_f00040.jpg,trigger,True,478
data\frames\trigger\WIN_20260322_11_38_20_Pro_f00044.jpg,trigger,True,478
data\frames\trigger\WIN_20260322_11_38_20_Pro_f00048.jpg,trigger,True,478
data\frames\trigger\WIN_20260322_11_38_20_Pro_f00052.jpg,trigger,True,478
data\frames\trigger\WIN_20260322_11_38_20_Pro_f00056.jpg,trigger,True,478
data\frames\trigger\WIN_20260322_11_38_20_Pro_f00060.jpg,trigger,True,478
data\frames\trigger\WIN_20260322_11_38_20_Pro_f00064.jpg,trigger,True,478
data\frames\trigger\WIN_20260322_11_38_20_Pro_f00068.jpg,trigger,True,478
data\frames\trigger\WIN_20260322_11_38_20_Pro_f00072.jpg,trigger,True,478
data\frames\trigger\WIN_20260322_11_38_20_Pro_f00076.jpg,trigger,True,478
data\frames\trigger\WIN_20260322_11_38_20_Pro_f00080.jpg,trigger,True,478
data\frames\trigger\WIN_20260322_11_38_20_Pro_f00084.jpg,trigger,True,478
data\frames\trigger\WIN_20260322_11_38_20_Pro_f00088.jpg,trigger,True,478
data\frames\trigger\WIN_20260322_11_38_20_Pro_f00092.jpg,trigger,True,478
data\frames\trigger\WIN_20260322_11_38_20_Pro_f00096.jpg,trigger,True,478
data\frames\trigger\WIN_20260322_11_38_20_Pro_f00100.jpg,trigger,True,478
data\frames\trigger\WIN_20260322_11_38_20_Pro_f00104.jpg,trigger,True,478
data\frames\trigger\WIN_20260322_11_38_20_Pro_f00108.jpg,trigger,True,478
data\frames\trigger\WIN_20260322_11_38_20_Pro_f00112.jpg,trigger,True,478
data\frames\trigger\WIN_20260322_11_38_20_Pro_f00116.jpg,trigger,True,478
data\frames\trigger\WIN_20260322_11_38_20_Pro_f00120.jpg,trigger,True,478
data\frames\trigger\WIN_20260322_11_38_20_Pro_f00124.jpg,trigger,True,478
data\frames\trigger\WIN_20260322_11_38_20_Pro_f00128.jpg,trigger,True,478
data\frames\trigger\WIN_20260322_11_38_20_Pro_f00132.jpg,trigger,True,478
data\frames\trigger\WIN_20260322_11_38_20_Pro_f00136.jpg,trigger,True,478
data\frames\trigger\WIN_20260322_11_38_20_Pro_f00140.jpg,trigger,True,478
data\frames\trigger\WIN_20260322_11_38_20_Pro_f00144.jpg,trigger,True,478
data\frames\trigger\WIN_20260322_11_38_20_Pro_f00148.jpg,trigger,True,478
data\frames\trigger\WIN_20260322_11_38_20_Pro_f00152.jpg,trigger,True,478
data\frames\trigger\WIN_20260322_11_38_20_Pro_f00156.jpg,trigger,True,478
data\frames\trigger\WIN_20260322_11_38_20_Pro_f00160.jpg,trigger,True,478
data\frames\trigger\WIN_20260322_11_38_20_Pro_f00164.jpg,trigger,True,478
data\frames\trigger\WIN_20260322_11_38_20_Pro_f00168.jpg,trigger,True,478
data\frames\trigger\WIN_20260322_11_38_20_Pro_f00172.jpg,trigger,True,478
data\frames\trigger\WIN_20260322_11_38_31_Pro_f00000.jpg,trigger,False,0
data\frames\trigger\WIN_20260322_11_38_31_Pro_f00004.jpg,trigger,False,0
data\frames\trigger\WIN_20260322_11_38_31_Pro_f00008.jpg,trigger,False,0
data\frames\trigger\WIN_20260322_11_38_31_Pro_f00012.jpg,trigger,False,0
data\frames\trigger\WIN_20260322_11_38_31_Pro_f00016.jpg,trigger,False,0
data\frames\trigger\WIN_20260322_11_38_31_Pro_f00020.jpg,trigger,False,0
data\frames\trigger\WIN_20260322_11_38_31_Pro_f00024.jpg,trigger,False,0
data\frames\trigger\WIN_20260322_11_38_31_Pro_f00028.jpg,trigger,False,0
data\frames\trigger\WIN_20260322_11_38_31_Pro_f00032.jpg,trigger,False,0
data\frames\trigger\WIN_20260322_11_38_31_Pro_f00036.jpg,trigger,False,0
data\frames\trigger\WIN_20260322_11_38_31_Pro_f00040.jpg,trigger,False,0
data\frames\trigger\WIN_20260322_11_38_31_Pro_f00044.jpg,trigger,False,0
data\frames\trigger\WIN_20260322_11_38_31_Pro_f00048.jpg,trigger,False,0
data\frames\trigger\WIN_20260322_11_38_31_Pro_f00052.jpg,trigger,False,0
data\frames\trigger\WIN_20260322_11_38_31_Pro_f00056.jpg,trigger,False,0
data\frames\trigger\WIN_20260322_11_38_31_Pro_f00060.jpg,trigger,False,0
data\frames\trigger\WIN_20260322_11_38_31_Pro_f00064.jpg,trigger,False,0
data\frames\trigger\WIN_20260322_11_38_31_Pro_f00068.jpg,trigger,False,0
data\frames\trigger\WIN_20260322_11_38_31_Pro_f00072.jpg,trigger,False,0
data\frames\trigger\WIN_20260322_11_38_31_Pro_f00076.jpg,trigger,False,0
data\frames\trigger\WIN_20260322_11_38_31_Pro_f00080.jpg,trigger,False,0
data\frames\trigger\WIN_20260322_11_38_31_Pro_f00084.jpg,trigger,True,478
data\frames\trigger\WIN_20260322_11_38_31_Pro_f00088.jpg,trigger,True,478
data\frames\trigger\WIN_20260322_11_38_31_Pro_f00092.jpg,trigger,True,478
data\frames\trigger\WIN_20260322_11_38_31_Pro_f00096.jpg,trigger,True,478
data\frames\trigger\WIN_20260322_11_38_31_Pro_f00100.jpg,trigger,True,478
data\frames\trigger\WIN_20260322_11_38_31_Pro_f00104.jpg,trigger,True,478
data\frames\trigger\WIN_20260322_11_38_31_Pro_f00108.jpg,trigger,True,478
data\frames\trigger\WIN_20260322_11_38_31_Pro_f00112.jpg,trigger,True,478
data\frames\trigger\WIN_20260322_11_38_31_Pro_f00116.jpg,trigger,True,478
data\frames\trigger\WIN_20260322_11_38_31_Pro_f00120.jpg,trigger,True,478
data\frames\trigger\WIN_20260322_11_38_31_Pro_f00124.jpg,trigger,True,478
data\frames\trigger\WIN_20260322_11_38_31_Pro_f00128.jpg,trigger,True,478
data\frames\trigger\WIN_20260322_11_38_31_Pro_f00132.jpg,trigger,True,478
data\frames\trigger\WIN_20260322_11_38_31_Pro_f00136.jpg,trigger,True,478
data\frames\trigger\WIN_20260322_11_38_31_Pro_f00140.jpg,trigger,True,478
data\frames\trigger\WIN_20260322_11_38_31_Pro_f00144.jpg,trigger,True,478
data\frames\trigger\WIN_20260322_11_38_31_Pro_f00148.jpg,trigger,True,478
data\frames\trigger\WIN_20260322_11_38_31_Pro_f00152.jpg,trigger,True,478
data\frames\trigger\WIN_20260322_11_38_31_Pro_f00156.jpg,trigger,True,478
data\frames\trigger\WIN_20260322_11_38_31_Pro_f00160.jpg,trigger,True,478
data\frames\trigger\WIN_20260322_11_38_31_Pro_f00164.jpg,trigger,True,478
data\frames\trigger\WIN_20260322_11_38_31_Pro_f00168.jpg,trigger,True,478
data\frames\trigger\WIN_20260322_11_38_31_Pro_f00172.jpg,trigger,True,478
data\frames\trigger\WIN_20260322_11_38_31_Pro_f00176.jpg,trigger,True,478
data\frames\trigger\WIN_20260322_11_38_31_Pro_f00180.jpg,trigger,True,478
data\frames\trigger\WIN_20260322_11_38_31_Pro_f00184.jpg,trigger,True,478
data\frames\trigger\WIN_20260322_11_38_31_Pro_f00188.jpg,trigger,True,478
data\frames\trigger\WIN_20260322_11_38_31_Pro_f00192.jpg,trigger,True,478
data\frames\trigger\WIN_20260322_11_38_31_Pro_f00196.jpg,trigger,True,478
data\frames\trigger\WIN_20260322_11_38_31_Pro_f00200.jpg,trigger,True,478
data\frames\trigger\WIN_20260322_11_38_31_Pro_f00204.jpg,trigger,True,478
data\frames\trigger\WIN_20260322_11_38_31_Pro_f00208.jpg,trigger,True,478
data\frames\trigger\WIN_20260322_11_38_31_Pro_f00212.jpg,trigger,True,478
data\frames\trigger\WIN_20260322_11_38_42_Pro_f00000.jpg,trigger,True,478
data\frames\trigger\WIN_20260322_11_38_42_Pro_f00004.jpg,trigger,True,478
data\frames\trigger\WIN_20260322_11_38_42_Pro_f00008.jpg,trigger,True,478
data\frames\trigger\WIN_20260322_11_38_42_Pro_f00012.jpg,trigger,True,478
data\frames\trigger\WIN_20260322_11_38_42_Pro_f00016.jpg,trigger,True,478
data\frames\trigger\WIN_20260322_11_38_42_Pro_f00020.jpg,trigger,True,478
data\frames\trigger\WIN_20260322_11_38_42_Pro_f00024.jpg,trigger,True,478
data\frames\trigger\WIN_20260322_11_38_42_Pro_f00028.jpg,trigger,True,478
data\frames\trigger\WIN_20260322_11_38_42_Pro_f00032.jpg,trigger,True,478
data\frames\trigger\WIN_20260322_11_38_42_Pro_f00036.jpg,trigger,True,478
data\frames\trigger\WIN_20260322_11_38_42_Pro_f00040.jpg,trigger,True,478
data\frames\trigger\WIN_20260322_11_38_42_Pro_f00044.jpg,trigger,True,478
data\frames\trigger\WIN_20260322_11_38_42_Pro_f00048.jpg,trigger,True,478
data\frames\trigger\WIN_20260322_11_38_42_Pro_f00052.jpg,trigger,True,478
data\frames\trigger\WIN_20260322_11_38_42_Pro_f00056.jpg,trigger,True,478
data\frames\trigger\WIN_20260322_11_38_42_Pro_f00060.jpg,trigger,True,478
data\frames\trigger\WIN_20260322_11_38_42_Pro_f00064.jpg,trigger,True,478
data\frames\trigger\WIN_20260322_11_38_42_Pro_f00068.jpg,trigger,True,478
data\frames\trigger\WIN_20260322_11_38_42_Pro_f00072.jpg,trigger,True,478
data\frames\trigger\WIN_20260322_11_38_42_Pro_f00076.jpg,trigger,True,478
data\frames\trigger\WIN_20260322_11_38_42_Pro_f00080.jpg,trigger,True,478
data\frames\trigger\WIN_20260322_11_38_42_Pro_f00084.jpg,trigger,True,478
data\frames\trigger\WIN_20260322_11_38_42_Pro_f00088.jpg,trigger,True,478
data\frames\trigger\WIN_20260322_11_38_42_Pro_f00092.jpg,trigger,True,478
data\frames\trigger\WIN_20260322_11_38_42_Pro_f00096.jpg,trigger,True,478
data\frames\trigger\WIN_20260322_11_38_42_Pro_f00100.jpg,trigger,True,478
data\frames\trigger\WIN_20260322_11_38_42_Pro_f00104.jpg,trigger,True,478
data\frames\trigger\WIN_20260322_11_38_42_Pro_f00108.jpg,trigger,True,478
data\frames\trigger\WIN_20260322_11_38_42_Pro_f00112.jpg,trigger,True,478
data\frames\trigger\WIN_20260322_11_38_42_Pro_f00116.jpg,trigger,True,478
data\frames\trigger\WIN_20260322_11_38_42_Pro_f00120.jpg,trigger,True,478
data\frames\trigger\WIN_20260322_11_38_42_Pro_f00124.jpg,trigger,True,478
data\frames\trigger\WIN_20260322_11_38_42_Pro_f00128.jpg,trigger,True,478
data\frames\trigger\WIN_20260322_11_38_42_Pro_f00132.jpg,trigger,True,478
data\frames\trigger\WIN_20260322_11_38_42_Pro_f00136.jpg,trigger,True,478
data\frames\trigger\WIN_20260322_11_38_42_Pro_f00140.jpg,trigger,True,478
data\frames\trigger\WIN_20260322_11_38_42_Pro_f00144.jpg,trigger,True,478
data\frames\trigger\WIN_20260322_11_38_42_Pro_f00148.jpg,trigger,True,478
data\frames\trigger\WIN_20260322_11_38_42_Pro_f00152.jpg,trigger,True,478
data\frames\trigger\WIN_20260322_11_38_42_Pro_f00156.jpg,trigger,True,478
data\frames\trigger\WIN_20260322_11_38_42_Pro_f00160.jpg,trigger,True,478
data\frames\trigger\WIN_20260322_11_38_42_Pro_f00164.jpg,trigger,True,478
data\frames\trigger\WIN_20260322_11_38_42_Pro_f00168.jpg,trigger,True,478
data\frames\trigger\WIN_20260322_11_38_42_Pro_f00172.jpg,trigger,False,0
data\frames\trigger\WIN_20260322_11_38_42_Pro_f00176.jpg,trigger,False,0
data\frames\trigger\WIN_20260322_11_38_42_Pro_f00180.jpg,trigger,False,0
data\frames\trigger\WIN_20260322_11_38_42_Pro_f00184.jpg,trigger,False,0
data\frames\trigger\WIN_20260322_11_38_42_Pro_f00188.jpg,trigger,False,0
data\frames\trigger\WIN_20260322_11_38_42_Pro_f00192.jpg,trigger,False,0
data\frames\trigger\WIN_20260322_11_38_42_Pro_f00196.jpg,trigger,False,0
data\frames\trigger\WIN_20260322_11_38_42_Pro_f00200.jpg,trigger,False,0
data\frames\trigger\WIN_20260322_11_38_42_Pro_f00204.jpg,trigger,False,0
data\frames\trigger\WIN_20260322_11_38_42_Pro_f00208.jpg,trigger,False,0
data\frames\trigger\WIN_20260322_11_38_42_Pro_f00212.jpg,trigger,False,0
data\frames\trigger\WIN_20260322_11_38_42_Pro_f00216.jpg,trigger,False,0
data\frames\trigger\WIN_20260322_11_38_42_Pro_f00220.jpg,trigger,False,0
data\frames\trigger\WIN_20260322_11_38_42_Pro_f00224.jpg,trigger,False,0
data\frames\trigger\WIN_20260322_11_38_42_Pro_f00228.jpg,trigger,False,0
data\frames\trigger\WIN_20260322_11_38_42_Pro_f00232.jpg,trigger,False,0
data\frames\trigger\WIN_20260322_11_38_42_Pro_f00236.jpg,trigger,False,0
data\frames\trigger\WIN_20260322_11_38_42_Pro_f00240.jpg,trigger,False,0
data\frames\trigger\WIN_20260322_11_38_42_Pro_f00244.jpg,trigger,False,0
data\frames\trigger\WIN_20260322_11_38_42_Pro_f00248.jpg,trigger,False,0
data\frames\trigger\WIN_20260322_11_38_42_Pro_f00252.jpg,trigger,False,0
data\frames\trigger\WIN_20260322_11_38_42_Pro_f00256.jpg,trigger,False,0
data\frames\trigger\WIN_20260322_11_38_42_Pro_f00260.jpg,trigger,False,0
data\frames\trigger\WIN_20260322_11_38_42_Pro_f00264.jpg,trigger,False,0
data\frames\trigger\WIN_20260322_11_38_57_Pro_f00000.jpg,trigger,False,0
data\frames\trigger\WIN_20260322_11_38_57_Pro_f00004.jpg,trigger,True,478
data\frames\trigger\WIN_20260322_11_38_57_Pro_f00008.jpg,trigger,True,478
data\frames\trigger\WIN_20260322_11_38_57_Pro_f00012.jpg,trigger,True,478
data\frames\trigger\WIN_20260322_11_38_57_Pro_f00016.jpg,trigger,True,478
data\frames\trigger\WIN_20260322_11_38_57_Pro_f00020.jpg,trigger,True,478
data\frames\trigger\WIN_20260322_11_38_57_Pro_f00024.jpg,trigger,True,478
data\frames\trigger\WIN_20260322_11_38_57_Pro_f00028.jpg,trigger,True,478
data\frames\trigger\WIN_20260322_11_38_57_Pro_f00032.jpg,trigger,True,478
data\frames\trigger\WIN_20260322_11_38_57_Pro_f00036.jpg,trigger,True,478
data\frames\trigger\WIN_20260322_11_38_57_Pro_f00040.jpg,trigger,True,478
data\frames\trigger\WIN_20260322_11_38_57_Pro_f00044.jpg,trigger,True,478
data\frames\trigger\WIN_20260322_11_38_57_Pro_f00048.jpg,trigger,True,478
data\frames\trigger\WIN_20260322_11_38_57_Pro_f00052.jpg,trigger,True,478
data\frames\trigger\WIN_20260322_11_38_57_Pro_f00056.jpg,trigger,True,478
data\frames\trigger\WIN_20260322_11_38_57_Pro_f00060.jpg,trigger,True,478
data\frames\trigger\WIN_20260322_11_38_57_Pro_f00064.jpg,trigger,True,478
data\frames\trigger\WIN_20260322_11_38_57_Pro_f00068.jpg,trigger,True,478
data\frames\trigger\WIN_20260322_11_38_57_Pro_f00072.jpg,trigger,True,478
data\frames\trigger\WIN_20260322_11_38_57_Pro_f00076.jpg,trigger,True,478
data\frames\trigger\WIN_20260322_11_38_57_Pro_f00080.jpg,trigger,True,478
data\frames\trigger\WIN_20260322_11_38_57_Pro_f00084.jpg,trigger,True,478
data\frames\trigger\WIN_20260322_11_38_57_Pro_f00088.jpg,trigger,True,478
data\frames\trigger\WIN_20260322_11_38_57_Pro_f00092.jpg,trigger,True,478
data\frames\trigger\WIN_20260322_11_38_57_Pro_f00096.jpg,trigger,True,478
data\frames\trigger\WIN_20260322_11_38_57_Pro_f00100.jpg,trigger,True,478
data\frames\trigger\WIN_20260322_11_38_57_Pro_f00104.jpg,trigger,True,478
data\frames\trigger\WIN_20260322_11_38_57_Pro_f00108.jpg,trigger,True,478
data\frames\trigger\WIN_20260322_11_38_57_Pro_f00112.jpg,trigger,True,478
data\frames\trigger\WIN_20260322_11_38_57_Pro_f00116.jpg,trigger,True,478
data\frames\trigger\WIN_20260322_11_38_57_Pro_f00120.jpg,trigger,True,478
data\frames\trigger\WIN_20260322_11_38_57_Pro_f00124.jpg,trigger,True,478
data\frames\trigger\WIN_20260322_11_38_57_Pro_f00128.jpg,trigger,True,478
data\frames\trigger\WIN_20260322_11_38_57_Pro_f00132.jpg,trigger,True,478
data\frames\trigger\WIN_20260322_11_38_57_Pro_f00136.jpg,trigger,True,478
data\frames\trigger\WIN_20260322_11_38_57_Pro_f00140.jpg,trigger,True,478
data\frames\trigger\WIN_20260322_11_38_57_Pro_f00144.jpg,trigger,True,478
data\frames\trigger\WIN_20260322_11_38_57_Pro_f00148.jpg,trigger,True,478
data\frames\trigger\WIN_20260322_11_38_57_Pro_f00152.jpg,trigger,True,478
data\frames\trigger\WIN_20260322_11_38_57_Pro_f00156.jpg,trigger,True,478
data\frames\trigger\WIN_20260322_11_38_57_Pro_f00160.jpg,trigger,True,478
data\frames\trigger\WIN_20260322_11_38_57_Pro_f00164.jpg,trigger,True,478
data\frames\trigger\WIN_20260322_11_38_57_Pro_f00168.jpg,trigger,True,478
data\frames\trigger\WIN_20260322_11_39_07_Pro_f00000.jpg,trigger,True,478
data\frames\trigger\WIN_20260322_11_39_07_Pro_f00004.jpg,trigger,True,478
data\frames\trigger\WIN_20260322_11_39_07_Pro_f00008.jpg,trigger,True,478
data\frames\trigger\WIN_20260322_11_39_07_Pro_f00012.jpg,trigger,True,478
data\frames\trigger\WIN_20260322_11_39_07_Pro_f00016.jpg,trigger,True,478
data\frames\trigger\WIN_20260322_11_39_07_Pro_f00020.jpg,trigger,True,478
data\frames\trigger\WIN_20260322_11_39_07_Pro_f00024.jpg,trigger,True,478
data\frames\trigger\WIN_20260322_11_39_07_Pro_f00028.jpg,trigger,True,478
data\frames\trigger\WIN_20260322_11_39_07_Pro_f00032.jpg,trigger,True,478
data\frames\trigger\WIN_20260322_11_39_07_Pro_f00036.jpg,trigger,True,478
data\frames\trigger\WIN_20260322_11_39_07_Pro_f00040.jpg,trigger,True,478
data\frames\trigger\WIN_20260322_11_39_07_Pro_f00044.jpg,trigger,True,478
data\frames\trigger\WIN_20260322_11_39_07_Pro_f00048.jpg,trigger,True,478
data\frames\trigger\WIN_20260322_11_39_07_Pro_f00052.jpg,trigger,True,478
data\frames\trigger\WIN_20260322_11_39_07_Pro_f00056.jpg,trigger,True,478
data\frames\trigger\WIN_20260322_11_39_07_Pro_f00060.jpg,trigger,True,478
data\frames\trigger\WIN_20260322_11_39_07_Pro_f00064.jpg,trigger,True,478
data\frames\trigger\WIN_20260322_11_39_07_Pro_f00068.jpg,trigger,True,478
data\frames\trigger\WIN_20260322_11_39_07_Pro_f00072.jpg,trigger,True,478
data\frames\trigger\WIN_20260322_11_39_07_Pro_f00076.jpg,trigger,True,478
data\frames\trigger\WIN_20260322_11_39_07_Pro_f00080.jpg,trigger,True,478
data\frames\trigger\WIN_20260322_11_39_07_Pro_f00084.jpg,trigger,True,478
data\frames\trigger\WIN_20260322_11_39_07_Pro_f00088.jpg,trigger,True,478
data\frames\trigger\WIN_20260322_11_39_07_Pro_f00092.jpg,trigger,True,478
data\frames\trigger\WIN_20260322_11_39_07_Pro_f00096.jpg,trigger,True,478
data\frames\trigger\WIN_20260322_11_39_07_Pro_f00100.jpg,trigger,True,478
data\frames\trigger\WIN_20260322_11_39_07_Pro_f00104.jpg,trigger,True,478
data\frames\trigger\WIN_20260322_11_39_07_Pro_f00108.jpg,trigger,True,478
data\frames\trigger\WIN_20260322_11_39_07_Pro_f00112.jpg,trigger,True,478
data\frames\trigger\WIN_20260322_11_39_07_Pro_f00116.jpg,trigger,True,478
data\frames\trigger\WIN_20260322_11_39_07_Pro_f00120.jpg,trigger,True,478
data\frames\trigger\WIN_20260322_11_39_07_Pro_f00124.jpg,trigger,True,478
data\frames\trigger\WIN_20260322_11_39_07_Pro_f00128.jpg,trigger,True,478
data\frames\trigger\WIN_20260322_11_39_07_Pro_f00132.jpg,trigger,True,478
data\frames\trigger\WIN_20260322_11_39_07_Pro_f00136.jpg,trigger,True,478
data\frames\trigger\WIN_20260322_11_39_07_Pro_f00140.jpg,trigger,True,478
data\frames\trigger\WIN_20260322_11_39_07_Pro_f00144.jpg,trigger,True,478
data\frames\trigger\WIN_20260322_11_39_07_Pro_f00148.jpg,trigger,True,478
data\frames\trigger\WIN_20260322_11_39_07_Pro_f00152.jpg,trigger,True,478
data\frames\trigger\WIN_20260322_11_39_07_Pro_f00156.jpg,trigger,True,478
data\frames\trigger\WIN_20260322_11_39_07_Pro_f00160.jpg,trigger,True,478
data\frames\trigger\WIN_20260322_11_39_07_Pro_f00164.jpg,trigger,True,478
data\frames\trigger\WIN_20260322_11_39_07_Pro_f00168.jpg,trigger,True,478
data\frames\trigger\WIN_20260322_11_39_07_Pro_f00172.jpg,trigger,True,478
data\frames\trigger\WIN_20260322_11_39_07_Pro_f00176.jpg,trigger,True,478
data\frames\trigger\WIN_20260322_11_39_07_Pro_f00180.jpg,trigger,True,478
data\frames\trigger\WIN_20260322_11_39_07_Pro_f00184.jpg,trigger,True,478
data\frames\trigger\WIN_20260322_11_39_07_Pro_f00188.jpg,trigger,True,478
data\frames\trigger\WIN_20260322_11_39_07_Pro_f00192.jpg,trigger,True,478
data\frames\trigger\WIN_20260322_11_39_07_Pro_f00196.jpg,trigger,True,478
data\frames\trigger\WIN_20260322_11_39_07_Pro_f00200.jpg,trigger,True,478
data\frames\trigger\WIN_20260322_11_39_07_Pro_f00204.jpg,trigger,True,478
data\frames\trigger\WIN_20260322_11_39_07_Pro_f00208.jpg,trigger,True,478
data\frames\trigger\WIN_20260322_11_39_17_Pro_f00000.jpg,trigger,True,478
data\frames\trigger\WIN_20260322_11_39_17_Pro_f00004.jpg,trigger,True,478
data\frames\trigger\WIN_20260322_11_39_17_Pro_f00008.jpg,trigger,True,478
data\frames\trigger\WIN_20260322_11_39_17_Pro_f00012.jpg,trigger,True,478
data\frames\trigger\WIN_20260322_11_39_17_Pro_f00016.jpg,trigger,True,478
data\frames\trigger\WIN_20260322_11_39_17_Pro_f00020.jpg,trigger,True,478
data\frames\trigger\WIN_20260322_11_39_17_Pro_f00024.jpg,trigger,True,478
data\frames\trigger\WIN_20260322_11_39_17_Pro_f00028.jpg,trigger,True,478
data\frames\trigger\WIN_20260322_11_39_17_Pro_f00032.jpg,trigger,True,478
data\frames\trigger\WIN_20260322_11_39_17_Pro_f00036.jpg,trigger,True,478
data\frames\trigger\WIN_20260322_11_39_17_Pro_f00040.jpg,trigger,True,478
data\frames\trigger\WIN_20260322_11_39_17_Pro_f00044.jpg,trigger,True,478
data\frames\trigger\WIN_20260322_11_39_17_Pro_f00048.jpg,trigger,True,478
data\frames\trigger\WIN_20260322_11_39_17_Pro_f00052.jpg,trigger,True,478
data\frames\trigger\WIN_20260322_11_39_17_Pro_f00056.jpg,trigger,True,478
data\frames\trigger\WIN_20260322_11_39_17_Pro_f00060.jpg,trigger,True,478
data\frames\trigger\WIN_20260322_11_39_17_Pro_f00064.jpg,trigger,True,478
data\frames\trigger\WIN_20260322_11_39_17_Pro_f00068.jpg,trigger,True,478
data\frames\trigger\WIN_20260322_11_39_17_Pro_f00072.jpg,trigger,True,478
data\frames\trigger\WIN_20260322_11_39_17_Pro_f00076.jpg,trigger,True,478
data\frames\trigger\WIN_20260322_11_39_17_Pro_f00080.jpg,trigger,True,478
data\frames\trigger\WIN_20260322_11_39_17_Pro_f00084.jpg,trigger,True,478
data\frames\trigger\WIN_20260322_11_39_17_Pro_f00088.jpg,trigger,True,478
data\frames\trigger\WIN_20260322_11_39_17_Pro_f00092.jpg,trigger,True,478
data\frames\trigger\WIN_20260322_11_39_17_Pro_f00096.jpg,trigger,True,478
data\frames\trigger\WIN_20260322_11_39_17_Pro_f00100.jpg,trigger,True,478
data\frames\trigger\WIN_20260322_11_39_17_Pro_f00104.jpg,trigger,True,478
data\frames\trigger\WIN_20260322_11_39_17_Pro_f00108.jpg,trigger,True,478
data\frames\trigger\WIN_20260322_11_39_17_Pro_f00112.jpg,trigger,True,478
data\frames\trigger\WIN_20260322_11_39_17_Pro_f00116.jpg,trigger,True,478
data\frames\trigger\WIN_20260322_11_39_17_Pro_f00120.jpg,trigger,True,478
data\frames\trigger\WIN_20260322_11_39_17_Pro_f00124.jpg,trigger,True,478
data\frames\trigger\WIN_20260322_11_39_17_Pro_f00128.jpg,trigger,True,478
data\frames\trigger\WIN_20260322_11_39_17_Pro_f00132.jpg,trigger,True,478
data\frames\trigger\WIN_20260322_11_39_17_Pro_f00136.jpg,trigger,True,478
data\frames\trigger\WIN_20260322_11_39_17_Pro_f00140.jpg,trigger,True,478
data\frames\trigger\WIN_20260322_11_39_17_Pro_f00144.jpg,trigger,True,478
data\frames\trigger\WIN_20260322_11_39_17_Pro_f00148.jpg,trigger,True,478
data\frames\trigger\WIN_20260322_11_39_17_Pro_f00152.jpg,trigger,True,478
data\frames\trigger\WIN_20260322_11_39_17_Pro_f00156.jpg,trigger,True,478
data\frames\trigger\WIN_20260322_11_39_17_Pro_f00160.jpg,trigger,True,478
data\frames\trigger\WIN_20260322_11_39_17_Pro_f00164.jpg,trigger,True,478
data\frames\trigger\WIN_20260322_11_39_17_Pro_f00168.jpg,trigger,True,478
data\frames\trigger\WIN_20260322_11_39_17_Pro_f00172.jpg,trigger,True,478
data\frames\trigger\WIN_20260322_11_39_17_Pro_f00176.jpg,trigger,True,478
data\frames\trigger\WIN_20260322_11_39_17_Pro_f00180.jpg,trigger,True,478
data\frames\trigger\WIN_20260322_11_39_17_Pro_f00184.jpg,trigger,True,478
data\frames\trigger\WIN_20260322_11_39_17_Pro_f00188.jpg,trigger,True,478
data\frames\trigger\WIN_20260322_11_39_17_Pro_f00192.jpg,trigger,True,478
data\frames\trigger\WIN_20260322_11_39_17_Pro_f00196.jpg,trigger,True,478
data\frames\trigger\WIN_20260322_11_39_17_Pro_f00200.jpg,trigger,True,478
data\frames\trigger\WIN_20260322_11_39_17_Pro_f00204.jpg,trigger,True,478
data\frames\trigger\WIN_20260322_11_39_17_Pro_f00208.jpg,trigger,True,478
data\frames\trigger\WIN_20260322_11_39_17_Pro_f00212.jpg,trigger,True,478
data\frames\trigger\WIN_20260322_11_39_17_Pro_f00216.jpg,trigger,True,478
data\frames\trigger\WIN_20260322_11_39_17_Pro_f00220.jpg,trigger,True,478
data\frames\trigger\WIN_20260322_11_39_17_Pro_f00224.jpg,trigger,True,478
data\frames\trigger\WIN_20260322_11_39_17_Pro_f00228.jpg,trigger,True,478
data\frames\trigger\WIN_20260322_11_39_17_Pro_f00232.jpg,trigger,True,478
data\frames\trigger\WIN_20260322_11_39_17_Pro_f00236.jpg,trigger,True,478
data\frames\trigger\WIN_20260322_11_39_17_Pro_f00240.jpg,trigger,True,478
data\frames\trigger\WIN_20260322_11_39_28_Pro_f00000.jpg,trigger,True,478
data\frames\trigger\WIN_20260322_11_39_28_Pro_f00004.jpg,trigger,True,478
data\frames\trigger\WIN_20260322_11_39_28_Pro_f00008.jpg,trigger,True,478
data\frames\trigger\WIN_20260322_11_39_28_Pro_f00012.jpg,trigger,True,478
data\frames\trigger\WIN_20260322_11_39_28_Pro_f00016.jpg,trigger,True,478
data\frames\trigger\WIN_20260322_11_39_28_Pro_f00020.jpg,trigger,True,478
data\frames\trigger\WIN_20260322_11_39_28_Pro_f00024.jpg,trigger,True,478
data\frames\trigger\WIN_20260322_11_39_28_Pro_f00028.jpg,trigger,True,478
data\frames\trigger\WIN_20260322_11_39_28_Pro_f00032.jpg,trigger,True,478
data\frames\trigger\WIN_20260322_11_39_28_Pro_f00036.jpg,trigger,True,478
data\frames\trigger\WIN_20260322_11_39_28_Pro_f00040.jpg,trigger,True,478
data\frames\trigger\WIN_20260322_11_39_28_Pro_f00044.jpg,trigger,True,478
data\frames\trigger\WIN_20260322_11_39_28_Pro_f00048.jpg,trigger,True,478
data\frames\trigger\WIN_20260322_11_39_28_Pro_f00052.jpg,trigger,True,478
data\frames\trigger\WIN_20260322_11_39_28_Pro_f00056.jpg,trigger,True,478
data\frames\trigger\WIN_20260322_11_39_28_Pro_f00060.jpg,trigger,True,478
data\frames\trigger\WIN_20260322_11_39_28_Pro_f00064.jpg,trigger,True,478
data\frames\trigger\WIN_20260322_11_39_28_Pro_f00068.jpg,trigger,True,478
data\frames\trigger\WIN_20260322_11_39_28_Pro_f00072.jpg,trigger,True,478
data\frames\trigger\WIN_20260322_11_39_28_Pro_f00076.jpg,trigger,True,478
data\frames\trigger\WIN_20260322_11_39_28_Pro_f00080.jpg,trigger,True,478
data\frames\trigger\WIN_20260322_11_39_28_Pro_f00084.jpg,trigger,True,478
data\frames\trigger\WIN_20260322_11_39_28_Pro_f00088.jpg,trigger,True,478
data\frames\trigger\WIN_20260322_11_39_28_Pro_f00092.jpg,trigger,True,478
data\frames\trigger\WIN_20260322_11_39_28_Pro_f00096.jpg,trigger,True,478
data\frames\trigger\WIN_20260322_11_39_28_Pro_f00100.jpg,trigger,True,478
data\frames\trigger\WIN_20260322_11_39_28_Pro_f00104.jpg,trigger,True,478
data\frames\trigger\WIN_20260322_11_39_28_Pro_f00108.jpg,trigger,True,478
data\frames\trigger\WIN_20260322_11_39_28_Pro_f00112.jpg,trigger,True,478
data\frames\trigger\WIN_20260322_11_39_28_Pro_f00116.jpg,trigger,True,478
data\frames\trigger\WIN_20260322_11_39_28_Pro_f00120.jpg,trigger,True,478
data\frames\trigger\WIN_20260322_11_39_28_Pro_f00124.jpg,trigger,True,478
data\frames\trigger\WIN_20260322_11_39_28_Pro_f00128.jpg,trigger,True,478
data\frames\trigger\WIN_20260322_11_39_28_Pro_f00132.jpg,trigger,True,478
data\frames\trigger\WIN_20260322_11_39_28_Pro_f00136.jpg,trigger,True,478
data\frames\trigger\WIN_20260322_11_39_28_Pro_f00140.jpg,trigger,True,478
data\frames\trigger\WIN_20260322_11_39_28_Pro_f00144.jpg,trigger,True,478
data\frames\trigger\WIN_20260322_11_39_28_Pro_f00148.jpg,trigger,True,478
data\frames\trigger\WIN_20260322_11_39_28_Pro_f00152.jpg,trigger,True,478
data\frames\trigger\WIN_20260322_11_39_28_Pro_f00156.jpg,trigger,True,478
data\frames\trigger\WIN_20260322_11_39_28_Pro_f00160.jpg,trigger,True,478
data\frames\trigger\WIN_20260322_11_39_28_Pro_f00164.jpg,trigger,True,478
data\frames\trigger\WIN_20260322_11_39_28_Pro_f00168.jpg,trigger,True,478
data\frames\trigger\WIN_20260322_11_39_28_Pro_f00172.jpg,trigger,True,478
data\frames\trigger\WIN_20260322_11_39_38_Pro_f00000.jpg,trigger,True,478
data\frames\trigger\WIN_20260322_11_39_38_Pro_f00004.jpg,trigger,True,478
data\frames\trigger\WIN_20260322_11_39_38_Pro_f00008.jpg,trigger,True,478
data\frames\trigger\WIN_20260322_11_39_38_Pro_f00012.jpg,trigger,True,478
data\frames\trigger\WIN_20260322_11_39_38_Pro_f00016.jpg,trigger,True,478
data\frames\trigger\WIN_20260322_11_39_38_Pro_f00020.jpg,trigger,True,478
data\frames\trigger\WIN_20260322_11_39_38_Pro_f00024.jpg,trigger,True,478
data\frames\trigger\WIN_20260322_11_39_38_Pro_f00028.jpg,trigger,True,478
data\frames\trigger\WIN_20260322_11_39_38_Pro_f00032.jpg,trigger,True,478
data\frames\trigger\WIN_20260322_11_39_38_Pro_f00036.jpg,trigger,True,478
data\frames\trigger\WIN_20260322_11_39_38_Pro_f00040.jpg,trigger,True,478
data\frames\trigger\WIN_20260322_11_39_38_Pro_f00044.jpg,trigger,True,478
data\frames\trigger\WIN_20260322_11_39_38_Pro_f00048.jpg,trigger,True,478
data\frames\trigger\WIN_20260322_11_39_38_Pro_f00052.jpg,trigger,True,478
data\frames\trigger\WIN_20260322_11_39_38_Pro_f00056.jpg,trigger,True,478
data\frames\trigger\WIN_20260322_11_39_38_Pro_f00060.jpg,trigger,True,478
data\frames\trigger\WIN_20260322_11_39_38_Pro_f00064.jpg,trigger,True,478
data\frames\trigger\WIN_20260322_11_39_38_Pro_f00068.jpg,trigger,True,478
data\frames\trigger\WIN_20260322_11_39_38_Pro_f00072.jpg,trigger,True,478
data\frames\trigger\WIN_20260322_11_39_38_Pro_f00076.jpg,trigger,True,478
data\frames\trigger\WIN_20260322_11_39_38_Pro_f00080.jpg,trigger,True,478
data\frames\trigger\WIN_20260322_11_39_38_Pro_f00084.jpg,trigger,True,478
data\frames\trigger\WIN_20260322_11_39_38_Pro_f00088.jpg,trigger,True,478
data\frames\trigger\WIN_20260322_11_39_38_Pro_f00092.jpg,trigger,True,478
data\frames\trigger\WIN_20260322_11_39_38_Pro_f00096.jpg,trigger,True,478
data\frames\trigger\WIN_20260322_11_39_38_Pro_f00100.jpg,trigger,True,478
data\frames\trigger\WIN_20260322_11_39_38_Pro_f00104.jpg,trigger,True,478
data\frames\trigger\WIN_20260322_11_39_38_Pro_f00108.jpg,trigger,True,478
data\frames\trigger\WIN_20260322_11_39_38_Pro_f00112.jpg,trigger,True,478
data\frames\trigger\WIN_20260322_11_39_38_Pro_f00116.jpg,trigger,True,478
data\frames\trigger\WIN_20260322_11_39_38_Pro_f00120.jpg,trigger,True,478
data\frames\trigger\WIN_20260322_11_39_38_Pro_f00124.jpg,trigger,True,478
data\frames\trigger\WIN_20260322_11_39_38_Pro_f00128.jpg,trigger,True,478
data\frames\trigger\WIN_20260322_11_39_38_Pro_f00132.jpg,trigger,True,478
data\frames\trigger\WIN_20260322_11_39_38_Pro_f00136.jpg,trigger,True,478
data\frames\trigger\WIN_20260322_11_39_38_Pro_f00140.jpg,trigger,True,478
data\frames\trigger\WIN_20260322_11_39_38_Pro_f00144.jpg,trigger,True,478
data\frames\trigger\WIN_20260322_11_39_38_Pro_f00148.jpg,trigger,True,478
data\frames\trigger\WIN_20260322_11_39_38_Pro_f00152.jpg,trigger,True,478
data\frames\trigger\WIN_20260322_11_39_38_Pro_f00156.jpg,trigger,True,478
data\frames\trigger\WIN_20260322_11_39_38_Pro_f00160.jpg,trigger,True,478
data\frames\trigger\WIN_20260322_11_39_38_Pro_f00164.jpg,trigger,True,478
data\frames\trigger\WIN_20260322_11_39_38_Pro_f00168.jpg,trigger,True,478
data\frames\trigger\WIN_20260322_11_39_38_Pro_f00172.jpg,trigger,True,478
data\frames\trigger\WIN_20260322_11_39_38_Pro_f00176.jpg,trigger,True,478
data\frames\trigger\WIN_20260322_11_39_38_Pro_f00180.jpg,trigger,True,478
data\frames\trigger\WIN_20260322_11_39_47_Pro_f00000.jpg,trigger,True,478
data\frames\trigger\WIN_20260322_11_39_47_Pro_f00004.jpg,trigger,True,478
data\frames\trigger\WIN_20260322_11_39_47_Pro_f00008.jpg,trigger,True,478
data\frames\trigger\WIN_20260322_11_39_47_Pro_f00012.jpg,trigger,True,478
data\frames\trigger\WIN_20260322_11_39_47_Pro_f00016.jpg,trigger,True,478
data\frames\trigger\WIN_20260322_11_39_47_Pro_f00020.jpg,trigger,True,478
data\frames\trigger\WIN_20260322_11_39_47_Pro_f00024.jpg,trigger,True,478
data\frames\trigger\WIN_20260322_11_39_47_Pro_f00028.jpg,trigger,True,478
data\frames\trigger\WIN_20260322_11_39_47_Pro_f00032.jpg,trigger,True,478
data\frames\trigger\WIN_20260322_11_39_47_Pro_f00036.jpg,trigger,True,478
data\frames\trigger\WIN_20260322_11_39_47_Pro_f00040.jpg,trigger,True,478
data\frames\trigger\WIN_20260322_11_39_47_Pro_f00044.jpg,trigger,True,478
data\frames\trigger\WIN_20260322_11_39_47_Pro_f00048.jpg,trigger,True,478
data\frames\trigger\WIN_20260322_11_39_47_Pro_f00052.jpg,trigger,True,478
data\frames\trigger\WIN_20260322_11_39_47_Pro_f00056.jpg,trigger,True,478
data\frames\trigger\WIN_20260322_11_39_47_Pro_f00060.jpg,trigger,True,478
data\frames\trigger\WIN_20260322_11_39_47_Pro_f00064.jpg,trigger,True,478
data\frames\trigger\WIN_20260322_11_39_47_Pro_f00068.jpg,trigger,True,478
data\frames\trigger\WIN_20260322_11_39_47_Pro_f00072.jpg,trigger,True,478
data\frames\trigger\WIN_20260322_11_39_47_Pro_f00076.jpg,trigger,True,478
data\frames\trigger\WIN_20260322_11_39_47_Pro_f00080.jpg,trigger,True,478
data\frames\trigger\WIN_20260322_11_39_47_Pro_f00084.jpg,trigger,True,478
data\frames\trigger\WIN_20260322_11_39_47_Pro_f00088.jpg,trigger,True,478
data\frames\trigger\WIN_20260322_11_39_47_Pro_f00092.jpg,trigger,True,478
data\frames\trigger\WIN_20260322_11_39_47_Pro_f00096.jpg,trigger,True,478
data\frames\trigger\WIN_20260322_11_39_47_Pro_f00100.jpg,trigger,True,478
data\frames\trigger\WIN_20260322_11_39_47_Pro_f00104.jpg,trigger,True,478
data\frames\trigger\WIN_20260322_11_39_47_Pro_f00108.jpg,trigger,True,478
data\frames\trigger\WIN_20260322_11_39_47_Pro_f00112.jpg,trigger,True,478
data\frames\trigger\WIN_20260322_11_39_47_Pro_f00116.jpg,trigger,True,478
data\frames\trigger\WIN_20260322_11_39_47_Pro_f00120.jpg,trigger,True,478
data\frames\trigger\WIN_20260322_11_39_47_Pro_f00124.jpg,trigger,True,478
data\frames\trigger\WIN_20260322_11_39_47_Pro_f00128.jpg,trigger,True,478
data\frames\trigger\WIN_20260322_11_39_47_Pro_f00132.jpg,trigger,True,478
data\frames\trigger\WIN_20260322_11_39_47_Pro_f00136.jpg,trigger,True,478
data\frames\trigger\WIN_20260322_11_39_47_Pro_f00140.jpg,trigger,True,478
data\frames\trigger\WIN_20260322_11_39_47_Pro_f00144.jpg,trigger,True,478
data\frames\trigger\WIN_20260322_11_39_47_Pro_f00148.jpg,trigger,True,478
data\frames\trigger\WIN_20260322_11_39_47_Pro_f00152.jpg,trigger,True,478
data\frames\trigger\WIN_20260322_11_39_47_Pro_f00156.jpg,trigger,True,478
data\frames\trigger\WIN_20260322_11_39_47_Pro_f00160.jpg,trigger,True,478
data\frames\trigger\WIN_20260322_11_39_47_Pro_f00164.jpg,trigger,True,478
data\frames\trigger\WIN_20260322_11_39_47_Pro_f00168.jpg,trigger,True,478
data\frames\trigger\WIN_20260322_11_39_47_Pro_f00172.jpg,trigger,True,478
data\frames\trigger\WIN_20260322_11_39_47_Pro_f00176.jpg,trigger,True,478
data\frames\trigger\WIN_20260322_11_39_56_Pro_f00000.jpg,trigger,True,478
data\frames\trigger\WIN_20260322_11_39_56_Pro_f00004.jpg,trigger,True,478
data\frames\trigger\WIN_20260322_11_39_56_Pro_f00008.jpg,trigger,True,478
data\frames\trigger\WIN_20260322_11_39_56_Pro_f00012.jpg,trigger,True,478
data\frames\trigger\WIN_20260322_11_39_56_Pro_f00016.jpg,trigger,True,478
data\frames\trigger\WIN_20260322_11_39_56_Pro_f00020.jpg,trigger,True,478
data\frames\trigger\WIN_20260322_11_39_56_Pro_f00024.jpg,trigger,True,478
data\frames\trigger\WIN_20260322_11_39_56_Pro_f00028.jpg,trigger,True,478
data\frames\trigger\WIN_20260322_11_39_56_Pro_f00032.jpg,trigger,True,478
data\frames\trigger\WIN_20260322_11_39_56_Pro_f00036.jpg,trigger,True,478
data\frames\trigger\WIN_20260322_11_39_56_Pro_f00040.jpg,trigger,True,478
data\frames\trigger\WIN_20260322_11_39_56_Pro_f00044.jpg,trigger,True,478
data\frames\trigger\WIN_20260322_11_39_56_Pro_f00048.jpg,trigger,True,478
data\frames\trigger\WIN_20260322_11_39_56_Pro_f00052.jpg,trigger,True,478
data\frames\trigger\WIN_20260322_11_39_56_Pro_f00056.jpg,trigger,True,478
data\frames\trigger\WIN_20260322_11_39_56_Pro_f00060.jpg,trigger,True,478
data\frames\trigger\WIN_20260322_11_39_56_Pro_f00064.jpg,trigger,True,478
data\frames\trigger\WIN_20260322_11_39_56_Pro_f00068.jpg,trigger,True,478
data\frames\trigger\WIN_20260322_11_39_56_Pro_f00072.jpg,trigger,True,478
data\frames\trigger\WIN_20260322_11_39_56_Pro_f00076.jpg,trigger,True,478
data\frames\trigger\WIN_20260322_11_39_56_Pro_f00080.jpg,trigger,True,478
data\frames\trigger\WIN_20260322_11_39_56_Pro_f00084.jpg,trigger,True,478
data\frames\trigger\WIN_20260322_11_39_56_Pro_f00088.jpg,trigger,True,478
data\frames\trigger\WIN_20260322_11_39_56_Pro_f00092.jpg,trigger,True,478
data\frames\trigger\WIN_20260322_11_39_56_Pro_f00096.jpg,trigger,True,478
data\frames\trigger\WIN_20260322_11_39_56_Pro_f00100.jpg,trigger,True,478
data\frames\trigger\WIN_20260322_11_39_56_Pro_f00104.jpg,trigger,True,478
data\frames\trigger\WIN_20260322_11_39_56_Pro_f00108.jpg,trigger,True,478
data\frames\trigger\WIN_20260322_11_39_56_Pro_f00112.jpg,trigger,True,478
data\frames\trigger\WIN_20260322_11_39_56_Pro_f00116.jpg,trigger,True,478
data\frames\trigger\WIN_20260322_11_39_56_Pro_f00120.jpg,trigger,True,478
data\frames\trigger\WIN_20260322_11_39_56_Pro_f00124.jpg,trigger,True,478
data\frames\trigger\WIN_20260322_11_39_56_Pro_f00128.jpg,trigger,True,478
data\frames\trigger\WIN_20260322_11_39_56_Pro_f00132.jpg,trigger,True,478
data\frames\trigger\WIN_20260322_11_39_56_Pro_f00136.jpg,trigger,True,478
data\frames\trigger\WIN_20260322_11_39_56_Pro_f00140.jpg,trigger,True,478
data\frames\trigger\WIN_20260322_11_39_56_Pro_f00144.jpg,trigger,True,478
data\frames\trigger\WIN_20260322_11_39_56_Pro_f00148.jpg,trigger,True,478
data\frames\trigger\WIN_20260322_11_39_56_Pro_f00152.jpg,trigger,True,478
data\frames\trigger\WIN_20260322_11_39_56_Pro_f00156.jpg,trigger,True,478
data\frames\trigger\WIN_20260322_11_39_56_Pro_f00160.jpg,trigger,True,478
data\frames\trigger\WIN_20260322_11_40_24_Pro_f00000.jpg,trigger,True,478
data\frames\trigger\WIN_20260322_11_40_24_Pro_f00004.jpg,trigger,True,478
data\frames\trigger\WIN_20260322_11_40_24_Pro_f00008.jpg,trigger,True,478
data\frames\trigger\WIN_20260322_11_40_24_Pro_f00012.jpg,trigger,True,478
data\frames\trigger\WIN_20260322_11_40_24_Pro_f00016.jpg,trigger,True,478
data\frames\trigger\WIN_20260322_11_40_24_Pro_f00020.jpg,trigger,True,478
data\frames\trigger\WIN_20260322_11_40_24_Pro_f00024.jpg,trigger,True,478
data\frames\trigger\WIN_20260322_11_40_24_Pro_f00028.jpg,trigger,True,478
data\frames\trigger\WIN_20260322_11_40_24_Pro_f00032.jpg,trigger,True,478
data\frames\trigger\WIN_20260322_11_40_24_Pro_f00036.jpg,trigger,True,478
data\frames\trigger\WIN_20260322_11_40_24_Pro_f00040.jpg,trigger,True,478
data\frames\trigger\WIN_20260322_11_40_24_Pro_f00044.jpg,trigger,True,478
data\frames\trigger\WIN_20260322_11_40_24_Pro_f00048.jpg,trigger,True,478
data\frames\trigger\WIN_20260322_11_40_24_Pro_f00052.jpg,trigger,True,478
data\frames\trigger\WIN_20260322_11_40_24_Pro_f00056.jpg,trigger,True,478
data\frames\trigger\WIN_20260322_11_40_24_Pro_f00060.jpg,trigger,True,478
data\frames\trigger\WIN_20260322_11_40_24_Pro_f00064.jpg,trigger,True,478
data\frames\trigger\WIN_20260322_11_40_24_Pro_f00068.jpg,trigger,False,0
data\frames\trigger\WIN_20260322_11_40_24_Pro_f00072.jpg,trigger,False,0
data\frames\trigger\WIN_20260322_11_40_24_Pro_f00076.jpg,trigger,False,0
data\frames\trigger\WIN_20260322_11_40_24_Pro_f00080.jpg,trigger,False,0
data\frames\trigger\WIN_20260322_11_40_24_Pro_f00084.jpg,trigger,False,0
data\frames\trigger\WIN_20260322_11_40_24_Pro_f00088.jpg,trigger,False,0
data\frames\trigger\WIN_20260322_11_40_24_Pro_f00092.jpg,trigger,False,0
data\frames\trigger\WIN_20260322_11_40_24_Pro_f00096.jpg,trigger,False,0
data\frames\trigger\WIN_20260322_11_40_24_Pro_f00100.jpg,trigger,False,0
data\frames\trigger\WIN_20260322_11_40_24_Pro_f00104.jpg,trigger,False,0
data\frames\trigger\WIN_20260322_11_40_24_Pro_f00108.jpg,trigger,False,0
data\frames\trigger\WIN_20260322_11_40_24_Pro_f00112.jpg,trigger,False,0
data\frames\trigger\WIN_20260322_11_40_24_Pro_f00116.jpg,trigger,False,0
data\frames\trigger\WIN_20260322_11_40_24_Pro_f00120.jpg,trigger,False,0
data\frames\trigger\WIN_20260322_11_40_24_Pro_f00124.jpg,trigger,True,478
data\frames\trigger\WIN_20260322_11_40_24_Pro_f00128.jpg,trigger,True,478
data\frames\trigger\WIN_20260322_11_40_24_Pro_f00132.jpg,trigger,True,478
data\frames\trigger\WIN_20260322_11_40_24_Pro_f00136.jpg,trigger,True,478
data\frames\trigger\WIN_20260322_11_40_24_Pro_f00140.jpg,trigger,True,478
data\frames\trigger\WIN_20260322_11_40_24_Pro_f00144.jpg,trigger,True,478
data\frames\trigger\WIN_20260322_11_40_24_Pro_f00148.jpg,trigger,True,478
data\frames\trigger\WIN_20260322_11_40_24_Pro_f00152.jpg,trigger,True,478
data\frames\trigger\WIN_20260322_11_40_24_Pro_f00156.jpg,trigger,True,478
data\frames\trigger\WIN_20260322_11_40_24_Pro_f00160.jpg,trigger,True,478
data\frames\trigger\WIN_20260322_11_40_24_Pro_f00164.jpg,trigger,True,478
data\frames\trigger\WIN_20260322_11_40_24_Pro_f00168.jpg,trigger,True,478
data\frames\trigger\WIN_20260322_11_40_24_Pro_f00172.jpg,trigger,True,478
data\frames\trigger\WIN_20260322_11_40_24_Pro_f00176.jpg,trigger,True,478
data\frames\trigger\WIN_20260322_11_40_24_Pro_f00180.jpg,trigger,True,478
data\frames\trigger\WIN_20260322_11_40_24_Pro_f00184.jpg,trigger,True,478
data\frames\trigger\WIN_20260322_11_40_24_Pro_f00188.jpg,trigger,True,478
data\frames\trigger\WIN_20260322_11_40_24_Pro_f00192.jpg,trigger,True,478
data\frames\trigger\WIN_20260322_11_40_24_Pro_f00196.jpg,trigger,True,478
data\frames\trigger\WIN_20260322_11_40_33_Pro_f00000.jpg,trigger,False,0
data\frames\trigger\WIN_20260322_11_40_33_Pro_f00004.jpg,trigger,True,478
data\frames\trigger\WIN_20260322_11_40_33_Pro_f00008.jpg,trigger,True,478
data\frames\trigger\WIN_20260322_11_40_33_Pro_f00012.jpg,trigger,True,478
data\frames\trigger\WIN_20260322_11_40_33_Pro_f00016.jpg,trigger,True,478
data\frames\trigger\WIN_20260322_11_40_33_Pro_f00020.jpg,trigger,True,478
data\frames\trigger\WIN_20260322_11_40_33_Pro_f00024.jpg,trigger,True,478
data\frames\trigger\WIN_20260322_11_40_33_Pro_f00028.jpg,trigger,True,478
data\frames\trigger\WIN_20260322_11_40_33_Pro_f00032.jpg,trigger,True,478
data\frames\trigger\WIN_20260322_11_40_33_Pro_f00036.jpg,trigger,True,478
data\frames\trigger\WIN_20260322_11_40_33_Pro_f00040.jpg,trigger,True,478
data\frames\trigger\WIN_20260322_11_40_33_Pro_f00044.jpg,trigger,True,478
data\frames\trigger\WIN_20260322_11_40_33_Pro_f00048.jpg,trigger,True,478
data\frames\trigger\WIN_20260322_11_40_33_Pro_f00052.jpg,trigger,True,478
data\frames\trigger\WIN_20260322_11_40_33_Pro_f00056.jpg,trigger,True,478
data\frames\trigger\WIN_20260322_11_40_33_Pro_f00060.jpg,trigger,True,478
data\frames\trigger\WIN_20260322_11_40_33_Pro_f00064.jpg,trigger,True,478
data\frames\trigger\WIN_20260322_11_40_33_Pro_f00068.jpg,trigger,True,478
data\frames\trigger\WIN_20260322_11_40_33_Pro_f00072.jpg,trigger,True,478
data\frames\trigger\WIN_20260322_11_40_33_Pro_f00076.jpg,trigger,True,478
data\frames\trigger\WIN_20260322_11_40_33_Pro_f00080.jpg,trigger,True,478
data\frames\trigger\WIN_20260322_11_40_33_Pro_f00084.jpg,trigger,True,478
data\frames\trigger\WIN_20260322_11_40_33_Pro_f00088.jpg,trigger,True,478
data\frames\trigger\WIN_20260322_11_40_33_Pro_f00092.jpg,trigger,True,478
data\frames\trigger\WIN_20260322_11_40_33_Pro_f00096.jpg,trigger,True,478
data\frames\trigger\WIN_20260322_11_40_33_Pro_f00100.jpg,trigger,True,478
data\frames\trigger\WIN_20260322_11_40_33_Pro_f00104.jpg,trigger,True,478
data\frames\trigger\WIN_20260322_11_40_33_Pro_f00108.jpg,trigger,True,478
data\frames\trigger\WIN_20260322_11_40_33_Pro_f00112.jpg,trigger,True,478
data\frames\trigger\WIN_20260322_11_40_33_Pro_f00116.jpg,trigger,True,478
data\frames\trigger\WIN_20260322_11_40_33_Pro_f00120.jpg,trigger,True,478
data\frames\trigger\WIN_20260322_11_40_33_Pro_f00124.jpg,trigger,True,478
data\frames\trigger\WIN_20260322_11_40_33_Pro_f00128.jpg,trigger,True,478
data\frames\trigger\WIN_20260322_11_40_33_Pro_f00132.jpg,trigger,True,478
data\frames\trigger\WIN_20260322_11_40_33_Pro_f00136.jpg,trigger,True,478
data\frames\trigger\WIN_20260322_11_40_33_Pro_f00140.jpg,trigger,True,478
data\frames\trigger\WIN_20260322_11_40_33_Pro_f00144.jpg,trigger,True,478
data\frames\trigger\WIN_20260322_11_40_33_Pro_f00148.jpg,trigger,True,478
data\frames\trigger\WIN_20260322_11_40_33_Pro_f00152.jpg,trigger,True,478
data\frames\trigger\WIN_20260322_11_40_33_Pro_f00156.jpg,trigger,True,478
data\frames\trigger\WIN_20260322_11_40_33_Pro_f00160.jpg,trigger,True,478
data\frames\trigger\WIN_20260322_11_40_33_Pro_f00164.jpg,trigger,False,0
data\frames\trigger\WIN_20260322_11_40_33_Pro_f00168.jpg,trigger,False,0
data\frames\trigger\WIN_20260322_11_40_33_Pro_f00172.jpg,trigger,False,0
data\frames\trigger\WIN_20260322_11_40_33_Pro_f00176.jpg,trigger,False,0
data\frames\trigger\WIN_20260322_11_40_33_Pro_f00180.jpg,trigger,False,0
data\frames\trigger\WIN_20260322_11_40_33_Pro_f00184.jpg,trigger,False,0
data\frames\trigger\WIN_20260322_11_40_33_Pro_f00188.jpg,trigger,False,0
data\frames\trigger\WIN_20260322_11_40_33_Pro_f00192.jpg,trigger,False,0
data\frames\trigger\WIN_20260322_11_40_33_Pro_f00196.jpg,trigger,False,0
data\frames\trigger\WIN_20260322_11_40_33_Pro_f00200.jpg,trigger,False,0
data\frames\trigger\WIN_20260322_11_40_33_Pro_f00204.jpg,trigger,False,0
data\frames\trigger\WIN_20260322_11_40_33_Pro_f00208.jpg,trigger,False,0
data\frames\trigger\WIN_20260322_11_40_33_Pro_f00212.jpg,trigger,False,0
data\frames\trigger\WIN_20260322_11_40_33_Pro_f00216.jpg,trigger,False,0
data\frames\trigger\WIN_20260322_11_40_33_Pro_f00220.jpg,trigger,False,0
data\frames\trigger\WIN_20260322_11_40_33_Pro_f00224.jpg,trigger,False,0
data\frames\trigger\WIN_20260322_11_40_33_Pro_f00228.jpg,trigger,False,0
data\frames\trigger\WIN_20260322_11_40_33_Pro_f00232.jpg,trigger,False,0
data\frames\trigger\WIN_20260322_11_40_33_Pro_f00236.jpg,trigger,False,0
data\frames\trigger\WIN_20260322_11_40_33_Pro_f00240.jpg,trigger,False,0
data\frames\trigger\WIN_20260322_11_40_33_Pro_f00244.jpg,trigger,False,0
data\frames\trigger\WIN_20260322_11_40_33_Pro_f00248.jpg,trigger,False,0
data\frames\trigger\WIN_20260322_11_40_33_Pro_f00252.jpg,trigger,False,0
data\frames\trigger\WIN_20260322_11_40_33_Pro_f00256.jpg,trigger,False,0
data\frames\trigger\WIN_20260322_11_40_33_Pro_f00260.jpg,trigger,False,0
data\frames\trigger\WIN_20260322_11_40_33_Pro_f00264.jpg,trigger,False,0
data\frames\trigger\WIN_20260322_11_40_33_Pro_f00268.jpg,trigger,False,0
data\frames\trigger\WIN_20260322_11_40_33_Pro_f00272.jpg,trigger,False,0
data\frames\trigger\WIN_20260322_11_40_33_Pro_f00276.jpg,trigger,True,478
data\frames\trigger\WIN_20260322_11_40_33_Pro_f00280.jpg,trigger,True,478
data\frames\trigger\WIN_20260322_11_40_33_Pro_f00284.jpg,trigger,True,478
data\frames\trigger\WIN_20260322_11_40_33_Pro_f00288.jpg,trigger,True,478
data\frames\trigger\WIN_20260322_11_40_33_Pro_f00292.jpg,trigger,True,478
data\frames\trigger\WIN_20260322_11_40_33_Pro_f00296.jpg,trigger,True,478
data\frames\trigger\WIN_20260322_11_40_49_Pro_f00000.jpg,trigger,True,478
data\frames\trigger\WIN_20260322_11_40_49_Pro_f00004.jpg,trigger,True,478
data\frames\trigger\WIN_20260322_11_40_49_Pro_f00008.jpg,trigger,True,478
data\frames\trigger\WIN_20260322_11_40_49_Pro_f00012.jpg,trigger,True,478
data\frames\trigger\WIN_20260322_11_40_49_Pro_f00016.jpg,trigger,True,478
data\frames\trigger\WIN_20260322_11_40_49_Pro_f00020.jpg,trigger,True,478
data\frames\trigger\WIN_20260322_11_40_49_Pro_f00024.jpg,trigger,True,478
data\frames\trigger\WIN_20260322_11_40_49_Pro_f00028.jpg,trigger,True,478
data\frames\trigger\WIN_20260322_11_40_49_Pro_f00032.jpg,trigger,True,478
data\frames\trigger\WIN_20260322_11_40_49_Pro_f00036.jpg,trigger,True,478
data\frames\trigger\WIN_20260322_11_40_49_Pro_f00040.jpg,trigger,True,478
data\frames\trigger\WIN_20260322_11_40_49_Pro_f00044.jpg,trigger,True,478
data\frames\trigger\WIN_20260322_11_40_49_Pro_f00048.jpg,trigger,False,0
data\frames\trigger\WIN_20260322_11_40_49_Pro_f00052.jpg,trigger,False,0
data\frames\trigger\WIN_20260322_11_40_49_Pro_f00056.jpg,trigger,True,478
data\frames\trigger\WIN_20260322_11_40_49_Pro_f00060.jpg,trigger,False,0
data\frames\trigger\WIN_20260322_11_40_49_Pro_f00064.jpg,trigger,False,0
data\frames\trigger\WIN_20260322_11_40_49_Pro_f00068.jpg,trigger,True,478
data\frames\trigger\WIN_20260322_11_40_49_Pro_f00072.jpg,trigger,False,0
data\frames\trigger\WIN_20260322_11_40_49_Pro_f00076.jpg,trigger,False,0
data\frames\trigger\WIN_20260322_11_40_49_Pro_f00080.jpg,trigger,True,478
data\frames\trigger\WIN_20260322_11_40_49_Pro_f00084.jpg,trigger,False,0
data\frames\trigger\WIN_20260322_11_40_49_Pro_f00088.jpg,trigger,False,0
data\frames\trigger\WIN_20260322_11_40_49_Pro_f00092.jpg,trigger,False,0
data\frames\trigger\WIN_20260322_11_40_49_Pro_f00096.jpg,trigger,False,0
data\frames\trigger\WIN_20260322_11_40_49_Pro_f00100.jpg,trigger,False,0
data\frames\trigger\WIN_20260322_11_40_49_Pro_f00104.jpg,trigger,False,0
data\frames\trigger\WIN_20260322_11_40_49_Pro_f00108.jpg,trigger,False,0
data\frames\trigger\WIN_20260322_11_40_49_Pro_f00112.jpg,trigger,False,0
data\frames\trigger\WIN_20260322_11_40_49_Pro_f00116.jpg,trigger,False,0
data\frames\trigger\WIN_20260322_11_40_49_Pro_f00120.jpg,trigger,False,0
data\frames\trigger\WIN_20260322_11_40_49_Pro_f00124.jpg,trigger,False,0
data\frames\trigger\WIN_20260322_11_40_49_Pro_f00128.jpg,trigger,False,0
data\frames\trigger\WIN_20260322_11_40_49_Pro_f00132.jpg,trigger,True,478
data\frames\trigger\WIN_20260322_11_40_49_Pro_f00136.jpg,trigger,False,0
data\frames\trigger\WIN_20260322_11_40_49_Pro_f00140.jpg,trigger,True,478
data\frames\trigger\WIN_20260322_11_40_49_Pro_f00144.jpg,trigger,True,478
data\frames\trigger\WIN_20260322_11_40_49_Pro_f00148.jpg,trigger,True,478
data\frames\trigger\WIN_20260322_11_40_49_Pro_f00152.jpg,trigger,True,478
data\frames\trigger\WIN_20260322_11_40_49_Pro_f00156.jpg,trigger,True,478
data\frames\trigger\WIN_20260322_11_40_49_Pro_f00160.jpg,trigger,True,478
data\frames\trigger\WIN_20260322_11_40_49_Pro_f00164.jpg,trigger,True,478
data\frames\trigger\WIN_20260322_11_40_49_Pro_f00168.jpg,trigger,True,478
data\frames\trigger\WIN_20260322_11_40_49_Pro_f00172.jpg,trigger,True,478
data\frames\trigger\WIN_20260322_11_40_49_Pro_f00176.jpg,trigger,True,478
data\frames\trigger\WIN_20260322_11_40_49_Pro_f00180.jpg,trigger,True,478
data\frames\trigger\WIN_20260322_11_40_57_Pro_f00000.jpg,trigger,True,478
data\frames\trigger\WIN_20260322_11_40_57_Pro_f00004.jpg,trigger,True,478
data\frames\trigger\WIN_20260322_11_40_57_Pro_f00008.jpg,trigger,True,478
data\frames\trigger\WIN_20260322_11_40_57_Pro_f00012.jpg,trigger,True,478
data\frames\trigger\WIN_20260322_11_40_57_Pro_f00016.jpg,trigger,True,478
data\frames\trigger\WIN_20260322_11_40_57_Pro_f00020.jpg,trigger,True,478
data\frames\trigger\WIN_20260322_11_40_57_Pro_f00024.jpg,trigger,True,478
data\frames\trigger\WIN_20260322_11_40_57_Pro_f00028.jpg,trigger,True,478
data\frames\trigger\WIN_20260322_11_40_57_Pro_f00032.jpg,trigger,True,478
data\frames\trigger\WIN_20260322_11_40_57_Pro_f00036.jpg,trigger,True,478
data\frames\trigger\WIN_20260322_11_40_57_Pro_f00040.jpg,trigger,True,478
data\frames\trigger\WIN_20260322_11_40_57_Pro_f00044.jpg,trigger,True,478
data\frames\trigger\WIN_20260322_11_40_57_Pro_f00048.jpg,trigger,True,478
data\frames\trigger\WIN_20260322_11_40_57_Pro_f00052.jpg,trigger,False,0
data\frames\trigger\WIN_20260322_11_40_57_Pro_f00056.jpg,trigger,False,0
data\frames\trigger\WIN_20260322_11_40_57_Pro_f00060.jpg,trigger,False,0
data\frames\trigger\WIN_20260322_11_40_57_Pro_f00064.jpg,trigger,False,0
data\frames\trigger\WIN_20260322_11_40_57_Pro_f00068.jpg,trigger,False,0
data\frames\trigger\WIN_20260322_11_40_57_Pro_f00072.jpg,trigger,True,478
data\frames\trigger\WIN_20260322_11_40_57_Pro_f00076.jpg,trigger,False,0
data\frames\trigger\WIN_20260322_11_40_57_Pro_f00080.jpg,trigger,False,0
data\frames\trigger\WIN_20260322_11_40_57_Pro_f00084.jpg,trigger,False,0
data\frames\trigger\WIN_20260322_11_40_57_Pro_f00088.jpg,trigger,True,478
data\frames\trigger\WIN_20260322_11_40_57_Pro_f00092.jpg,trigger,False,0
data\frames\trigger\WIN_20260322_11_40_57_Pro_f00096.jpg,trigger,False,0
data\frames\trigger\WIN_20260322_11_40_57_Pro_f00100.jpg,trigger,True,478
data\frames\trigger\WIN_20260322_11_40_57_Pro_f00104.jpg,trigger,False,0
data\frames\trigger\WIN_20260322_11_40_57_Pro_f00108.jpg,trigger,False,0
data\frames\trigger\WIN_20260322_11_44_06_Pro_f00000.jpg,trigger,True,478
data\frames\trigger\WIN_20260322_11_44_06_Pro_f00004.jpg,trigger,True,478
data\frames\trigger\WIN_20260322_11_44_06_Pro_f00008.jpg,trigger,True,478
data\frames\trigger\WIN_20260322_11_44_06_Pro_f00012.jpg,trigger,True,478
data\frames\trigger\WIN_20260322_11_44_06_Pro_f00016.jpg,trigger,True,478
data\frames\trigger\WIN_20260322_11_44_06_Pro_f00020.jpg,trigger,True,478
data\frames\trigger\WIN_20260322_11_44_06_Pro_f00024.jpg,trigger,True,478
data\frames\trigger\WIN_20260322_11_44_06_Pro_f00028.jpg,trigger,True,478
data\frames\trigger\WIN_20260322_11_44_06_Pro_f00032.jpg,trigger,True,478
data\frames\trigger\WIN_20260322_11_44_06_Pro_f00036.jpg,trigger,True,478
data\frames\trigger\WIN_20260322_11_44_06_Pro_f00040.jpg,trigger,True,478
data\frames\trigger\WIN_20260322_11_44_06_Pro_f00044.jpg,trigger,True,478
data\frames\trigger\WIN_20260322_11_44_06_Pro_f00048.jpg,trigger,True,478
data\frames\trigger\WIN_20260322_11_44_06_Pro_f00052.jpg,trigger,True,478
data\frames\trigger\WIN_20260322_11_44_06_Pro_f00056.jpg,trigger,True,478
data\frames\trigger\WIN_20260322_11_44_06_Pro_f00060.jpg,trigger,True,478
data\frames\trigger\WIN_20260322_11_44_06_Pro_f00064.jpg,trigger,True,478
data\frames\trigger\WIN_20260322_11_44_06_Pro_f00068.jpg,trigger,True,478
data\frames\trigger\WIN_20260322_11_44_06_Pro_f00072.jpg,trigger,True,478
data\frames\trigger\WIN_20260322_11_44_06_Pro_f00076.jpg,trigger,True,478
data\frames\trigger\WIN_20260322_11_44_06_Pro_f00080.jpg,trigger,True,478
data\frames\trigger\WIN_20260322_11_44_06_Pro_f00084.jpg,trigger,True,478
data\frames\trigger\WIN_20260322_11_44_06_Pro_f00088.jpg,trigger,True,478
data\frames\trigger\WIN_20260322_11_44_06_Pro_f00092.jpg,trigger,True,478
data\frames\trigger\WIN_20260322_11_44_06_Pro_f00096.jpg,trigger,True,478
data\frames\trigger\WIN_20260322_11_44_06_Pro_f00100.jpg,trigger,True,478
data\frames\trigger\WIN_20260322_11_44_06_Pro_f00104.jpg,trigger,True,478
data\frames\trigger\WIN_20260322_11_44_06_Pro_f00108.jpg,trigger,True,478
data\frames\trigger\WIN_20260322_11_44_06_Pro_f00112.jpg,trigger,True,478
data\frames\trigger\WIN_20260322_11_44_06_Pro_f00116.jpg,trigger,True,478
data\frames\trigger\WIN_20260322_11_44_06_Pro_f00120.jpg,trigger,True,478
data\frames\trigger\WIN_20260322_11_44_06_Pro_f00124.jpg,trigger,True,478
data\frames\trigger\WIN_20260322_11_44_06_Pro_f00128.jpg,trigger,True,478
data\frames\trigger\WIN_20260322_11_44_06_Pro_f00132.jpg,trigger,True,478
data\frames\trigger\WIN_20260322_11_44_06_Pro_f00136.jpg,trigger,True,478
data\frames\trigger\WIN_20260322_11_44_06_Pro_f00140.jpg,trigger,True,478
data\frames\trigger\WIN_20260322_11_44_06_Pro_f00144.jpg,trigger,True,478
data\frames\trigger\WIN_20260322_11_44_06_Pro_f00148.jpg,trigger,True,478
data\frames\trigger\WIN_20260322_11_44_06_Pro_f00152.jpg,trigger,True,478
data\frames\trigger\WIN_20260322_11_44_06_Pro_f00156.jpg,trigger,True,478
data\frames\trigger\WIN_20260322_11_44_06_Pro_f00160.jpg,trigger,True,478
data\frames\trigger\WIN_20260322_11_44_06_Pro_f00164.jpg,trigger,True,478
data\frames\trigger\WIN_20260322_11_44_06_Pro_f00168.jpg,trigger,True,478
data\frames\trigger\WIN_20260322_11_44_06_Pro_f00172.jpg,trigger,True,478
data\frames\trigger\WIN_20260322_11_44_06_Pro_f00176.jpg,trigger,True,478
data\frames\trigger\WIN_20260322_11_44_06_Pro_f00180.jpg,trigger,True,478
data\frames\trigger\WIN_20260322_11_44_06_Pro_f00184.jpg,trigger,True,478
data\frames\trigger\WIN_20260322_11_44_06_Pro_f00188.jpg,trigger,True,478
data\frames\trigger\WIN_20260322_11_44_06_Pro_f00192.jpg,trigger,True,478
data\frames\trigger\WIN_20260322_11_44_06_Pro_f00196.jpg,trigger,True,478
data\frames\trigger\WIN_20260322_11_44_06_Pro_f00200.jpg,trigger,True,478
data\frames\trigger\WIN_20260322_11_44_06_Pro_f00204.jpg,trigger,True,478
data\frames\trigger\WIN_20260322_11_44_06_Pro_f00208.jpg,trigger,True,478
data\frames\trigger\WIN_20260322_11_44_06_Pro_f00212.jpg,trigger,True,478
data\frames\trigger\WIN_20260322_11_44_06_Pro_f00216.jpg,trigger,True,478
data\frames\trigger\WIN_20260322_11_44_06_Pro_f00220.jpg,trigger,True,478
data\frames\trigger\WIN_20260322_11_44_06_Pro_f00224.jpg,trigger,True,478
data\frames\trigger\WIN_20260322_11_44_06_Pro_f00228.jpg,trigger,True,478
data\frames\trigger\WIN_20260322_11_44_18_Pro_f00000.jpg,trigger,True,478
data\frames\trigger\WIN_20260322_11_44_18_Pro_f00004.jpg,trigger,True,478
data\frames\trigger\WIN_20260322_11_44_18_Pro_f00008.jpg,trigger,True,478
data\frames\trigger\WIN_20260322_11_44_18_Pro_f00012.jpg,trigger,True,478
data\frames\trigger\WIN_20260322_11_44_18_Pro_f00016.jpg,trigger,True,478
data\frames\trigger\WIN_20260322_11_44_18_Pro_f00020.jpg,trigger,True,478
data\frames\trigger\WIN_20260322_11_44_18_Pro_f00024.jpg,trigger,True,478
data\frames\trigger\WIN_20260322_11_44_18_Pro_f00028.jpg,trigger,True,478
data\frames\trigger\WIN_20260322_11_44_18_Pro_f00032.jpg,trigger,True,478
data\frames\trigger\WIN_20260322_11_44_18_Pro_f00036.jpg,trigger,True,478
data\frames\trigger\WIN_20260322_11_44_18_Pro_f00040.jpg,trigger,True,478
data\frames\trigger\WIN_20260322_11_44_18_Pro_f00044.jpg,trigger,True,478
data\frames\trigger\WIN_20260322_11_44_18_Pro_f00048.jpg,trigger,True,478
data\frames\trigger\WIN_20260322_11_44_18_Pro_f00052.jpg,trigger,True,478
data\frames\trigger\WIN_20260322_11_44_18_Pro_f00056.jpg,trigger,True,478
data\frames\trigger\WIN_20260322_11_44_18_Pro_f00060.jpg,trigger,True,478
data\frames\trigger\WIN_20260322_11_44_18_Pro_f00064.jpg,trigger,True,478
data\frames\trigger\WIN_20260322_11_44_18_Pro_f00068.jpg,trigger,True,478
data\frames\trigger\WIN_20260322_11_44_18_Pro_f00072.jpg,trigger,True,478
data\frames\trigger\WIN_20260322_11_44_18_Pro_f00076.jpg,trigger,True,478
data\frames\trigger\WIN_20260322_11_44_18_Pro_f00080.jpg,trigger,True,478
data\frames\trigger\WIN_20260322_11_44_18_Pro_f00084.jpg,trigger,True,478
data\frames\trigger\WIN_20260322_11_44_18_Pro_f00088.jpg,trigger,True,478
data\frames\trigger\WIN_20260322_11_44_18_Pro_f00092.jpg,trigger,True,478
data\frames\trigger\WIN_20260322_11_44_18_Pro_f00096.jpg,trigger,True,478
data\frames\trigger\WIN_20260322_11_44_18_Pro_f00100.jpg,trigger,True,478
data\frames\trigger\WIN_20260322_11_44_18_Pro_f00104.jpg,trigger,True,478
data\frames\trigger\WIN_20260322_11_44_18_Pro_f00108.jpg,trigger,True,478
data\frames\trigger\WIN_20260322_11_44_18_Pro_f00112.jpg,trigger,True,478
data\frames\trigger\WIN_20260322_11_44_18_Pro_f00116.jpg,trigger,True,478
data\frames\trigger\WIN_20260322_11_44_18_Pro_f00120.jpg,trigger,True,478
data\frames\trigger\WIN_20260322_11_44_18_Pro_f00124.jpg,trigger,True,478
data\frames\trigger\WIN_20260322_11_44_18_Pro_f00128.jpg,trigger,True,478
data\frames\trigger\WIN_20260322_11_44_18_Pro_f00132.jpg,trigger,True,478
data\frames\trigger\WIN_20260322_11_44_18_Pro_f00136.jpg,trigger,True,478
data\frames\trigger\WIN_20260322_11_44_18_Pro_f00140.jpg,trigger,True,478
data\frames\trigger\WIN_20260322_11_44_18_Pro_f00144.jpg,trigger,True,478
data\frames\trigger\WIN_20260322_11_44_18_Pro_f00148.jpg,trigger,True,478
data\frames\trigger\WIN_20260322_11_44_18_Pro_f00152.jpg,trigger,True,478
data\frames\trigger\WIN_20260322_11_44_18_Pro_f00156.jpg,trigger,True,478
data\frames\trigger\WIN_20260322_11_44_18_Pro_f00160.jpg,trigger,True,478
data\frames\trigger\WIN_20260322_11_44_18_Pro_f00164.jpg,trigger,True,478
data\frames\trigger\WIN_20260322_11_44_18_Pro_f00168.jpg,trigger,True,478
data\frames\trigger\WIN_20260322_11_44_18_Pro_f00172.jpg,trigger,True,478
data\frames\trigger\WIN_20260322_11_44_18_Pro_f00176.jpg,trigger,True,478
data\frames\trigger\WIN_20260322_11_44_18_Pro_f00180.jpg,trigger,True,478
data\frames\trigger\WIN_20260322_11_44_18_Pro_f00184.jpg,trigger,True,478
data\frames\trigger\WIN_20260322_11_44_18_Pro_f00188.jpg,trigger,True,478
data\frames\trigger\WIN_20260322_11_44_18_Pro_f00192.jpg,trigger,True,478
data\frames\trigger\WIN_20260322_11_44_18_Pro_f00196.jpg,trigger,True,478
data\frames\trigger\WIN_20260322_11_44_18_Pro_f00200.jpg,trigger,True,478
data\frames\trigger\WIN_20260322_11_44_18_Pro_f00204.jpg,trigger,True,478
data\frames\trigger\WIN_20260322_11_44_18_Pro_f00208.jpg,trigger,True,478
data\frames\trigger\WIN_20260322_11_44_18_Pro_f00212.jpg,trigger,True,478
data\frames\trigger\WIN_20260322_11_44_18_Pro_f00216.jpg,trigger,True,478
data\frames\trigger\WIN_20260322_11_44_18_Pro_f00220.jpg,trigger,True,478
data\frames\trigger\WIN_20260322_11_44_18_Pro_f00224.jpg,trigger,True,478
data\frames\trigger\WIN_20260322_11_44_18_Pro_f00228.jpg,trigger,True,478
data\frames\trigger\WIN_20260322_11_44_18_Pro_f00232.jpg,trigger,True,478
data\frames\trigger\WIN_20260322_11_44_18_Pro_f00236.jpg,trigger,True,478
data\frames\trigger\WIN_20260322_11_44_18_Pro_f00240.jpg,trigger,True,478
data\frames\trigger\WIN_20260322_11_44_18_Pro_f00244.jpg,trigger,True,478
data\frames\trigger\WIN_20260322_11_44_18_Pro_f00248.jpg,trigger,True,478
data\frames\trigger\WIN_20260322_11_44_18_Pro_f00252.jpg,trigger,True,478
data\frames\trigger\WIN_20260322_11_44_18_Pro_f00256.jpg,trigger,True,478
data\frames\trigger\WIN_20260322_11_44_29_Pro_f00000.jpg,trigger,True,478
data\frames\trigger\WIN_20260322_11_44_29_Pro_f00004.jpg,trigger,True,478
data\frames\trigger\WIN_20260322_11_44_29_Pro_f00008.jpg,trigger,True,478
data\frames\trigger\WIN_20260322_11_44_29_Pro_f00012.jpg,trigger,True,478
data\frames\trigger\WIN_20260322_11_44_29_Pro_f00016.jpg,trigger,True,478
data\frames\trigger\WIN_20260322_11_44_29_Pro_f00020.jpg,trigger,True,478
data\frames\trigger\WIN_20260322_11_44_29_Pro_f00024.jpg,trigger,True,478
data\frames\trigger\WIN_20260322_11_44_29_Pro_f00028.jpg,trigger,True,478
data\frames\trigger\WIN_20260322_11_44_29_Pro_f00032.jpg,trigger,True,478
data\frames\trigger\WIN_20260322_11_44_29_Pro_f00036.jpg,trigger,True,478
data\frames\trigger\WIN_20260322_11_44_29_Pro_f00040.jpg,trigger,True,478
data\frames\trigger\WIN_20260322_11_44_29_Pro_f00044.jpg,trigger,True,478
data\frames\trigger\WIN_20260322_11_44_29_Pro_f00048.jpg,trigger,True,478
data\frames\trigger\WIN_20260322_11_44_29_Pro_f00052.jpg,trigger,True,478
data\frames\trigger\WIN_20260322_11_44_29_Pro_f00056.jpg,trigger,True,478
data\frames\trigger\WIN_20260322_11_44_29_Pro_f00060.jpg,trigger,True,478
data\frames\trigger\WIN_20260322_11_44_29_Pro_f00064.jpg,trigger,True,478
data\frames\trigger\WIN_20260322_11_44_29_Pro_f00068.jpg,trigger,True,478
data\frames\trigger\WIN_20260322_11_44_29_Pro_f00072.jpg,trigger,True,478
data\frames\trigger\WIN_20260322_11_44_29_Pro_f00076.jpg,trigger,True,478
data\frames\trigger\WIN_20260322_11_44_29_Pro_f00080.jpg,trigger,True,478
data\frames\trigger\WIN_20260322_11_44_29_Pro_f00084.jpg,trigger,True,478
data\frames\trigger\WIN_20260322_11_44_29_Pro_f00088.jpg,trigger,True,478
data\frames\trigger\WIN_20260322_11_44_29_Pro_f00092.jpg,trigger,True,478
data\frames\trigger\WIN_20260322_11_44_29_Pro_f00096.jpg,trigger,True,478
data\frames\trigger\WIN_20260322_11_44_29_Pro_f00100.jpg,trigger,True,478
data\frames\trigger\WIN_20260322_11_44_29_Pro_f00104.jpg,trigger,True,478
data\frames\trigger\WIN_20260322_11_44_29_Pro_f00108.jpg,trigger,True,478
data\frames\trigger\WIN_20260322_11_44_29_Pro_f00112.jpg,trigger,True,478
data\frames\trigger\WIN_20260322_11_44_29_Pro_f00116.jpg,trigger,True,478
data\frames\trigger\WIN_20260322_11_44_29_Pro_f00120.jpg,trigger,True,478
data\frames\trigger\WIN_20260322_11_44_29_Pro_f00124.jpg,trigger,True,478
data\frames\trigger\WIN_20260322_11_44_29_Pro_f00128.jpg,trigger,True,478
data\frames\trigger\WIN_20260322_11_44_29_Pro_f00132.jpg,trigger,True,478
data\frames\trigger\WIN_20260322_11_44_29_Pro_f00136.jpg,trigger,True,478
data\frames\trigger\WIN_20260322_11_44_29_Pro_f00140.jpg,trigger,True,478
data\frames\trigger\WIN_20260322_11_44_29_Pro_f00144.jpg,trigger,True,478
data\frames\trigger\WIN_20260322_11_44_29_Pro_f00148.jpg,trigger,True,478
data\frames\trigger\WIN_20260322_11_44_29_Pro_f00152.jpg,trigger,True,478
data\frames\trigger\WIN_20260322_11_44_29_Pro_f00156.jpg,trigger,True,478
data\frames\trigger\WIN_20260322_11_44_29_Pro_f00160.jpg,trigger,True,478
data\frames\trigger\WIN_20260322_11_44_29_Pro_f00164.jpg,trigger,True,478
data\frames\trigger\WIN_20260322_11_44_29_Pro_f00168.jpg,trigger,True,478
data\frames\trigger\WIN_20260322_11_44_29_Pro_f00172.jpg,trigger,True,478
data\frames\trigger\WIN_20260322_11_44_29_Pro_f00176.jpg,trigger,True,478
data\frames\trigger\WIN_20260322_11_44_29_Pro_f00180.jpg,trigger,True,478
data\frames\trigger\WIN_20260322_11_44_29_Pro_f00184.jpg,trigger,True,478
data\frames\trigger\WIN_20260322_11_44_29_Pro_f00188.jpg,trigger,True,478
data\frames\trigger\WIN_20260322_11_44_29_Pro_f00192.jpg,trigger,True,478
data\frames\trigger\WIN_20260322_11_44_39_Pro_f00000.jpg,trigger,True,478
data\frames\trigger\WIN_20260322_11_44_39_Pro_f00004.jpg,trigger,True,478
data\frames\trigger\WIN_20260322_11_44_39_Pro_f00008.jpg,trigger,True,478
data\frames\trigger\WIN_20260322_11_44_39_Pro_f00012.jpg,trigger,True,478
data\frames\trigger\WIN_20260322_11_44_39_Pro_f00016.jpg,trigger,True,478
data\frames\trigger\WIN_20260322_11_44_39_Pro_f00020.jpg,trigger,True,478
data\frames\trigger\WIN_20260322_11_44_39_Pro_f00024.jpg,trigger,True,478
data\frames\trigger\WIN_20260322_11_44_39_Pro_f00028.jpg,trigger,True,478
data\frames\trigger\WIN_20260322_11_44_39_Pro_f00032.jpg,trigger,True,478
data\frames\trigger\WIN_20260322_11_44_39_Pro_f00036.jpg,trigger,True,478
data\frames\trigger\WIN_20260322_11_44_39_Pro_f00040.jpg,trigger,True,478
data\frames\trigger\WIN_20260322_11_44_39_Pro_f00044.jpg,trigger,True,478
data\frames\trigger\WIN_20260322_11_44_39_Pro_f00048.jpg,trigger,True,478
data\frames\trigger\WIN_20260322_11_44_39_Pro_f00052.jpg,trigger,True,478
data\frames\trigger\WIN_20260322_11_44_39_Pro_f00056.jpg,trigger,True,478
data\frames\trigger\WIN_20260322_11_44_39_Pro_f00060.jpg,trigger,True,478
data\frames\trigger\WIN_20260322_11_44_39_Pro_f00064.jpg,trigger,True,478
data\frames\trigger\WIN_20260322_11_44_39_Pro_f00068.jpg,trigger,True,478
data\frames\trigger\WIN_20260322_11_44_39_Pro_f00072.jpg,trigger,True,478
data\frames\trigger\WIN_20260322_11_44_39_Pro_f00076.jpg,trigger,True,478
data\frames\trigger\WIN_20260322_11_44_39_Pro_f00080.jpg,trigger,True,478
data\frames\trigger\WIN_20260322_11_44_39_Pro_f00084.jpg,trigger,True,478
data\frames\trigger\WIN_20260322_11_44_39_Pro_f00088.jpg,trigger,True,478
data\frames\trigger\WIN_20260322_11_44_39_Pro_f00092.jpg,trigger,True,478
data\frames\trigger\WIN_20260322_11_44_39_Pro_f00096.jpg,trigger,True,478
data\frames\trigger\WIN_20260322_11_44_39_Pro_f00100.jpg,trigger,True,478
data\frames\trigger\WIN_20260322_11_44_39_Pro_f00104.jpg,trigger,True,478
data\frames\trigger\WIN_20260322_11_44_39_Pro_f00108.jpg,trigger,True,478
data\frames\trigger\WIN_20260322_11_44_39_Pro_f00112.jpg,trigger,True,478
data\frames\trigger\WIN_20260322_11_44_39_Pro_f00116.jpg,trigger,True,478
data\frames\trigger\WIN_20260322_11_44_39_Pro_f00120.jpg,trigger,True,478
data\frames\trigger\WIN_20260322_11_44_39_Pro_f00124.jpg,trigger,True,478
data\frames\trigger\WIN_20260322_11_44_39_Pro_f00128.jpg,trigger,True,478
data\frames\trigger\WIN_20260322_11_44_39_Pro_f00132.jpg,trigger,True,478
data\frames\trigger\WIN_20260322_11_44_39_Pro_f00136.jpg,trigger,True,478
data\frames\trigger\WIN_20260322_11_44_39_Pro_f00140.jpg,trigger,True,478
data\frames\trigger\WIN_20260322_11_44_39_Pro_f00144.jpg,trigger,True,478
data\frames\trigger\WIN_20260322_11_44_39_Pro_f00148.jpg,trigger,True,478
data\frames\trigger\WIN_20260322_11_44_39_Pro_f00152.jpg,trigger,True,478
data\frames\trigger\WIN_20260322_11_44_47_Pro_f00000.jpg,trigger,True,478
data\frames\trigger\WIN_20260322_11_44_47_Pro_f00004.jpg,trigger,True,478
data\frames\trigger\WIN_20260322_11_44_47_Pro_f00008.jpg,trigger,True,478
data\frames\trigger\WIN_20260322_11_44_47_Pro_f00012.jpg,trigger,True,478
data\frames\trigger\WIN_20260322_11_44_47_Pro_f00016.jpg,trigger,True,478
data\frames\trigger\WIN_20260322_11_44_47_Pro_f00020.jpg,trigger,True,478
data\frames\trigger\WIN_20260322_11_44_47_Pro_f00024.jpg,trigger,True,478
data\frames\trigger\WIN_20260322_11_44_47_Pro_f00028.jpg,trigger,True,478
data\frames\trigger\WIN_20260322_11_44_47_Pro_f00032.jpg,trigger,True,478
data\frames\trigger\WIN_20260322_11_44_47_Pro_f00036.jpg,trigger,True,478
data\frames\trigger\WIN_20260322_11_44_47_Pro_f00040.jpg,trigger,True,478
data\frames\trigger\WIN_20260322_11_44_47_Pro_f00044.jpg,trigger,True,478
data\frames\trigger\WIN_20260322_11_44_47_Pro_f00048.jpg,trigger,True,478
data\frames\trigger\WIN_20260322_11_44_47_Pro_f00052.jpg,trigger,True,478
data\frames\trigger\WIN_20260322_11_44_47_Pro_f00056.jpg,trigger,True,478
data\frames\trigger\WIN_20260322_11_44_47_Pro_f00060.jpg,trigger,True,478
data\frames\trigger\WIN_20260322_11_44_47_Pro_f00064.jpg,trigger,True,478
data\frames\trigger\WIN_20260322_11_44_47_Pro_f00068.jpg,trigger,True,478
data\frames\trigger\WIN_20260322_11_44_47_Pro_f00072.jpg,trigger,True,478
data\frames\trigger\WIN_20260322_11_44_47_Pro_f00076.jpg,trigger,True,478
data\frames\trigger\WIN_20260322_11_44_47_Pro_f00080.jpg,trigger,True,478
data\frames\trigger\WIN_20260322_11_44_47_Pro_f00084.jpg,trigger,True,478
data\frames\trigger\WIN_20260322_11_44_47_Pro_f00088.jpg,trigger,True,478
data\frames\trigger\WIN_20260322_11_44_47_Pro_f00092.jpg,trigger,True,478
data\frames\trigger\WIN_20260322_11_44_47_Pro_f00096.jpg,trigger,True,478
data\frames\trigger\WIN_20260322_11_44_47_Pro_f00100.jpg,trigger,True,478
data\frames\trigger\WIN_20260322_11_44_47_Pro_f00104.jpg,trigger,True,478
data\frames\trigger\WIN_20260322_11_44_47_Pro_f00108.jpg,trigger,False,0
data\frames\trigger\WIN_20260322_11_44_47_Pro_f00112.jpg,trigger,False,0
data\frames\trigger\WIN_20260322_11_44_47_Pro_f00116.jpg,trigger,False,0
data\frames\trigger\WIN_20260322_11_44_47_Pro_f00120.jpg,trigger,False,0
data\frames\trigger\WIN_20260322_11_44_47_Pro_f00124.jpg,trigger,False,0
data\frames\trigger\WIN_20260322_11_44_47_Pro_f00128.jpg,trigger,False,0
data\frames\trigger\WIN_20260322_11_44_47_Pro_f00132.jpg,trigger,False,0
data\frames\trigger\WIN_20260322_11_44_47_Pro_f00136.jpg,trigger,False,0
data\frames\trigger\WIN_20260322_11_44_47_Pro_f00140.jpg,trigger,False,0
data\frames\trigger\WIN_20260322_11_44_47_Pro_f00144.jpg,trigger,False,0
data\frames\trigger\WIN_20260322_11_44_47_Pro_f00148.jpg,trigger,False,0
data\frames\trigger\WIN_20260322_11_44_47_Pro_f00152.jpg,trigger,False,0
data\frames\trigger\WIN_20260322_11_44_47_Pro_f00156.jpg,trigger,False,0
data\frames\trigger\WIN_20260322_11_44_47_Pro_f00160.jpg,trigger,False,0
data\frames\trigger\WIN_20260322_11_44_47_Pro_f00164.jpg,trigger,False,0
data\frames\trigger\WIN_20260322_11_44_47_Pro_f00168.jpg,trigger,False,0
data\frames\trigger\WIN_20260322_11_44_47_Pro_f00172.jpg,trigger,False,0
data\frames\trigger\WIN_20260322_11_44_47_Pro_f00176.jpg,trigger,False,0
data\frames\trigger\WIN_20260322_11_44_47_Pro_f00180.jpg,trigger,False,0
data\frames\trigger\WIN_20260322_11_44_47_Pro_f00184.jpg,trigger,False,0
data\frames\trigger\WIN_20260322_11_44_57_Pro_f00000.jpg,trigger,True,478
data\frames\trigger\WIN_20260322_11_44_57_Pro_f00004.jpg,trigger,True,478
data\frames\trigger\WIN_20260322_11_44_57_Pro_f00008.jpg,trigger,True,478
data\frames\trigger\WIN_20260322_11_44_57_Pro_f00012.jpg,trigger,True,478
data\frames\trigger\WIN_20260322_11_44_57_Pro_f00016.jpg,trigger,True,478
data\frames\trigger\WIN_20260322_11_44_57_Pro_f00020.jpg,trigger,True,478
data\frames\trigger\WIN_20260322_11_44_57_Pro_f00024.jpg,trigger,True,478
data\frames\trigger\WIN_20260322_11_44_57_Pro_f00028.jpg,trigger,True,478
data\frames\trigger\WIN_20260322_11_44_57_Pro_f00032.jpg,trigger,True,478
data\frames\trigger\WIN_20260322_11_44_57_Pro_f00036.jpg,trigger,True,478
data\frames\trigger\WIN_20260322_11_44_57_Pro_f00040.jpg,trigger,True,478
data\frames\trigger\WIN_20260322_11_44_57_Pro_f00044.jpg,trigger,True,478
data\frames\trigger\WIN_20260322_11_44_57_Pro_f00048.jpg,trigger,True,478
data\frames\trigger\WIN_20260322_11_44_57_Pro_f00052.jpg,trigger,True,478
data\frames\trigger\WIN_20260322_11_44_57_Pro_f00056.jpg,trigger,True,478
data\frames\trigger\WIN_20260322_11_44_57_Pro_f00060.jpg,trigger,True,478
data\frames\trigger\WIN_20260322_11_44_57_Pro_f00064.jpg,trigger,True,478
data\frames\trigger\WIN_20260322_11_44_57_Pro_f00068.jpg,trigger,True,478
data\frames\trigger\WIN_20260322_11_44_57_Pro_f00072.jpg,trigger,True,478
data\frames\trigger\WIN_20260322_11_44_57_Pro_f00076.jpg,trigger,True,478
data\frames\trigger\WIN_20260322_11_44_57_Pro_f00080.jpg,trigger,True,478
data\frames\trigger\WIN_20260322_11_44_57_Pro_f00084.jpg,trigger,True,478
data\frames\trigger\WIN_20260322_11_44_57_Pro_f00088.jpg,trigger,True,478
data\frames\trigger\WIN_20260322_11_44_57_Pro_f00092.jpg,trigger,True,478
data\frames\trigger\WIN_20260322_11_44_57_Pro_f00096.jpg,trigger,True,478
data\frames\trigger\WIN_20260322_11_44_57_Pro_f00100.jpg,trigger,True,478
data\frames\trigger\WIN_20260322_11_44_57_Pro_f00104.jpg,trigger,True,478
data\frames\trigger\WIN_20260322_11_44_57_Pro_f00108.jpg,trigger,True,478
data\frames\trigger\WIN_20260322_11_44_57_Pro_f00112.jpg,trigger,True,478
data\frames\trigger\WIN_20260322_11_44_57_Pro_f00116.jpg,trigger,True,478
data\frames\trigger\WIN_20260322_11_44_57_Pro_f00120.jpg,trigger,True,478
data\frames\trigger\WIN_20260322_11_44_57_Pro_f00124.jpg,trigger,True,478
data\frames\trigger\WIN_20260322_11_44_57_Pro_f00128.jpg,trigger,True,478
data\frames\trigger\WIN_20260322_11_44_57_Pro_f00132.jpg,trigger,True,478
data\frames\trigger\WIN_20260322_11_44_57_Pro_f00136.jpg,trigger,True,478
data\frames\trigger\WIN_20260322_11_44_57_Pro_f00140.jpg,trigger,True,478
data\frames\trigger\WIN_20260322_11_44_57_Pro_f00144.jpg,trigger,True,478
data\frames\trigger\WIN_20260322_11_44_57_Pro_f00148.jpg,trigger,True,478
data\frames\trigger\WIN_20260322_11_44_57_Pro_f00152.jpg,trigger,True,478
data\frames\trigger\WIN_20260322_11_44_57_Pro_f00156.jpg,trigger,True,478
data\frames\trigger\WIN_20260322_11_44_57_Pro_f00160.jpg,trigger,True,478
data\frames\trigger\WIN_20260322_11_44_57_Pro_f00164.jpg,trigger,True,478
data\frames\trigger\WIN_20260322_11_44_57_Pro_f00168.jpg,trigger,True,478
data\frames\trigger\WIN_20260322_11_44_57_Pro_f00172.jpg,trigger,True,478
data\frames\trigger\WIN_20260322_11_45_06_Pro_f00000.jpg,trigger,False,0
data\frames\trigger\WIN_20260322_11_45_06_Pro_f00004.jpg,trigger,False,0
data\frames\trigger\WIN_20260322_11_45_06_Pro_f00008.jpg,trigger,False,0
data\frames\trigger\WIN_20260322_11_45_06_Pro_f00012.jpg,trigger,False,0
data\frames\trigger\WIN_20260322_11_45_06_Pro_f00016.jpg,trigger,False,0
data\frames\trigger\WIN_20260322_11_45_06_Pro_f00020.jpg,trigger,False,0
data\frames\trigger\WIN_20260322_11_45_06_Pro_f00024.jpg,trigger,True,478
data\frames\trigger\WIN_20260322_11_45_06_Pro_f00028.jpg,trigger,True,478
data\frames\trigger\WIN_20260322_11_45_06_Pro_f00032.jpg,trigger,True,478
data\frames\trigger\WIN_20260322_11_45_06_Pro_f00036.jpg,trigger,True,478
data\frames\trigger\WIN_20260322_11_45_06_Pro_f00040.jpg,trigger,True,478
data\frames\trigger\WIN_20260322_11_45_06_Pro_f00044.jpg,trigger,True,478
data\frames\trigger\WIN_20260322_11_45_06_Pro_f00048.jpg,trigger,True,478
data\frames\trigger\WIN_20260322_11_45_06_Pro_f00052.jpg,trigger,True,478
data\frames\trigger\WIN_20260322_11_45_06_Pro_f00056.jpg,trigger,True,478
data\frames\trigger\WIN_20260322_11_45_06_Pro_f00060.jpg,trigger,True,478
data\frames\trigger\WIN_20260322_11_45_06_Pro_f00064.jpg,trigger,True,478
data\frames\trigger\WIN_20260322_11_45_06_Pro_f00068.jpg,trigger,True,478
data\frames\trigger\WIN_20260322_11_45_06_Pro_f00072.jpg,trigger,True,478
data\frames\trigger\WIN_20260322_11_45_06_Pro_f00076.jpg,trigger,True,478
data\frames\trigger\WIN_20260322_11_45_06_Pro_f00080.jpg,trigger,True,478
data\frames\trigger\WIN_20260322_11_45_06_Pro_f00084.jpg,trigger,True,478
data\frames\trigger\WIN_20260322_11_45_06_Pro_f00088.jpg,trigger,True,478
data\frames\trigger\WIN_20260322_11_45_06_Pro_f00092.jpg,trigger,True,478
data\frames\trigger\WIN_20260322_11_45_06_Pro_f00096.jpg,trigger,True,478
data\frames\trigger\WIN_20260322_11_45_06_Pro_f00100.jpg,trigger,True,478
data\frames\trigger\WIN_20260322_11_45_06_Pro_f00104.jpg,trigger,True,478
data\frames\trigger\WIN_20260322_11_45_06_Pro_f00108.jpg,trigger,True,478
data\frames\trigger\WIN_20260322_11_45_06_Pro_f00112.jpg,trigger,True,478
data\frames\trigger\WIN_20260322_11_45_06_Pro_f00116.jpg,trigger,True,478
data\frames\trigger\WIN_20260322_11_45_06_Pro_f00120.jpg,trigger,True,478
data\frames\trigger\WIN_20260322_11_45_06_Pro_f00124.jpg,trigger,True,478
data\frames\trigger\WIN_20260322_11_45_06_Pro_f00128.jpg,trigger,True,478
data\frames\trigger\WIN_20260322_11_45_06_Pro_f00132.jpg,trigger,True,478
data\frames\trigger\WIN_20260322_11_45_06_Pro_f00136.jpg,trigger,True,478
data\frames\trigger\WIN_20260322_11_45_06_Pro_f00140.jpg,trigger,True,478
data\frames\trigger\WIN_20260322_11_45_06_Pro_f00144.jpg,trigger,True,478
data\frames\trigger\WIN_20260322_11_45_06_Pro_f00148.jpg,trigger,True,478
data\frames\trigger\WIN_20260322_11_45_06_Pro_f00152.jpg,trigger,True,478
data\frames\trigger\WIN_20260322_11_45_06_Pro_f00156.jpg,trigger,True,478
data\frames\trigger\WIN_20260322_11_45_06_Pro_f00160.jpg,trigger,True,478
data\frames\trigger\WIN_20260322_11_45_06_Pro_f00164.jpg,trigger,True,478
data\frames\trigger\WIN_20260322_11_45_06_Pro_f00168.jpg,trigger,True,478
data\frames\trigger\WIN_20260322_11_45_06_Pro_f00172.jpg,trigger,True,478
data\frames\trigger\WIN_20260322_11_45_06_Pro_f00176.jpg,trigger,True,478
data\frames\trigger\WIN_20260322_11_45_06_Pro_f00180.jpg,trigger,True,478
data\frames\trigger\WIN_20260322_11_45_06_Pro_f00184.jpg,trigger,True,478
data\frames\trigger\WIN_20260322_11_45_06_Pro_f00188.jpg,trigger,True,478
data\frames\trigger\WIN_20260322_11_45_06_Pro_f00192.jpg,trigger,True,478
data\frames\trigger\WIN_20260322_11_45_06_Pro_f00196.jpg,trigger,True,478
data\frames\trigger\WIN_20260322_11_45_06_Pro_f00200.jpg,trigger,True,478
data\frames\trigger\WIN_20260322_11_45_06_Pro_f00204.jpg,trigger,True,478
data\frames\trigger\WIN_20260322_11_45_06_Pro_f00208.jpg,trigger,True,478
data\frames\trigger\WIN_20260322_11_45_06_Pro_f00212.jpg,trigger,True,478
data\frames\trigger\WIN_20260322_11_45_06_Pro_f00216.jpg,trigger,True,478
data\frames\trigger\WIN_20260322_11_45_06_Pro_f00220.jpg,trigger,True,478
data\frames\trigger\WIN_20260322_11_45_06_Pro_f00224.jpg,trigger,True,478
data\frames\trigger\WIN_20260322_11_45_06_Pro_f00228.jpg,trigger,True,478
data\frames\trigger\WIN_20260322_11_45_06_Pro_f00232.jpg,trigger,True,478
data\frames\trigger\WIN_20260322_11_45_06_Pro_f00236.jpg,trigger,True,478
data\frames\trigger\WIN_20260322_11_45_06_Pro_f00240.jpg,trigger,True,478
data\frames\trigger\WIN_20260322_11_45_06_Pro_f00244.jpg,trigger,True,478
data\frames\trigger\WIN_20260322_11_45_06_Pro_f00248.jpg,trigger,True,478
data\frames\trigger\WIN_20260322_11_45_06_Pro_f00252.jpg,trigger,True,478
data\frames\trigger\WIN_20260322_11_45_06_Pro_f00256.jpg,trigger,True,478
data\frames\trigger\WIN_20260322_11_45_06_Pro_f00260.jpg,trigger,True,478
data\frames\trigger\WIN_20260322_11_45_06_Pro_f00264.jpg,trigger,True,478
data\frames\trigger\WIN_20260322_11_45_06_Pro_f00268.jpg,trigger,True,478
data\frames\trigger\WIN_20260322_11_45_06_Pro_f00272.jpg,trigger,True,478
data\frames\trigger\WIN_20260322_11_45_06_Pro_f00276.jpg,trigger,True,478
data\frames\trigger\WIN_20260322_11_45_19_Pro_f00000.jpg,trigger,True,478
data\frames\trigger\WIN_20260322_11_45_19_Pro_f00004.jpg,trigger,True,478
data\frames\trigger\WIN_20260322_11_45_19_Pro_f00008.jpg,trigger,True,478
data\frames\trigger\WIN_20260322_11_45_19_Pro_f00012.jpg,trigger,True,478
data\frames\trigger\WIN_20260322_11_45_19_Pro_f00016.jpg,trigger,True,478
data\frames\trigger\WIN_20260322_11_45_19_Pro_f00020.jpg,trigger,True,478
data\frames\trigger\WIN_20260322_11_45_19_Pro_f00024.jpg,trigger,True,478
data\frames\trigger\WIN_20260322_11_45_19_Pro_f00028.jpg,trigger,True,478
data\frames\trigger\WIN_20260322_11_45_19_Pro_f00032.jpg,trigger,True,478
data\frames\trigger\WIN_20260322_11_45_19_Pro_f00036.jpg,trigger,True,478
data\frames\trigger\WIN_20260322_11_45_19_Pro_f00040.jpg,trigger,True,478
data\frames\trigger\WIN_20260322_11_45_19_Pro_f00044.jpg,trigger,True,478
data\frames\trigger\WIN_20260322_11_45_19_Pro_f00048.jpg,trigger,True,478
data\frames\trigger\WIN_20260322_11_45_19_Pro_f00052.jpg,trigger,True,478
data\frames\trigger\WIN_20260322_11_45_19_Pro_f00056.jpg,trigger,True,478
data\frames\trigger\WIN_20260322_11_45_19_Pro_f00060.jpg,trigger,True,478
data\frames\trigger\WIN_20260322_11_45_19_Pro_f00064.jpg,trigger,True,478
data\frames\trigger\WIN_20260322_11_45_19_Pro_f00068.jpg,trigger,True,478
data\frames\trigger\WIN_20260322_11_45_19_Pro_f00072.jpg,trigger,True,478
data\frames\trigger\WIN_20260322_11_45_19_Pro_f00076.jpg,trigger,True,478
data\frames\trigger\WIN_20260322_11_45_19_Pro_f00080.jpg,trigger,True,478
data\frames\trigger\WIN_20260322_11_45_19_Pro_f00084.jpg,trigger,True,478
data\frames\trigger\WIN_20260322_11_45_19_Pro_f00088.jpg,trigger,True,478
data\frames\trigger\WIN_20260322_11_45_19_Pro_f00092.jpg,trigger,True,478
data\frames\trigger\WIN_20260322_11_45_19_Pro_f00096.jpg,trigger,True,478
data\frames\trigger\WIN_20260322_11_45_19_Pro_f00100.jpg,trigger,True,478
data\frames\trigger\WIN_20260322_11_45_19_Pro_f00104.jpg,trigger,True,478
data\frames\trigger\WIN_20260322_11_45_19_Pro_f00108.jpg,trigger,True,478
data\frames\trigger\WIN_20260322_11_45_19_Pro_f00112.jpg,trigger,True,478
data\frames\trigger\WIN_20260322_11_45_19_Pro_f00116.jpg,trigger,True,478
data\frames\trigger\WIN_20260322_11_45_19_Pro_f00120.jpg,trigger,True,478
data\frames\trigger\WIN_20260322_11_45_19_Pro_f00124.jpg,trigger,True,478
data\frames\trigger\WIN_20260322_11_45_19_Pro_f00128.jpg,trigger,True,478
data\frames\trigger\WIN_20260322_11_45_19_Pro_f00132.jpg,trigger,True,478
data\frames\trigger\WIN_20260322_11_45_19_Pro_f00136.jpg,trigger,True,478
data\frames\trigger\WIN_20260322_11_45_19_Pro_f00140.jpg,trigger,True,478
data\frames\trigger\WIN_20260322_11_45_19_Pro_f00144.jpg,trigger,True,478
data\frames\trigger\WIN_20260322_11_45_19_Pro_f00148.jpg,trigger,True,478
data\frames\trigger\WIN_20260322_11_45_19_Pro_f00152.jpg,trigger,True,478
data\frames\trigger\WIN_20260322_11_45_19_Pro_f00156.jpg,trigger,True,478
data\frames\trigger\WIN_20260322_11_45_19_Pro_f00160.jpg,trigger,True,478
data\frames\trigger\WIN_20260322_11_45_19_Pro_f00164.jpg,trigger,True,478
data\frames\trigger\WIN_20260322_11_45_19_Pro_f00168.jpg,trigger,True,478
data\frames\trigger\WIN_20260322_11_45_19_Pro_f00172.jpg,trigger,True,478
data\frames\trigger\WIN_20260322_11_45_19_Pro_f00176.jpg,trigger,True,478
data\frames\trigger\WIN_20260322_11_45_19_Pro_f00180.jpg,trigger,True,478
data\frames\trigger\WIN_20260322_11_45_19_Pro_f00184.jpg,trigger,True,478
data\frames\trigger\WIN_20260322_11_45_19_Pro_f00188.jpg,trigger,True,478
data\frames\trigger\WIN_20260322_11_45_19_Pro_f00192.jpg,trigger,True,478
data\frames\trigger\WIN_20260322_11_45_19_Pro_f00196.jpg,trigger,True,478
data\frames\trigger\WIN_20260322_11_45_19_Pro_f00200.jpg,trigger,True,478
data\frames\trigger\WIN_20260322_11_45_19_Pro_f00204.jpg,trigger,True,478
data\frames\trigger\WIN_20260322_11_45_19_Pro_f00208.jpg,trigger,True,478
data\frames\trigger\WIN_20260322_11_45_19_Pro_f00212.jpg,trigger,True,478
data\frames\trigger\WIN_20260322_11_45_19_Pro_f00216.jpg,trigger,True,478
data\frames\trigger\WIN_20260322_11_45_19_Pro_f00220.jpg,trigger,True,478
data\frames\trigger\WIN_20260322_11_45_19_Pro_f00224.jpg,trigger,True,478
data\frames\trigger\WIN_20260322_11_45_19_Pro_f00228.jpg,trigger,True,478
data\frames\trigger\WIN_20260322_11_45_19_Pro_f00232.jpg,trigger,True,478
data\frames\trigger\WIN_20260322_11_45_19_Pro_f00236.jpg,trigger,True,478
data\frames\trigger\WIN_20260322_11_45_29_Pro_f00000.jpg,trigger,True,478
data\frames\trigger\WIN_20260322_11_45_29_Pro_f00004.jpg,trigger,True,478
data\frames\trigger\WIN_20260322_11_45_29_Pro_f00008.jpg,trigger,True,478
data\frames\trigger\WIN_20260322_11_45_29_Pro_f00012.jpg,trigger,True,478
data\frames\trigger\WIN_20260322_11_45_29_Pro_f00016.jpg,trigger,True,478
data\frames\trigger\WIN_20260322_11_45_29_Pro_f00020.jpg,trigger,True,478
data\frames\trigger\WIN_20260322_11_45_29_Pro_f00024.jpg,trigger,True,478
data\frames\trigger\WIN_20260322_11_45_29_Pro_f00028.jpg,trigger,True,478
data\frames\trigger\WIN_20260322_11_45_29_Pro_f00032.jpg,trigger,True,478
data\frames\trigger\WIN_20260322_11_45_29_Pro_f00036.jpg,trigger,True,478
data\frames\trigger\WIN_20260322_11_45_29_Pro_f00040.jpg,trigger,True,478
data\frames\trigger\WIN_20260322_11_45_29_Pro_f00044.jpg,trigger,True,478
data\frames\trigger\WIN_20260322_11_45_29_Pro_f00048.jpg,trigger,True,478
data\frames\trigger\WIN_20260322_11_45_29_Pro_f00052.jpg,trigger,True,478
data\frames\trigger\WIN_20260322_11_45_29_Pro_f00056.jpg,trigger,True,478
data\frames\trigger\WIN_20260322_11_45_29_Pro_f00060.jpg,trigger,True,478
data\frames\trigger\WIN_20260322_11_45_29_Pro_f00064.jpg,trigger,True,478
data\frames\trigger\WIN_20260322_11_45_29_Pro_f00068.jpg,trigger,True,478
data\frames\trigger\WIN_20260322_11_45_29_Pro_f00072.jpg,trigger,True,478
data\frames\trigger\WIN_20260322_11_45_29_Pro_f00076.jpg,trigger,True,478
data\frames\trigger\WIN_20260322_11_45_29_Pro_f00080.jpg,trigger,True,478
data\frames\trigger\WIN_20260322_11_45_29_Pro_f00084.jpg,trigger,True,478
data\frames\trigger\WIN_20260322_11_45_29_Pro_f00088.jpg,trigger,True,478
data\frames\trigger\WIN_20260322_11_45_29_Pro_f00092.jpg,trigger,True,478
data\frames\trigger\WIN_20260322_11_45_29_Pro_f00096.jpg,trigger,True,478
data\frames\trigger\WIN_20260322_11_45_29_Pro_f00100.jpg,trigger,True,478
data\frames\trigger\WIN_20260322_11_45_29_Pro_f00104.jpg,trigger,True,478
data\frames\trigger\WIN_20260322_11_45_29_Pro_f00108.jpg,trigger,True,478
data\frames\trigger\WIN_20260322_11_45_29_Pro_f00112.jpg,trigger,True,478
data\frames\trigger\WIN_20260322_11_45_29_Pro_f00116.jpg,trigger,True,478
data\frames\trigger\WIN_20260322_11_45_29_Pro_f00120.jpg,trigger,True,478
data\frames\trigger\WIN_20260322_11_45_29_Pro_f00124.jpg,trigger,True,478
data\frames\trigger\WIN_20260322_11_45_29_Pro_f00128.jpg,trigger,True,478
data\frames\trigger\WIN_20260322_11_45_29_Pro_f00132.jpg,trigger,True,478
data\frames\trigger\WIN_20260322_11_45_29_Pro_f00136.jpg,trigger,True,478
data\frames\trigger\WIN_20260322_11_45_29_Pro_f00140.jpg,trigger,True,478
data\frames\trigger\WIN_20260322_11_45_29_Pro_f00144.jpg,trigger,True,478
data\frames\trigger\WIN_20260322_11_45_29_Pro_f00148.jpg,trigger,True,478
data\frames\trigger\WIN_20260322_11_45_29_Pro_f00152.jpg,trigger,True,478
data\frames\trigger\WIN_20260322_11_45_29_Pro_f00156.jpg,trigger,True,478
data\frames\trigger\WIN_20260322_11_45_29_Pro_f00160.jpg,trigger,True,478
data\frames\trigger\WIN_20260322_11_45_29_Pro_f00164.jpg,trigger,True,478
data\frames\trigger\WIN_20260322_11_45_29_Pro_f00168.jpg,trigger,True,478
data\frames\trigger\WIN_20260322_11_45_29_Pro_f00172.jpg,trigger,True,478
data\frames\trigger\WIN_20260322_11_45_29_Pro_f00176.jpg,trigger,True,478
data\frames\trigger\WIN_20260322_11_45_29_Pro_f00180.jpg,trigger,True,478
data\frames\trigger\WIN_20260322_11_45_29_Pro_f00184.jpg,trigger,True,478
data\frames\trigger\WIN_20260322_11_45_29_Pro_f00188.jpg,trigger,True,478
data\frames\trigger\WIN_20260322_11_45_29_Pro_f00192.jpg,trigger,True,478
data\frames\trigger\WIN_20260322_11_45_29_Pro_f00196.jpg,trigger,True,478
data\frames\trigger\WIN_20260322_11_45_29_Pro_f00200.jpg,trigger,True,478
data\frames\trigger\WIN_20260322_11_45_29_Pro_f00204.jpg,trigger,True,478
data\frames\trigger\WIN_20260322_11_45_29_Pro_f00208.jpg,trigger,True,478
data\frames\trigger\WIN_20260322_11_45_29_Pro_f00212.jpg,trigger,True,478
data\frames\trigger\WIN_20260322_11_45_29_Pro_f00216.jpg,trigger,True,478
data\frames\trigger\WIN_20260322_11_45_29_Pro_f00220.jpg,trigger,True,478
data\frames\trigger\WIN_20260322_11_45_42_Pro_f00000.jpg,trigger,True,478
data\frames\trigger\WIN_20260322_11_45_42_Pro_f00004.jpg,trigger,True,478
data\frames\trigger\WIN_20260322_11_45_42_Pro_f00008.jpg,trigger,True,478
data\frames\trigger\WIN_20260322_11_45_42_Pro_f00012.jpg,trigger,True,478
data\frames\trigger\WIN_20260322_11_45_42_Pro_f00016.jpg,trigger,True,478
data\frames\trigger\WIN_20260322_11_45_42_Pro_f00020.jpg,trigger,True,478
data\frames\trigger\WIN_20260322_11_45_42_Pro_f00024.jpg,trigger,True,478
data\frames\trigger\WIN_20260322_11_45_42_Pro_f00028.jpg,trigger,True,478
data\frames\trigger\WIN_20260322_11_45_42_Pro_f00032.jpg,trigger,True,478
data\frames\trigger\WIN_20260322_11_45_42_Pro_f00036.jpg,trigger,True,478
data\frames\trigger\WIN_20260322_11_45_42_Pro_f00040.jpg,trigger,True,478
data\frames\trigger\WIN_20260322_11_45_42_Pro_f00044.jpg,trigger,True,478
data\frames\trigger\WIN_20260322_11_45_42_Pro_f00048.jpg,trigger,True,478
data\frames\trigger\WIN_20260322_11_45_42_Pro_f00052.jpg,trigger,True,478
data\frames\trigger\WIN_20260322_11_45_42_Pro_f00056.jpg,trigger,True,478
data\frames\trigger\WIN_20260322_11_45_42_Pro_f00060.jpg,trigger,True,478
data\frames\trigger\WIN_20260322_11_45_42_Pro_f00064.jpg,trigger,True,478
data\frames\trigger\WIN_20260322_11_45_42_Pro_f00068.jpg,trigger,True,478
data\frames\trigger\WIN_20260322_11_45_42_Pro_f00072.jpg,trigger,True,478
data\frames\trigger\WIN_20260322_11_45_42_Pro_f00076.jpg,trigger,True,478
data\frames\trigger\WIN_20260322_11_45_42_Pro_f00080.jpg,trigger,True,478
data\frames\trigger\WIN_20260322_11_45_42_Pro_f00084.jpg,trigger,True,478
data\frames\trigger\WIN_20260322_11_45_42_Pro_f00088.jpg,trigger,True,478
data\frames\trigger\WIN_20260322_11_45_42_Pro_f00092.jpg,trigger,True,478
data\frames\trigger\WIN_20260322_11_45_42_Pro_f00096.jpg,trigger,True,478
data\frames\trigger\WIN_20260322_11_45_42_Pro_f00100.jpg,trigger,True,478
data\frames\trigger\WIN_20260322_11_45_42_Pro_f00104.jpg,trigger,True,478
data\frames\trigger\WIN_20260322_11_45_42_Pro_f00108.jpg,trigger,True,478
data\frames\trigger\WIN_20260322_11_45_42_Pro_f00112.jpg,trigger,True,478
data\frames\trigger\WIN_20260322_11_45_42_Pro_f00116.jpg,trigger,True,478
data\frames\trigger\WIN_20260322_11_45_42_Pro_f00120.jpg,trigger,True,478
data\frames\trigger\WIN_20260322_11_45_42_Pro_f00124.jpg,trigger,True,478
data\frames\trigger\WIN_20260322_11_45_42_Pro_f00128.jpg,trigger,True,478
data\frames\trigger\WIN_20260322_11_45_42_Pro_f00132.jpg,trigger,True,478
data\frames\trigger\WIN_20260322_11_45_42_Pro_f00136.jpg,trigger,True,478
data\frames\trigger\WIN_20260322_11_45_42_Pro_f00140.jpg,trigger,True,478
data\frames\trigger\WIN_20260322_11_45_42_Pro_f00144.jpg,trigger,True,478
data\frames\trigger\WIN_20260322_11_45_42_Pro_f00148.jpg,trigger,True,478
data\frames\trigger\WIN_20260322_11_45_42_Pro_f00152.jpg,trigger,True,478
data\frames\trigger\WIN_20260322_11_45_42_Pro_f00156.jpg,trigger,True,478
data\frames\trigger\WIN_20260322_11_45_42_Pro_f00160.jpg,trigger,True,478
data\frames\trigger\WIN_20260322_11_45_42_Pro_f00164.jpg,trigger,True,478
data\frames\trigger\WIN_20260322_11_45_42_Pro_f00168.jpg,trigger,True,478
data\frames\trigger\WIN_20260322_11_45_42_Pro_f00172.jpg,trigger,True,478
data\frames\trigger\WIN_20260322_11_45_42_Pro_f00176.jpg,trigger,True,478
data\frames\trigger\WIN_20260322_11_45_42_Pro_f00180.jpg,trigger,True,478
data\frames\trigger\WIN_20260322_11_45_42_Pro_f00184.jpg,trigger,True,478
data\frames\trigger\WIN_20260322_11_45_42_Pro_f00188.jpg,trigger,True,478
data\frames\trigger\WIN_20260322_11_45_42_Pro_f00192.jpg,trigger,True,478
data\frames\trigger\WIN_20260322_11_45_42_Pro_f00196.jpg,trigger,True,478
data\frames\trigger\WIN_20260322_11_45_42_Pro_f00200.jpg,trigger,True,478
data\frames\trigger\WIN_20260322_11_45_42_Pro_f00204.jpg,trigger,True,478
data\frames\trigger\WIN_20260322_11_45_42_Pro_f00208.jpg,trigger,True,478
data\frames\trigger\WIN_20260322_11_45_42_Pro_f00212.jpg,trigger,True,478
data\frames\trigger\WIN_20260322_11_45_42_Pro_f00216.jpg,trigger,True,478
data\frames\trigger\WIN_20260322_11_45_42_Pro_f00220.jpg,trigger,True,478
data\frames\trigger\WIN_20260322_11_45_42_Pro_f00224.jpg,trigger,True,478
data\frames\trigger\WIN_20260322_11_45_42_Pro_f00228.jpg,trigger,True,478
data\frames\trigger\WIN_20260322_11_45_42_Pro_f00232.jpg,trigger,True,478
data\frames\trigger\WIN_20260322_11_45_42_Pro_f00236.jpg,trigger,True,478
data\frames\trigger\WIN_20260322_11_45_42_Pro_f00240.jpg,trigger,True,478
data\frames\non_trigger\WIN_20260322_10_58_36_Pro_f00000.jpg,non_trigger,True,478
data\frames\non_trigger\WIN_20260322_10_58_36_Pro_f00004.jpg,non_trigger,True,478
data\frames\non_trigger\WIN_20260322_10_58_36_Pro_f00008.jpg,non_trigger,True,478
data\frames\non_trigger\WIN_20260322_10_58_36_Pro_f00012.jpg,non_trigger,True,478
data\frames\non_trigger\WIN_20260322_10_58_36_Pro_f00016.jpg,non_trigger,True,478
data\frames\non_trigger\WIN_20260322_10_58_36_Pro_f00020.jpg,non_trigger,True,478
data\frames\non_trigger\WIN_20260322_10_58_36_Pro_f00024.jpg,non_trigger,True,478
data\frames\non_trigger\WIN_20260322_10_59_13_Pro_f00000.jpg,non_trigger,True,478
data\frames\non_trigger\WIN_20260322_10_59_13_Pro_f00004.jpg,non_trigger,True,478
data\frames\non_trigger\WIN_20260322_10_59_13_Pro_f00008.jpg,non_trigger,True,478
data\frames\non_trigger\WIN_20260322_10_59_13_Pro_f00012.jpg,non_trigger,True,478
data\frames\non_trigger\WIN_20260322_10_59_13_Pro_f00016.jpg,non_trigger,True,478
data\frames\non_trigger\WIN_20260322_10_59_13_Pro_f00020.jpg,non_trigger,True,478
data\frames\non_trigger\WIN_20260322_10_59_13_Pro_f00024.jpg,non_trigger,True,478
data\frames\non_trigger\WIN_20260322_10_59_13_Pro_f00028.jpg,non_trigger,True,478
data\frames\non_trigger\WIN_20260322_10_59_13_Pro_f00032.jpg,non_trigger,True,478
data\frames\non_trigger\WIN_20260322_10_59_13_Pro_f00036.jpg,non_trigger,True,478
data\frames\non_trigger\WIN_20260322_10_59_13_Pro_f00040.jpg,non_trigger,True,478
data\frames\non_trigger\WIN_20260322_10_59_13_Pro_f00044.jpg,non_trigger,True,478
data\frames\non_trigger\WIN_20260322_10_59_13_Pro_f00048.jpg,non_trigger,True,478
data\frames\non_trigger\WIN_20260322_10_59_13_Pro_f00052.jpg,non_trigger,True,478
data\frames\non_trigger\WIN_20260322_10_59_13_Pro_f00056.jpg,non_trigger,True,478
data\frames\non_trigger\WIN_20260322_10_59_13_Pro_f00060.jpg,non_trigger,True,478
data\frames\non_trigger\WIN_20260322_10_59_13_Pro_f00064.jpg,non_trigger,True,478
data\frames\non_trigger\WIN_20260322_10_59_13_Pro_f00068.jpg,non_trigger,True,478
data\frames\non_trigger\WIN_20260322_10_59_25_Pro_f00000.jpg,non_trigger,True,478
data\frames\non_trigger\WIN_20260322_10_59_25_Pro_f00004.jpg,non_trigger,True,478
data\frames\non_trigger\WIN_20260322_10_59_25_Pro_f00008.jpg,non_trigger,True,478
data\frames\non_trigger\WIN_20260322_10_59_25_Pro_f00012.jpg,non_trigger,True,478
data\frames\non_trigger\WIN_20260322_10_59_25_Pro_f00016.jpg,non_trigger,True,478
data\frames\non_trigger\WIN_20260322_10_59_25_Pro_f00020.jpg,non_trigger,True,478
data\frames\non_trigger\WIN_20260322_10_59_25_Pro_f00024.jpg,non_trigger,True,478
data\frames\non_trigger\WIN_20260322_10_59_25_Pro_f00028.jpg,non_trigger,True,478
data\frames\non_trigger\WIN_20260322_10_59_25_Pro_f00032.jpg,non_trigger,True,478
data\frames\non_trigger\WIN_20260322_10_59_25_Pro_f00036.jpg,non_trigger,True,478
data\frames\non_trigger\WIN_20260322_10_59_25_Pro_f00040.jpg,non_trigger,True,478
data\frames\non_trigger\WIN_20260322_10_59_25_Pro_f00044.jpg,non_trigger,True,478
data\frames\non_trigger\WIN_20260322_10_59_25_Pro_f00048.jpg,non_trigger,True,478
data\frames\non_trigger\WIN_20260322_10_59_25_Pro_f00052.jpg,non_trigger,True,478
data\frames\non_trigger\WIN_20260322_10_59_25_Pro_f00056.jpg,non_trigger,True,478
data\frames\non_trigger\WIN_20260322_10_59_25_Pro_f00060.jpg,non_trigger,True,478
data\frames\non_trigger\WIN_20260322_10_59_25_Pro_f00064.jpg,non_trigger,True,478
data\frames\non_trigger\WIN_20260322_10_59_25_Pro_f00068.jpg,non_trigger,True,478
data\frames\non_trigger\WIN_20260322_10_59_25_Pro_f00072.jpg,non_trigger,True,478
data\frames\non_trigger\WIN_20260322_10_59_25_Pro_f00076.jpg,non_trigger,True,478
data\frames\non_trigger\WIN_20260322_10_59_25_Pro_f00080.jpg,non_trigger,True,478
data\frames\non_trigger\WIN_20260322_10_59_25_Pro_f00084.jpg,non_trigger,True,478
data\frames\non_trigger\WIN_20260322_10_59_45_Pro_f00000.jpg,non_trigger,True,478
data\frames\non_trigger\WIN_20260322_10_59_45_Pro_f00004.jpg,non_trigger,True,478
data\frames\non_trigger\WIN_20260322_10_59_45_Pro_f00008.jpg,non_trigger,True,478
data\frames\non_trigger\WIN_20260322_10_59_45_Pro_f00012.jpg,non_trigger,True,478
data\frames\non_trigger\WIN_20260322_10_59_45_Pro_f00016.jpg,non_trigger,True,478
data\frames\non_trigger\WIN_20260322_10_59_45_Pro_f00020.jpg,non_trigger,True,478
data\frames\non_trigger\WIN_20260322_10_59_45_Pro_f00024.jpg,non_trigger,True,478
data\frames\non_trigger\WIN_20260322_10_59_45_Pro_f00028.jpg,non_trigger,True,478
data\frames\non_trigger\WIN_20260322_10_59_45_Pro_f00032.jpg,non_trigger,True,478
data\frames\non_trigger\WIN_20260322_10_59_45_Pro_f00036.jpg,non_trigger,True,478
data\frames\non_trigger\WIN_20260322_10_59_45_Pro_f00040.jpg,non_trigger,True,478
data\frames\non_trigger\WIN_20260322_10_59_45_Pro_f00044.jpg,non_trigger,True,478
data\frames\non_trigger\WIN_20260322_10_59_45_Pro_f00048.jpg,non_trigger,True,478
data\frames\non_trigger\WIN_20260322_10_59_45_Pro_f00052.jpg,non_trigger,True,478
data\frames\non_trigger\WIN_20260322_10_59_45_Pro_f00056.jpg,non_trigger,True,478
data\frames\non_trigger\WIN_20260322_10_59_45_Pro_f00060.jpg,non_trigger,True,478
data\frames\non_trigger\WIN_20260322_10_59_45_Pro_f00064.jpg,non_trigger,True,478
data\frames\non_trigger\WIN_20260322_10_59_45_Pro_f00068.jpg,non_trigger,True,478
data\frames\non_trigger\WIN_20260322_10_59_45_Pro_f00072.jpg,non_trigger,True,478
data\frames\non_trigger\WIN_20260322_10_59_45_Pro_f00076.jpg,non_trigger,True,478
data\frames\non_trigger\WIN_20260322_10_59_45_Pro_f00080.jpg,non_trigger,True,478
data\frames\non_trigger\WIN_20260322_10_59_45_Pro_f00084.jpg,non_trigger,True,478
data\frames\non_trigger\WIN_20260322_10_59_45_Pro_f00088.jpg,non_trigger,True,478
data\frames\non_trigger\WIN_20260322_10_59_45_Pro_f00092.jpg,non_trigger,True,478
data\frames\non_trigger\WIN_20260322_10_59_45_Pro_f00096.jpg,non_trigger,True,478
data\frames\non_trigger\WIN_20260322_10_59_56_Pro_f00000.jpg,non_trigger,True,478
data\frames\non_trigger\WIN_20260322_10_59_56_Pro_f00004.jpg,non_trigger,True,478
data\frames\non_trigger\WIN_20260322_10_59_56_Pro_f00008.jpg,non_trigger,True,478
data\frames\non_trigger\WIN_20260322_10_59_56_Pro_f00012.jpg,non_trigger,True,478
data\frames\non_trigger\WIN_20260322_10_59_56_Pro_f00016.jpg,non_trigger,True,478
data\frames\non_trigger\WIN_20260322_10_59_56_Pro_f00020.jpg,non_trigger,True,478
data\frames\non_trigger\WIN_20260322_10_59_56_Pro_f00024.jpg,non_trigger,True,478
data\frames\non_trigger\WIN_20260322_10_59_56_Pro_f00028.jpg,non_trigger,True,478
data\frames\non_trigger\WIN_20260322_10_59_56_Pro_f00032.jpg,non_trigger,True,478
data\frames\non_trigger\WIN_20260322_10_59_56_Pro_f00036.jpg,non_trigger,True,478
data\frames\non_trigger\WIN_20260322_10_59_56_Pro_f00040.jpg,non_trigger,True,478
data\frames\non_trigger\WIN_20260322_10_59_56_Pro_f00044.jpg,non_trigger,True,478
data\frames\non_trigger\WIN_20260322_10_59_56_Pro_f00048.jpg,non_trigger,True,478
data\frames\non_trigger\WIN_20260322_10_59_56_Pro_f00052.jpg,non_trigger,True,478
data\frames\non_trigger\WIN_20260322_10_59_56_Pro_f00056.jpg,non_trigger,True,478
data\frames\non_trigger\WIN_20260322_10_59_56_Pro_f00060.jpg,non_trigger,True,478
data\frames\non_trigger\WIN_20260322_10_59_56_Pro_f00064.jpg,non_trigger,True,478
data\frames\non_trigger\WIN_20260322_10_59_56_Pro_f00068.jpg,non_trigger,True,478
data\frames\non_trigger\WIN_20260322_10_59_56_Pro_f00072.jpg,non_trigger,True,478
data\frames\non_trigger\WIN_20260322_10_59_56_Pro_f00076.jpg,non_trigger,True,478
data\frames\non_trigger\WIN_20260322_10_59_56_Pro_f00080.jpg,non_trigger,True,478
data\frames\non_trigger\WIN_20260322_10_59_56_Pro_f00084.jpg,non_trigger,True,478
data\frames\non_trigger\WIN_20260322_10_59_56_Pro_f00088.jpg,non_trigger,True,478
data\frames\non_trigger\WIN_20260322_11_00_09_Pro_f00000.jpg,non_trigger,True,478
data\frames\non_trigger\WIN_20260322_11_00_09_Pro_f00004.jpg,non_trigger,True,478
data\frames\non_trigger\WIN_20260322_11_00_09_Pro_f00008.jpg,non_trigger,True,478
data\frames\non_trigger\WIN_20260322_11_00_09_Pro_f00012.jpg,non_trigger,True,478
data\frames\non_trigger\WIN_20260322_11_00_09_Pro_f00016.jpg,non_trigger,True,478
data\frames\non_trigger\WIN_20260322_11_00_09_Pro_f00020.jpg,non_trigger,True,478
data\frames\non_trigger\WIN_20260322_11_00_09_Pro_f00024.jpg,non_trigger,True,478
data\frames\non_trigger\WIN_20260322_11_00_09_Pro_f00028.jpg,non_trigger,True,478
data\frames\non_trigger\WIN_20260322_11_00_09_Pro_f00032.jpg,non_trigger,True,478
data\frames\non_trigger\WIN_20260322_11_00_09_Pro_f00036.jpg,non_trigger,True,478
data\frames\non_trigger\WIN_20260322_11_00_09_Pro_f00040.jpg,non_trigger,True,478
data\frames\non_trigger\WIN_20260322_11_00_09_Pro_f00044.jpg,non_trigger,True,478
data\frames\non_trigger\WIN_20260322_11_00_09_Pro_f00048.jpg,non_trigger,True,478
data\frames\non_trigger\WIN_20260322_11_00_09_Pro_f00052.jpg,non_trigger,True,478
data\frames\non_trigger\WIN_20260322_11_00_09_Pro_f00056.jpg,non_trigger,True,478
data\frames\non_trigger\WIN_20260322_11_00_09_Pro_f00060.jpg,non_trigger,True,478
data\frames\non_trigger\WIN_20260322_11_00_09_Pro_f00064.jpg,non_trigger,True,478
data\frames\non_trigger\WIN_20260322_11_00_09_Pro_f00068.jpg,non_trigger,True,478
data\frames\non_trigger\WIN_20260322_11_00_09_Pro_f00072.jpg,non_trigger,True,478
data\frames\non_trigger\WIN_20260322_11_00_09_Pro_f00076.jpg,non_trigger,True,478
data\frames\non_trigger\WIN_20260322_11_00_09_Pro_f00080.jpg,non_trigger,True,478
data\frames\non_trigger\WIN_20260322_11_00_09_Pro_f00084.jpg,non_trigger,True,478
data\frames\non_trigger\WIN_20260322_11_00_09_Pro_f00088.jpg,non_trigger,True,478
data\frames\non_trigger\WIN_20260322_11_00_09_Pro_f00092.jpg,non_trigger,True,478
data\frames\non_trigger\WIN_20260322_11_00_09_Pro_f00096.jpg,non_trigger,True,478
data\frames\non_trigger\WIN_20260322_11_00_09_Pro_f00100.jpg,non_trigger,True,478
data\frames\non_trigger\WIN_20260322_11_00_21_Pro_f00000.jpg,non_trigger,True,478
data\frames\non_trigger\WIN_20260322_11_00_21_Pro_f00004.jpg,non_trigger,True,478
data\frames\non_trigger\WIN_20260322_11_00_21_Pro_f00008.jpg,non_trigger,True,478
data\frames\non_trigger\WIN_20260322_11_00_21_Pro_f00012.jpg,non_trigger,True,478
data\frames\non_trigger\WIN_20260322_11_00_21_Pro_f00016.jpg,non_trigger,True,478
data\frames\non_trigger\WIN_20260322_11_00_21_Pro_f00020.jpg,non_trigger,True,478
data\frames\non_trigger\WIN_20260322_11_00_21_Pro_f00024.jpg,non_trigger,True,478
data\frames\non_trigger\WIN_20260322_11_00_21_Pro_f00028.jpg,non_trigger,True,478
data\frames\non_trigger\WIN_20260322_11_00_21_Pro_f00032.jpg,non_trigger,True,478
data\frames\non_trigger\WIN_20260322_11_07_26_Pro_f00000.jpg,non_trigger,True,478
data\frames\non_trigger\WIN_20260322_11_07_26_Pro_f00004.jpg,non_trigger,True,478
data\frames\non_trigger\WIN_20260322_11_07_26_Pro_f00008.jpg,non_trigger,True,478
data\frames\non_trigger\WIN_20260322_11_07_26_Pro_f00012.jpg,non_trigger,True,478
data\frames\non_trigger\WIN_20260322_11_07_26_Pro_f00016.jpg,non_trigger,True,478
data\frames\non_trigger\WIN_20260322_11_07_26_Pro_f00020.jpg,non_trigger,True,478
data\frames\non_trigger\WIN_20260322_11_07_26_Pro_f00024.jpg,non_trigger,True,478
data\frames\non_trigger\WIN_20260322_11_07_26_Pro_f00028.jpg,non_trigger,True,478
data\frames\non_trigger\WIN_20260322_11_07_26_Pro_f00032.jpg,non_trigger,True,478
data\frames\non_trigger\WIN_20260322_11_07_26_Pro_f00036.jpg,non_trigger,True,478
data\frames\non_trigger\WIN_20260322_11_07_26_Pro_f00040.jpg,non_trigger,True,478
data\frames\non_trigger\WIN_20260322_11_07_26_Pro_f00044.jpg,non_trigger,True,478
data\frames\non_trigger\WIN_20260322_11_07_26_Pro_f00048.jpg,non_trigger,True,478
data\frames\non_trigger\WIN_20260322_11_07_26_Pro_f00052.jpg,non_trigger,True,478
data\frames\non_trigger\WIN_20260322_11_07_26_Pro_f00056.jpg,non_trigger,True,478
data\frames\non_trigger\WIN_20260322_11_07_26_Pro_f00060.jpg,non_trigger,True,478
data\frames\non_trigger\WIN_20260322_11_07_26_Pro_f00064.jpg,non_trigger,True,478
data\frames\non_trigger\WIN_20260322_11_07_26_Pro_f00068.jpg,non_trigger,True,478
data\frames\non_trigger\WIN_20260322_11_07_26_Pro_f00072.jpg,non_trigger,True,478
data\frames\non_trigger\WIN_20260322_11_07_26_Pro_f00076.jpg,non_trigger,True,478
data\frames\non_trigger\WIN_20260322_11_07_26_Pro_f00080.jpg,non_trigger,True,478
data\frames\non_trigger\WIN_20260322_11_07_26_Pro_f00084.jpg,non_trigger,True,478
data\frames\non_trigger\WIN_20260322_11_07_26_Pro_f00088.jpg,non_trigger,True,478
data\frames\non_trigger\WIN_20260322_11_07_26_Pro_f00092.jpg,non_trigger,True,478
data\frames\non_trigger\WIN_20260322_11_07_26_Pro_f00096.jpg,non_trigger,True,478
data\frames\non_trigger\WIN_20260322_11_07_26_Pro_f00100.jpg,non_trigger,True,478
data\frames\non_trigger\WIN_20260322_11_07_26_Pro_f00104.jpg,non_trigger,True,478
data\frames\non_trigger\WIN_20260322_11_07_26_Pro_f00108.jpg,non_trigger,True,478
data\frames\non_trigger\WIN_20260322_11_07_36_Pro_f00000.jpg,non_trigger,True,478
data\frames\non_trigger\WIN_20260322_11_07_36_Pro_f00004.jpg,non_trigger,True,478
data\frames\non_trigger\WIN_20260322_11_07_36_Pro_f00008.jpg,non_trigger,True,478
data\frames\non_trigger\WIN_20260322_11_07_36_Pro_f00012.jpg,non_trigger,True,478
data\frames\non_trigger\WIN_20260322_11_07_36_Pro_f00016.jpg,non_trigger,True,478
data\frames\non_trigger\WIN_20260322_11_07_36_Pro_f00020.jpg,non_trigger,True,478
data\frames\non_trigger\WIN_20260322_11_07_36_Pro_f00024.jpg,non_trigger,True,478
data\frames\non_trigger\WIN_20260322_11_07_36_Pro_f00028.jpg,non_trigger,True,478
data\frames\non_trigger\WIN_20260322_11_07_36_Pro_f00032.jpg,non_trigger,True,478
data\frames\non_trigger\WIN_20260322_11_07_36_Pro_f00036.jpg,non_trigger,True,478
data\frames\non_trigger\WIN_20260322_11_07_36_Pro_f00040.jpg,non_trigger,True,478
data\frames\non_trigger\WIN_20260322_11_07_36_Pro_f00044.jpg,non_trigger,True,478
data\frames\non_trigger\WIN_20260322_11_07_36_Pro_f00048.jpg,non_trigger,True,478
data\frames\non_trigger\WIN_20260322_11_07_36_Pro_f00052.jpg,non_trigger,True,478
data\frames\non_trigger\WIN_20260322_11_07_36_Pro_f00056.jpg,non_trigger,True,478
data\frames\non_trigger\WIN_20260322_11_07_36_Pro_f00060.jpg,non_trigger,True,478
data\frames\non_trigger\WIN_20260322_11_07_36_Pro_f00064.jpg,non_trigger,True,478
data\frames\non_trigger\WIN_20260322_11_07_36_Pro_f00068.jpg,non_trigger,True,478
data\frames\non_trigger\WIN_20260322_11_07_36_Pro_f00072.jpg,non_trigger,True,478
data\frames\non_trigger\WIN_20260322_11_07_36_Pro_f00076.jpg,non_trigger,True,478
data\frames\non_trigger\WIN_20260322_11_07_36_Pro_f00080.jpg,non_trigger,True,478
data\frames\non_trigger\WIN_20260322_11_07_36_Pro_f00084.jpg,non_trigger,True,478
data\frames\non_trigger\WIN_20260322_11_07_36_Pro_f00088.jpg,non_trigger,True,478
data\frames\non_trigger\WIN_20260322_11_07_36_Pro_f00092.jpg,non_trigger,True,478
data\frames\non_trigger\WIN_20260322_11_07_45_Pro_f00000.jpg,non_trigger,True,478
data\frames\non_trigger\WIN_20260322_11_07_45_Pro_f00004.jpg,non_trigger,True,478
data\frames\non_trigger\WIN_20260322_11_07_45_Pro_f00008.jpg,non_trigger,True,478
data\frames\non_trigger\WIN_20260322_11_07_45_Pro_f00012.jpg,non_trigger,True,478
data\frames\non_trigger\WIN_20260322_11_07_45_Pro_f00016.jpg,non_trigger,True,478
data\frames\non_trigger\WIN_20260322_11_07_45_Pro_f00020.jpg,non_trigger,True,478
data\frames\non_trigger\WIN_20260322_11_07_45_Pro_f00024.jpg,non_trigger,True,478
data\frames\non_trigger\WIN_20260322_11_07_45_Pro_f00028.jpg,non_trigger,True,478
data\frames\non_trigger\WIN_20260322_11_07_45_Pro_f00032.jpg,non_trigger,True,478
data\frames\non_trigger\WIN_20260322_11_07_45_Pro_f00036.jpg,non_trigger,True,478
data\frames\non_trigger\WIN_20260322_11_07_45_Pro_f00040.jpg,non_trigger,True,478
data\frames\non_trigger\WIN_20260322_11_07_45_Pro_f00044.jpg,non_trigger,True,478
data\frames\non_trigger\WIN_20260322_11_07_45_Pro_f00048.jpg,non_trigger,True,478
data\frames\non_trigger\WIN_20260322_11_07_45_Pro_f00052.jpg,non_trigger,True,478
data\frames\non_trigger\WIN_20260322_11_07_45_Pro_f00056.jpg,non_trigger,True,478
data\frames\non_trigger\WIN_20260322_11_07_45_Pro_f00060.jpg,non_trigger,True,478
data\frames\non_trigger\WIN_20260322_11_07_45_Pro_f00064.jpg,non_trigger,True,478
data\frames\non_trigger\WIN_20260322_11_07_45_Pro_f00068.jpg,non_trigger,True,478
data\frames\non_trigger\WIN_20260322_11_07_45_Pro_f00072.jpg,non_trigger,True,478
data\frames\non_trigger\WIN_20260322_11_07_45_Pro_f00076.jpg,non_trigger,True,478
data\frames\non_trigger\WIN_20260322_11_07_55_Pro_f00000.jpg,non_trigger,True,478
data\frames\non_trigger\WIN_20260322_11_07_55_Pro_f00004.jpg,non_trigger,True,478
data\frames\non_trigger\WIN_20260322_11_07_55_Pro_f00008.jpg,non_trigger,True,478
data\frames\non_trigger\WIN_20260322_11_07_55_Pro_f00012.jpg,non_trigger,True,478
data\frames\non_trigger\WIN_20260322_11_07_55_Pro_f00016.jpg,non_trigger,True,478
data\frames\non_trigger\WIN_20260322_11_07_55_Pro_f00020.jpg,non_trigger,True,478
data\frames\non_trigger\WIN_20260322_11_07_55_Pro_f00024.jpg,non_trigger,True,478
data\frames\non_trigger\WIN_20260322_11_07_55_Pro_f00028.jpg,non_trigger,True,478
data\frames\non_trigger\WIN_20260322_11_07_55_Pro_f00032.jpg,non_trigger,True,478
data\frames\non_trigger\WIN_20260322_11_07_55_Pro_f00036.jpg,non_trigger,True,478
data\frames\non_trigger\WIN_20260322_11_07_55_Pro_f00040.jpg,non_trigger,True,478
data\frames\non_trigger\WIN_20260322_11_07_55_Pro_f00044.jpg,non_trigger,True,478
data\frames\non_trigger\WIN_20260322_11_07_55_Pro_f00048.jpg,non_trigger,True,478
data\frames\non_trigger\WIN_20260322_11_07_55_Pro_f00052.jpg,non_trigger,True,478
data\frames\non_trigger\WIN_20260322_11_07_55_Pro_f00056.jpg,non_trigger,True,478
data\frames\non_trigger\WIN_20260322_11_07_55_Pro_f00060.jpg,non_trigger,True,478
data\frames\non_trigger\WIN_20260322_11_07_55_Pro_f00064.jpg,non_trigger,True,478
data\frames\non_trigger\WIN_20260322_11_07_55_Pro_f00068.jpg,non_trigger,True,478
data\frames\non_trigger\WIN_20260322_11_07_55_Pro_f00072.jpg,non_trigger,True,478
data\frames\non_trigger\WIN_20260322_11_07_55_Pro_f00076.jpg,non_trigger,True,478
data\frames\non_trigger\WIN_20260322_11_07_55_Pro_f00080.jpg,non_trigger,True,478
data\frames\non_trigger\WIN_20260322_11_07_55_Pro_f00084.jpg,non_trigger,True,478
data\frames\non_trigger\WIN_20260322_11_07_55_Pro_f00088.jpg,non_trigger,True,478
data\frames\non_trigger\WIN_20260322_11_07_55_Pro_f00092.jpg,non_trigger,True,478
data\frames\non_trigger\WIN_20260322_11_07_55_Pro_f00096.jpg,non_trigger,True,478
data\frames\non_trigger\WIN_20260322_11_07_55_Pro_f00100.jpg,non_trigger,True,478
data\frames\non_trigger\WIN_20260322_11_08_05_Pro_f00000.jpg,non_trigger,True,478
data\frames\non_trigger\WIN_20260322_11_08_05_Pro_f00004.jpg,non_trigger,True,478
data\frames\non_trigger\WIN_20260322_11_08_05_Pro_f00008.jpg,non_trigger,True,478
data\frames\non_trigger\WIN_20260322_11_08_05_Pro_f00012.jpg,non_trigger,True,478
data\frames\non_trigger\WIN_20260322_11_08_05_Pro_f00016.jpg,non_trigger,True,478
data\frames\non_trigger\WIN_20260322_11_08_05_Pro_f00020.jpg,non_trigger,True,478
data\frames\non_trigger\WIN_20260322_11_08_05_Pro_f00024.jpg,non_trigger,True,478
data\frames\non_trigger\WIN_20260322_11_08_05_Pro_f00028.jpg,non_trigger,True,478
data\frames\non_trigger\WIN_20260322_11_08_05_Pro_f00032.jpg,non_trigger,True,478
data\frames\non_trigger\WIN_20260322_11_08_05_Pro_f00036.jpg,non_trigger,True,478
data\frames\non_trigger\WIN_20260322_11_08_05_Pro_f00040.jpg,non_trigger,True,478
data\frames\non_trigger\WIN_20260322_11_08_05_Pro_f00044.jpg,non_trigger,True,478
data\frames\non_trigger\WIN_20260322_11_08_05_Pro_f00048.jpg,non_trigger,True,478
data\frames\non_trigger\WIN_20260322_11_08_05_Pro_f00052.jpg,non_trigger,True,478
data\frames\non_trigger\WIN_20260322_11_08_05_Pro_f00056.jpg,non_trigger,True,478
data\frames\non_trigger\WIN_20260322_11_08_05_Pro_f00060.jpg,non_trigger,True,478
data\frames\non_trigger\WIN_20260322_11_08_05_Pro_f00064.jpg,non_trigger,True,478
data\frames\non_trigger\WIN_20260322_11_08_05_Pro_f00068.jpg,non_trigger,True,478
data\frames\non_trigger\WIN_20260322_11_08_05_Pro_f00072.jpg,non_trigger,True,478
data\frames\non_trigger\WIN_20260322_11_08_05_Pro_f00076.jpg,non_trigger,True,478
data\frames\non_trigger\WIN_20260322_11_08_05_Pro_f00080.jpg,non_trigger,True,478
data\frames\non_trigger\WIN_20260322_11_08_05_Pro_f00084.jpg,non_trigger,True,478
data\frames\non_trigger\WIN_20260322_11_08_05_Pro_f00088.jpg,non_trigger,True,478
data\frames\non_trigger\WIN_20260322_11_08_05_Pro_f00092.jpg,non_trigger,True,478
data\frames\non_trigger\WIN_20260322_11_08_19_Pro_f00000.jpg,non_trigger,True,478
data\frames\non_trigger\WIN_20260322_11_08_19_Pro_f00004.jpg,non_trigger,True,478
data\frames\non_trigger\WIN_20260322_11_08_19_Pro_f00008.jpg,non_trigger,True,478
data\frames\non_trigger\WIN_20260322_11_08_19_Pro_f00012.jpg,non_trigger,False,0
data\frames\non_trigger\WIN_20260322_11_08_19_Pro_f00016.jpg,non_trigger,True,478
data\frames\non_trigger\WIN_20260322_11_08_19_Pro_f00020.jpg,non_trigger,False,0
data\frames\non_trigger\WIN_20260322_11_08_19_Pro_f00024.jpg,non_trigger,True,478
data\frames\non_trigger\WIN_20260322_11_08_19_Pro_f00028.jpg,non_trigger,True,478
data\frames\non_trigger\WIN_20260322_11_08_19_Pro_f00032.jpg,non_trigger,True,478
data\frames\non_trigger\WIN_20260322_11_08_19_Pro_f00036.jpg,non_trigger,True,478
data\frames\non_trigger\WIN_20260322_11_08_19_Pro_f00040.jpg,non_trigger,True,478
data\frames\non_trigger\WIN_20260322_11_08_19_Pro_f00044.jpg,non_trigger,True,478
data\frames\non_trigger\WIN_20260322_11_08_19_Pro_f00048.jpg,non_trigger,True,478
data\frames\non_trigger\WIN_20260322_11_08_19_Pro_f00052.jpg,non_trigger,True,478
data\frames\non_trigger\WIN_20260322_11_08_19_Pro_f00056.jpg,non_trigger,True,478
data\frames\non_trigger\WIN_20260322_11_08_19_Pro_f00060.jpg,non_trigger,True,478
data\frames\non_trigger\WIN_20260322_11_08_19_Pro_f00064.jpg,non_trigger,True,478
data\frames\non_trigger\WIN_20260322_11_08_27_Pro_f00000.jpg,non_trigger,True,478
data\frames\non_trigger\WIN_20260322_11_08_27_Pro_f00004.jpg,non_trigger,True,478
data\frames\non_trigger\WIN_20260322_11_08_27_Pro_f00008.jpg,non_trigger,True,478
data\frames\non_trigger\WIN_20260322_11_08_27_Pro_f00012.jpg,non_trigger,False,0
data\frames\non_trigger\WIN_20260322_11_08_27_Pro_f00016.jpg,non_trigger,True,478
data\frames\non_trigger\WIN_20260322_11_08_27_Pro_f00020.jpg,non_trigger,True,478
data\frames\non_trigger\WIN_20260322_11_08_27_Pro_f00024.jpg,non_trigger,True,478
data\frames\non_trigger\WIN_20260322_11_08_27_Pro_f00028.jpg,non_trigger,True,478
data\frames\non_trigger\WIN_20260322_11_08_27_Pro_f00032.jpg,non_trigger,True,478
data\frames\non_trigger\WIN_20260322_11_08_27_Pro_f00036.jpg,non_trigger,True,478
data\frames\non_trigger\WIN_20260322_11_08_27_Pro_f00040.jpg,non_trigger,True,478
data\frames\non_trigger\WIN_20260322_11_08_27_Pro_f00044.jpg,non_trigger,True,478
data\frames\non_trigger\WIN_20260322_11_08_27_Pro_f00048.jpg,non_trigger,True,478
data\frames\non_trigger\WIN_20260322_11_08_27_Pro_f00052.jpg,non_trigger,True,478
data\frames\non_trigger\WIN_20260322_11_08_27_Pro_f00056.jpg,non_trigger,True,478
data\frames\non_trigger\WIN_20260322_11_08_27_Pro_f00060.jpg,non_trigger,True,478
data\frames\non_trigger\WIN_20260322_11_08_27_Pro_f00064.jpg,non_trigger,True,478
data\frames\non_trigger\WIN_20260322_11_08_27_Pro_f00068.jpg,non_trigger,True,478
data\frames\non_trigger\WIN_20260322_11_08_27_Pro_f00072.jpg,non_trigger,True,478
data\frames\non_trigger\WIN_20260322_11_08_27_Pro_f00076.jpg,non_trigger,True,478
data\frames\non_trigger\WIN_20260322_11_08_27_Pro_f00080.jpg,non_trigger,False,0
data\frames\non_trigger\WIN_20260322_11_08_27_Pro_f00084.jpg,non_trigger,False,0
data\frames\non_trigger\WIN_20260322_11_08_27_Pro_f00088.jpg,non_trigger,False,0
data\frames\non_trigger\WIN_20260322_11_08_43_Pro_f00000.jpg,non_trigger,True,478
data\frames\non_trigger\WIN_20260322_11_08_43_Pro_f00004.jpg,non_trigger,False,0
data\frames\non_trigger\WIN_20260322_11_08_43_Pro_f00008.jpg,non_trigger,False,0
data\frames\non_trigger\WIN_20260322_11_08_43_Pro_f00012.jpg,non_trigger,False,0
data\frames\non_trigger\WIN_20260322_11_08_43_Pro_f00016.jpg,non_trigger,False,0
data\frames\non_trigger\WIN_20260322_11_08_43_Pro_f00020.jpg,non_trigger,False,0
data\frames\non_trigger\WIN_20260322_11_08_43_Pro_f00024.jpg,non_trigger,False,0
data\frames\non_trigger\WIN_20260322_11_08_43_Pro_f00028.jpg,non_trigger,False,0
data\frames\non_trigger\WIN_20260322_11_08_43_Pro_f00032.jpg,non_trigger,False,0
data\frames\non_trigger\WIN_20260322_11_08_43_Pro_f00036.jpg,non_trigger,False,0
data\frames\non_trigger\WIN_20260322_11_08_43_Pro_f00040.jpg,non_trigger,False,0
data\frames\non_trigger\WIN_20260322_11_08_43_Pro_f00044.jpg,non_trigger,False,0
data\frames\non_trigger\WIN_20260322_11_08_43_Pro_f00048.jpg,non_trigger,False,0
data\frames\non_trigger\WIN_20260322_11_08_43_Pro_f00052.jpg,non_trigger,False,0
data\frames\non_trigger\WIN_20260322_11_08_43_Pro_f00056.jpg,non_trigger,False,0
data\frames\non_trigger\WIN_20260322_11_08_43_Pro_f00060.jpg,non_trigger,False,0
data\frames\non_trigger\WIN_20260322_11_08_43_Pro_f00064.jpg,non_trigger,False,0
data\frames\non_trigger\WIN_20260322_11_08_43_Pro_f00068.jpg,non_trigger,False,0
data\frames\non_trigger\WIN_20260322_11_08_43_Pro_f00072.jpg,non_trigger,False,0
data\frames\non_trigger\WIN_20260322_11_08_43_Pro_f00076.jpg,non_trigger,False,0
data\frames\non_trigger\WIN_20260322_11_08_43_Pro_f00080.jpg,non_trigger,True,478
data\frames\non_trigger\WIN_20260322_11_08_51_Pro_f00000.jpg,non_trigger,False,0
data\frames\non_trigger\WIN_20260322_11_08_51_Pro_f00004.jpg,non_trigger,False,0
data\frames\non_trigger\WIN_20260322_11_08_51_Pro_f00008.jpg,non_trigger,False,0
data\frames\non_trigger\WIN_20260322_11_08_51_Pro_f00012.jpg,non_trigger,True,478
data\frames\non_trigger\WIN_20260322_11_08_51_Pro_f00016.jpg,non_trigger,True,478
data\frames\non_trigger\WIN_20260322_11_08_51_Pro_f00020.jpg,non_trigger,True,478
data\frames\non_trigger\WIN_20260322_11_08_51_Pro_f00024.jpg,non_trigger,True,478
data\frames\non_trigger\WIN_20260322_11_08_51_Pro_f00028.jpg,non_trigger,True,478
data\frames\non_trigger\WIN_20260322_11_08_51_Pro_f00032.jpg,non_trigger,True,478
data\frames\non_trigger\WIN_20260322_11_08_51_Pro_f00036.jpg,non_trigger,True,478
data\frames\non_trigger\WIN_20260322_11_08_51_Pro_f00040.jpg,non_trigger,True,478
data\frames\non_trigger\WIN_20260322_11_08_51_Pro_f00044.jpg,non_trigger,True,478
data\frames\non_trigger\WIN_20260322_11_08_51_Pro_f00048.jpg,non_trigger,True,478
data\frames\non_trigger\WIN_20260322_11_08_51_Pro_f00052.jpg,non_trigger,True,478
data\frames\non_trigger\WIN_20260322_11_08_51_Pro_f00056.jpg,non_trigger,True,478
data\frames\non_trigger\WIN_20260322_11_08_51_Pro_f00060.jpg,non_trigger,True,478
data\frames\non_trigger\WIN_20260322_11_08_51_Pro_f00064.jpg,non_trigger,True,478
data\frames\non_trigger\WIN_20260322_11_08_51_Pro_f00068.jpg,non_trigger,True,478
data\frames\non_trigger\WIN_20260322_11_08_51_Pro_f00072.jpg,non_trigger,True,478
data\frames\non_trigger\WIN_20260322_11_08_51_Pro_f00076.jpg,non_trigger,True,478
data\frames\non_trigger\WIN_20260322_11_08_51_Pro_f00080.jpg,non_trigger,True,478
data\frames\non_trigger\WIN_20260322_11_09_06_Pro_f00000.jpg,non_trigger,True,478
data\frames\non_trigger\WIN_20260322_11_09_06_Pro_f00004.jpg,non_trigger,True,478
data\frames\non_trigger\WIN_20260322_11_09_06_Pro_f00008.jpg,non_trigger,True,478
data\frames\non_trigger\WIN_20260322_11_09_06_Pro_f00012.jpg,non_trigger,True,478
data\frames\non_trigger\WIN_20260322_11_09_06_Pro_f00016.jpg,non_trigger,True,478
data\frames\non_trigger\WIN_20260322_11_09_06_Pro_f00020.jpg,non_trigger,True,478
data\frames\non_trigger\WIN_20260322_11_09_06_Pro_f00024.jpg,non_trigger,False,0
data\frames\non_trigger\WIN_20260322_11_09_06_Pro_f00028.jpg,non_trigger,True,478
data\frames\non_trigger\WIN_20260322_11_09_06_Pro_f00032.jpg,non_trigger,True,478
data\frames\non_trigger\WIN_20260322_11_09_06_Pro_f00036.jpg,non_trigger,True,478
data\frames\non_trigger\WIN_20260322_11_09_06_Pro_f00040.jpg,non_trigger,True,478
data\frames\non_trigger\WIN_20260322_11_09_06_Pro_f00044.jpg,non_trigger,True,478
data\frames\non_trigger\WIN_20260322_11_09_06_Pro_f00048.jpg,non_trigger,True,478
data\frames\non_trigger\WIN_20260322_11_09_06_Pro_f00052.jpg,non_trigger,True,478
data\frames\non_trigger\WIN_20260322_11_09_06_Pro_f00056.jpg,non_trigger,True,478
data\frames\non_trigger\WIN_20260322_11_09_06_Pro_f00060.jpg,non_trigger,True,478
data\frames\non_trigger\WIN_20260322_11_09_06_Pro_f00064.jpg,non_trigger,False,0
data\frames\non_trigger\WIN_20260322_11_09_06_Pro_f00068.jpg,non_trigger,False,0
data\frames\non_trigger\WIN_20260322_11_09_06_Pro_f00072.jpg,non_trigger,False,0
data\frames\non_trigger\WIN_20260322_11_09_06_Pro_f00076.jpg,non_trigger,False,0
data\frames\non_trigger\WIN_20260322_11_09_06_Pro_f00080.jpg,non_trigger,True,478
data\frames\non_trigger\WIN_20260322_11_09_06_Pro_f00084.jpg,non_trigger,True,478
data\frames\non_trigger\WIN_20260322_11_09_06_Pro_f00088.jpg,non_trigger,True,478
data\frames\non_trigger\WIN_20260322_11_09_06_Pro_f00092.jpg,non_trigger,False,0
data\frames\non_trigger\WIN_20260322_11_09_06_Pro_f00096.jpg,non_trigger,False,0
data\frames\non_trigger\WIN_20260322_11_09_06_Pro_f00100.jpg,non_trigger,False,0
data\frames\non_trigger\WIN_20260322_11_09_06_Pro_f00104.jpg,non_trigger,False,0
data\frames\non_trigger\WIN_20260322_11_09_06_Pro_f00108.jpg,non_trigger,False,0
data\frames\non_trigger\WIN_20260322_11_09_06_Pro_f00112.jpg,non_trigger,False,0
data\frames\non_trigger\WIN_20260322_11_09_06_Pro_f00116.jpg,non_trigger,True,478
data\frames\non_trigger\WIN_20260322_11_09_06_Pro_f00120.jpg,non_trigger,True,478
data\frames\non_trigger\WIN_20260322_11_09_06_Pro_f00124.jpg,non_trigger,True,478
data\frames\non_trigger\WIN_20260322_11_09_06_Pro_f00128.jpg,non_trigger,True,478
data\frames\non_trigger\WIN_20260322_11_09_06_Pro_f00132.jpg,non_trigger,True,478
data\frames\non_trigger\WIN_20260322_11_09_06_Pro_f00136.jpg,non_trigger,True,478
data\frames\non_trigger\WIN_20260322_11_09_18_Pro_f00000.jpg,non_trigger,True,478
data\frames\non_trigger\WIN_20260322_11_09_18_Pro_f00004.jpg,non_trigger,True,478
data\frames\non_trigger\WIN_20260322_11_09_18_Pro_f00008.jpg,non_trigger,True,478
data\frames\non_trigger\WIN_20260322_11_09_18_Pro_f00012.jpg,non_trigger,True,478
data\frames\non_trigger\WIN_20260322_11_09_22_Pro_f00000.jpg,non_trigger,True,478
data\frames\non_trigger\WIN_20260322_11_09_22_Pro_f00004.jpg,non_trigger,True,478
data\frames\non_trigger\WIN_20260322_11_09_22_Pro_f00008.jpg,non_trigger,True,478
data\frames\non_trigger\WIN_20260322_11_09_22_Pro_f00012.jpg,non_trigger,True,478
data\frames\non_trigger\WIN_20260322_11_09_22_Pro_f00016.jpg,non_trigger,True,478
data\frames\non_trigger\WIN_20260322_11_09_22_Pro_f00020.jpg,non_trigger,True,478
data\frames\non_trigger\WIN_20260322_11_09_22_Pro_f00024.jpg,non_trigger,True,478
data\frames\non_trigger\WIN_20260322_11_09_22_Pro_f00028.jpg,non_trigger,True,478
data\frames\non_trigger\WIN_20260322_11_09_22_Pro_f00032.jpg,non_trigger,True,478
data\frames\non_trigger\WIN_20260322_11_09_22_Pro_f00036.jpg,non_trigger,True,478
data\frames\non_trigger\WIN_20260322_11_09_22_Pro_f00040.jpg,non_trigger,True,478
data\frames\non_trigger\WIN_20260322_11_09_22_Pro_f00044.jpg,non_trigger,True,478
data\frames\non_trigger\WIN_20260322_11_09_22_Pro_f00048.jpg,non_trigger,True,478
data\frames\non_trigger\WIN_20260322_11_09_22_Pro_f00052.jpg,non_trigger,True,478
data\frames\non_trigger\WIN_20260322_11_09_22_Pro_f00056.jpg,non_trigger,True,478
data\frames\non_trigger\WIN_20260322_11_09_22_Pro_f00060.jpg,non_trigger,True,478
data\frames\non_trigger\WIN_20260322_11_09_22_Pro_f00064.jpg,non_trigger,True,478
data\frames\non_trigger\WIN_20260322_11_09_22_Pro_f00068.jpg,non_trigger,True,478
data\frames\non_trigger\WIN_20260322_11_09_22_Pro_f00072.jpg,non_trigger,True,478
data\frames\non_trigger\WIN_20260322_11_09_22_Pro_f00076.jpg,non_trigger,True,478
data\frames\non_trigger\WIN_20260322_11_09_22_Pro_f00080.jpg,non_trigger,True,478
data\frames\non_trigger\WIN_20260322_11_09_22_Pro_f00084.jpg,non_trigger,True,478
data\frames\non_trigger\WIN_20260322_11_09_22_Pro_f00088.jpg,non_trigger,True,478
data\frames\non_trigger\WIN_20260322_11_09_22_Pro_f00092.jpg,non_trigger,True,478
data\frames\non_trigger\WIN_20260322_11_09_22_Pro_f00096.jpg,non_trigger,True,478
data\frames\non_trigger\WIN_20260322_11_09_22_Pro_f00100.jpg,non_trigger,True,478
data\frames\non_trigger\WIN_20260322_11_09_22_Pro_f00104.jpg,non_trigger,True,478
data\frames\non_trigger\WIN_20260322_11_09_22_Pro_f00108.jpg,non_trigger,True,478
data\frames\non_trigger\WIN_20260322_11_09_22_Pro_f00112.jpg,non_trigger,True,478
data\frames\non_trigger\WIN_20260322_11_09_22_Pro_f00116.jpg,non_trigger,True,478
data\frames\non_trigger\WIN_20260322_11_09_22_Pro_f00120.jpg,non_trigger,True,478
data\frames\non_trigger\WIN_20260322_11_09_22_Pro_f00124.jpg,non_trigger,True,478
data\frames\non_trigger\WIN_20260322_11_09_22_Pro_f00128.jpg,non_trigger,True,478
data\frames\non_trigger\WIN_20260322_11_09_22_Pro_f00132.jpg,non_trigger,True,478
data\frames\non_trigger\WIN_20260322_11_12_30_Pro_f00000.jpg,non_trigger,True,478
data\frames\non_trigger\WIN_20260322_11_12_30_Pro_f00004.jpg,non_trigger,True,478
data\frames\non_trigger\WIN_20260322_11_12_30_Pro_f00008.jpg,non_trigger,True,478
data\frames\non_trigger\WIN_20260322_11_12_30_Pro_f00012.jpg,non_trigger,True,478
data\frames\non_trigger\WIN_20260322_11_12_30_Pro_f00016.jpg,non_trigger,True,478
data\frames\non_trigger\WIN_20260322_11_12_30_Pro_f00020.jpg,non_trigger,True,478
data\frames\non_trigger\WIN_20260322_11_12_30_Pro_f00024.jpg,non_trigger,True,478
data\frames\non_trigger\WIN_20260322_11_12_30_Pro_f00028.jpg,non_trigger,True,478
data\frames\non_trigger\WIN_20260322_11_12_30_Pro_f00032.jpg,non_trigger,True,478
data\frames\non_trigger\WIN_20260322_11_12_30_Pro_f00036.jpg,non_trigger,True,478
data\frames\non_trigger\WIN_20260322_11_12_30_Pro_f00040.jpg,non_trigger,True,478
data\frames\non_trigger\WIN_20260322_11_12_30_Pro_f00044.jpg,non_trigger,True,478
data\frames\non_trigger\WIN_20260322_11_12_30_Pro_f00048.jpg,non_trigger,True,478
data\frames\non_trigger\WIN_20260322_11_12_30_Pro_f00052.jpg,non_trigger,True,478
data\frames\non_trigger\WIN_20260322_11_12_30_Pro_f00056.jpg,non_trigger,True,478
data\frames\non_trigger\WIN_20260322_11_12_30_Pro_f00060.jpg,non_trigger,True,478
data\frames\non_trigger\WIN_20260322_11_12_30_Pro_f00064.jpg,non_trigger,True,478
data\frames\non_trigger\WIN_20260322_11_12_30_Pro_f00068.jpg,non_trigger,True,478
data\frames\non_trigger\WIN_20260322_11_12_30_Pro_f00072.jpg,non_trigger,True,478
data\frames\non_trigger\WIN_20260322_11_12_30_Pro_f00076.jpg,non_trigger,True,478
data\frames\non_trigger\WIN_20260322_11_12_30_Pro_f00080.jpg,non_trigger,True,478
data\frames\non_trigger\WIN_20260322_11_12_30_Pro_f00084.jpg,non_trigger,True,478
data\frames\non_trigger\WIN_20260322_11_12_30_Pro_f00088.jpg,non_trigger,True,478
data\frames\non_trigger\WIN_20260322_11_12_30_Pro_f00092.jpg,non_trigger,True,478
data\frames\non_trigger\WIN_20260322_11_12_30_Pro_f00096.jpg,non_trigger,True,478
data\frames\non_trigger\WIN_20260322_11_12_30_Pro_f00100.jpg,non_trigger,True,478
data\frames\non_trigger\WIN_20260322_11_12_30_Pro_f00104.jpg,non_trigger,True,478
data\frames\non_trigger\WIN_20260322_11_12_30_Pro_f00108.jpg,non_trigger,True,478
data\frames\non_trigger\WIN_20260322_11_12_30_Pro_f00112.jpg,non_trigger,True,478
data\frames\non_trigger\WIN_20260322_11_12_30_Pro_f00116.jpg,non_trigger,True,478
data\frames\non_trigger\WIN_20260322_11_12_30_Pro_f00120.jpg,non_trigger,True,478
data\frames\non_trigger\WIN_20260322_11_12_30_Pro_f00124.jpg,non_trigger,True,478
data\frames\non_trigger\WIN_20260322_11_13_10_Pro_f00000.jpg,non_trigger,True,478
data\frames\non_trigger\WIN_20260322_11_13_10_Pro_f00004.jpg,non_trigger,True,478
data\frames\non_trigger\WIN_20260322_11_13_10_Pro_f00008.jpg,non_trigger,True,478
data\frames\non_trigger\WIN_20260322_11_13_10_Pro_f00012.jpg,non_trigger,True,478
data\frames\non_trigger\WIN_20260322_11_13_10_Pro_f00016.jpg,non_trigger,True,478
data\frames\non_trigger\WIN_20260322_11_13_10_Pro_f00020.jpg,non_trigger,True,478
data\frames\non_trigger\WIN_20260322_11_13_10_Pro_f00024.jpg,non_trigger,True,478
data\frames\non_trigger\WIN_20260322_11_13_10_Pro_f00028.jpg,non_trigger,True,478
data\frames\non_trigger\WIN_20260322_11_13_10_Pro_f00032.jpg,non_trigger,True,478
data\frames\non_trigger\WIN_20260322_11_13_10_Pro_f00036.jpg,non_trigger,True,478
data\frames\non_trigger\WIN_20260322_11_13_10_Pro_f00040.jpg,non_trigger,True,478
data\frames\non_trigger\WIN_20260322_11_13_10_Pro_f00044.jpg,non_trigger,True,478
data\frames\non_trigger\WIN_20260322_11_13_10_Pro_f00048.jpg,non_trigger,True,478
data\frames\non_trigger\WIN_20260322_11_13_10_Pro_f00052.jpg,non_trigger,True,478
data\frames\non_trigger\WIN_20260322_11_13_10_Pro_f00056.jpg,non_trigger,True,478
data\frames\non_trigger\WIN_20260322_11_13_10_Pro_f00060.jpg,non_trigger,True,478
data\frames\non_trigger\WIN_20260322_11_13_10_Pro_f00064.jpg,non_trigger,True,478
data\frames\non_trigger\WIN_20260322_11_13_10_Pro_f00068.jpg,non_trigger,True,478
data\frames\non_trigger\WIN_20260322_11_13_10_Pro_f00072.jpg,non_trigger,True,478
data\frames\non_trigger\WIN_20260322_11_13_10_Pro_f00076.jpg,non_trigger,True,478
data\frames\non_trigger\WIN_20260322_11_13_10_Pro_f00080.jpg,non_trigger,True,478
data\frames\non_trigger\WIN_20260322_11_13_10_Pro_f00084.jpg,non_trigger,True,478
data\frames\non_trigger\WIN_20260322_11_13_10_Pro_f00088.jpg,non_trigger,True,478
data\frames\non_trigger\WIN_20260322_11_13_10_Pro_f00092.jpg,non_trigger,True,478
data\frames\non_trigger\WIN_20260322_11_13_10_Pro_f00096.jpg,non_trigger,True,478
data\frames\non_trigger\WIN_20260322_11_13_10_Pro_f00100.jpg,non_trigger,True,478
data\frames\non_trigger\WIN_20260322_11_13_10_Pro_f00104.jpg,non_trigger,True,478
data\frames\non_trigger\WIN_20260322_11_13_10_Pro_f00108.jpg,non_trigger,True,478
data\frames\non_trigger\WIN_20260322_11_13_10_Pro_f00112.jpg,non_trigger,True,478
data\frames\non_trigger\WIN_20260322_11_13_10_Pro_f00116.jpg,non_trigger,True,478
data\frames\non_trigger\WIN_20260322_11_13_10_Pro_f00120.jpg,non_trigger,True,478
data\frames\non_trigger\WIN_20260322_11_13_10_Pro_f00124.jpg,non_trigger,True,478
data\frames\non_trigger\WIN_20260322_11_13_10_Pro_f00128.jpg,non_trigger,True,478
data\frames\non_trigger\WIN_20260322_11_13_10_Pro_f00132.jpg,non_trigger,True,478
data\frames\non_trigger\WIN_20260322_11_13_10_Pro_f00136.jpg,non_trigger,True,478
data\frames\non_trigger\WIN_20260322_11_13_10_Pro_f00140.jpg,non_trigger,True,478
data\frames\non_trigger\WIN_20260322_11_13_10_Pro_f00144.jpg,non_trigger,True,478
data\frames\non_trigger\WIN_20260322_11_13_10_Pro_f00148.jpg,non_trigger,True,478
data\frames\non_trigger\WIN_20260322_11_13_10_Pro_f00152.jpg,non_trigger,True,478
data\frames\non_trigger\WIN_20260322_11_13_10_Pro_f00156.jpg,non_trigger,True,478
data\frames\non_trigger\WIN_20260322_11_13_10_Pro_f00160.jpg,non_trigger,True,478
data\frames\non_trigger\WIN_20260322_11_13_10_Pro_f00164.jpg,non_trigger,True,478
data\frames\non_trigger\WIN_20260322_11_13_10_Pro_f00168.jpg,non_trigger,True,478
data\frames\non_trigger\WIN_20260322_11_13_10_Pro_f00172.jpg,non_trigger,True,478
data\frames\non_trigger\WIN_20260322_11_13_10_Pro_f00176.jpg,non_trigger,True,478
data\frames\non_trigger\WIN_20260322_11_13_10_Pro_f00180.jpg,non_trigger,True,478
data\frames\non_trigger\WIN_20260322_11_13_10_Pro_f00184.jpg,non_trigger,True,478
data\frames\non_trigger\WIN_20260322_11_13_10_Pro_f00188.jpg,non_trigger,True,478
data\frames\non_trigger\WIN_20260322_11_13_10_Pro_f00192.jpg,non_trigger,True,478
data\frames\non_trigger\WIN_20260322_11_13_10_Pro_f00196.jpg,non_trigger,True,478
data\frames\non_trigger\WIN_20260322_11_13_10_Pro_f00200.jpg,non_trigger,True,478
data\frames\non_trigger\WIN_20260322_11_13_10_Pro_f00204.jpg,non_trigger,True,478
data\frames\non_trigger\WIN_20260322_11_13_10_Pro_f00208.jpg,non_trigger,True,478
data\frames\non_trigger\WIN_20260322_11_13_10_Pro_f00212.jpg,non_trigger,True,478
data\frames\non_trigger\WIN_20260322_11_13_28_Pro_f00000.jpg,non_trigger,True,478
data\frames\non_trigger\WIN_20260322_11_13_28_Pro_f00004.jpg,non_trigger,True,478
data\frames\non_trigger\WIN_20260322_11_13_28_Pro_f00008.jpg,non_trigger,True,478
data\frames\non_trigger\WIN_20260322_11_13_28_Pro_f00012.jpg,non_trigger,True,478
data\frames\non_trigger\WIN_20260322_11_13_28_Pro_f00016.jpg,non_trigger,True,478
data\frames\non_trigger\WIN_20260322_11_13_28_Pro_f00020.jpg,non_trigger,True,478
data\frames\non_trigger\WIN_20260322_11_13_28_Pro_f00024.jpg,non_trigger,True,478
data\frames\non_trigger\WIN_20260322_11_13_28_Pro_f00028.jpg,non_trigger,True,478
data\frames\non_trigger\WIN_20260322_11_13_28_Pro_f00032.jpg,non_trigger,True,478
data\frames\non_trigger\WIN_20260322_11_13_28_Pro_f00036.jpg,non_trigger,True,478
data\frames\non_trigger\WIN_20260322_11_13_28_Pro_f00040.jpg,non_trigger,True,478
data\frames\non_trigger\WIN_20260322_11_13_28_Pro_f00044.jpg,non_trigger,True,478
data\frames\non_trigger\WIN_20260322_11_13_28_Pro_f00048.jpg,non_trigger,True,478
data\frames\non_trigger\WIN_20260322_11_13_28_Pro_f00052.jpg,non_trigger,True,478
data\frames\non_trigger\WIN_20260322_11_13_28_Pro_f00056.jpg,non_trigger,True,478
data\frames\non_trigger\WIN_20260322_11_13_28_Pro_f00060.jpg,non_trigger,True,478
data\frames\non_trigger\WIN_20260322_11_13_28_Pro_f00064.jpg,non_trigger,True,478
data\frames\non_trigger\WIN_20260322_11_13_28_Pro_f00068.jpg,non_trigger,True,478
data\frames\non_trigger\WIN_20260322_11_13_28_Pro_f00072.jpg,non_trigger,True,478
data\frames\non_trigger\WIN_20260322_11_13_28_Pro_f00076.jpg,non_trigger,True,478
data\frames\non_trigger\WIN_20260322_11_13_28_Pro_f00080.jpg,non_trigger,True,478
data\frames\non_trigger\WIN_20260322_11_13_28_Pro_f00084.jpg,non_trigger,True,478
data\frames\non_trigger\WIN_20260322_11_13_28_Pro_f00088.jpg,non_trigger,True,478
data\frames\non_trigger\WIN_20260322_11_13_28_Pro_f00092.jpg,non_trigger,True,478
data\frames\non_trigger\WIN_20260322_11_13_28_Pro_f00096.jpg,non_trigger,True,478
data\frames\non_trigger\WIN_20260322_11_13_28_Pro_f00100.jpg,non_trigger,True,478
data\frames\non_trigger\WIN_20260322_11_13_28_Pro_f00104.jpg,non_trigger,True,478
data\frames\non_trigger\WIN_20260322_11_13_28_Pro_f00108.jpg,non_trigger,True,478
data\frames\non_trigger\WIN_20260322_11_13_28_Pro_f00112.jpg,non_trigger,True,478
data\frames\non_trigger\WIN_20260322_11_13_28_Pro_f00116.jpg,non_trigger,True,478
data\frames\non_trigger\WIN_20260322_11_13_28_Pro_f00120.jpg,non_trigger,True,478
data\frames\non_trigger\WIN_20260322_11_13_28_Pro_f00124.jpg,non_trigger,True,478
data\frames\non_trigger\WIN_20260322_11_13_28_Pro_f00128.jpg,non_trigger,True,478
data\frames\non_trigger\WIN_20260322_11_13_28_Pro_f00132.jpg,non_trigger,True,478
data\frames\non_trigger\WIN_20260322_11_13_28_Pro_f00136.jpg,non_trigger,True,478
data\frames\non_trigger\WIN_20260322_11_13_28_Pro_f00140.jpg,non_trigger,True,478
data\frames\non_trigger\WIN_20260322_11_13_28_Pro_f00144.jpg,non_trigger,True,478
data\frames\non_trigger\WIN_20260322_11_13_28_Pro_f00148.jpg,non_trigger,True,478
data\frames\non_trigger\WIN_20260322_11_13_28_Pro_f00152.jpg,non_trigger,True,478
data\frames\non_trigger\WIN_20260322_11_13_28_Pro_f00156.jpg,non_trigger,True,478
data\frames\non_trigger\WIN_20260322_11_13_28_Pro_f00160.jpg,non_trigger,True,478
data\frames\non_trigger\WIN_20260322_11_13_28_Pro_f00164.jpg,non_trigger,True,478
data\frames\non_trigger\WIN_20260322_11_15_39_Pro_f00000.jpg,non_trigger,True,478
data\frames\non_trigger\WIN_20260322_11_15_39_Pro_f00004.jpg,non_trigger,True,478
data\frames\non_trigger\WIN_20260322_11_15_39_Pro_f00008.jpg,non_trigger,True,478
data\frames\non_trigger\WIN_20260322_11_15_39_Pro_f00012.jpg,non_trigger,True,478
data\frames\non_trigger\WIN_20260322_11_15_39_Pro_f00016.jpg,non_trigger,True,478
data\frames\non_trigger\WIN_20260322_11_15_39_Pro_f00020.jpg,non_trigger,True,478
data\frames\non_trigger\WIN_20260322_11_15_39_Pro_f00024.jpg,non_trigger,True,478
data\frames\non_trigger\WIN_20260322_11_15_39_Pro_f00028.jpg,non_trigger,True,478
data\frames\non_trigger\WIN_20260322_11_15_39_Pro_f00032.jpg,non_trigger,True,478
data\frames\non_trigger\WIN_20260322_11_15_39_Pro_f00036.jpg,non_trigger,True,478
data\frames\non_trigger\WIN_20260322_11_15_39_Pro_f00040.jpg,non_trigger,True,478
data\frames\non_trigger\WIN_20260322_11_15_39_Pro_f00044.jpg,non_trigger,True,478
data\frames\non_trigger\WIN_20260322_11_15_39_Pro_f00048.jpg,non_trigger,True,478
data\frames\non_trigger\WIN_20260322_11_15_39_Pro_f00052.jpg,non_trigger,True,478
data\frames\non_trigger\WIN_20260322_11_15_39_Pro_f00056.jpg,non_trigger,True,478
data\frames\non_trigger\WIN_20260322_11_15_39_Pro_f00060.jpg,non_trigger,True,478
data\frames\non_trigger\WIN_20260322_11_15_39_Pro_f00064.jpg,non_trigger,True,478
data\frames\non_trigger\WIN_20260322_11_15_39_Pro_f00068.jpg,non_trigger,True,478
data\frames\non_trigger\WIN_20260322_11_15_39_Pro_f00072.jpg,non_trigger,True,478
data\frames\non_trigger\WIN_20260322_11_15_39_Pro_f00076.jpg,non_trigger,True,478
data\frames\non_trigger\WIN_20260322_11_15_39_Pro_f00080.jpg,non_trigger,True,478
data\frames\non_trigger\WIN_20260322_11_15_39_Pro_f00084.jpg,non_trigger,True,478
data\frames\non_trigger\WIN_20260322_11_15_39_Pro_f00088.jpg,non_trigger,True,478
data\frames\non_trigger\WIN_20260322_11_15_39_Pro_f00092.jpg,non_trigger,True,478
data\frames\non_trigger\WIN_20260322_11_15_39_Pro_f00096.jpg,non_trigger,True,478
data\frames\non_trigger\WIN_20260322_11_15_39_Pro_f00100.jpg,non_trigger,True,478
data\frames\non_trigger\WIN_20260322_11_15_39_Pro_f00104.jpg,non_trigger,True,478
data\frames\non_trigger\WIN_20260322_11_15_39_Pro_f00108.jpg,non_trigger,True,478
data\frames\non_trigger\WIN_20260322_11_15_50_Pro_f00000.jpg,non_trigger,True,478
data\frames\non_trigger\WIN_20260322_11_15_50_Pro_f00004.jpg,non_trigger,True,478
data\frames\non_trigger\WIN_20260322_11_15_50_Pro_f00008.jpg,non_trigger,True,478
data\frames\non_trigger\WIN_20260322_11_15_50_Pro_f00012.jpg,non_trigger,True,478
data\frames\non_trigger\WIN_20260322_11_15_50_Pro_f00016.jpg,non_trigger,True,478
data\frames\non_trigger\WIN_20260322_11_15_50_Pro_f00020.jpg,non_trigger,True,478
data\frames\non_trigger\WIN_20260322_11_15_50_Pro_f00024.jpg,non_trigger,True,478
data\frames\non_trigger\WIN_20260322_11_15_50_Pro_f00028.jpg,non_trigger,True,478
data\frames\non_trigger\WIN_20260322_11_15_50_Pro_f00032.jpg,non_trigger,True,478
data\frames\non_trigger\WIN_20260322_11_15_50_Pro_f00036.jpg,non_trigger,True,478
data\frames\non_trigger\WIN_20260322_11_15_50_Pro_f00040.jpg,non_trigger,True,478
data\frames\non_trigger\WIN_20260322_11_15_50_Pro_f00044.jpg,non_trigger,True,478
data\frames\non_trigger\WIN_20260322_11_15_50_Pro_f00048.jpg,non_trigger,True,478
data\frames\non_trigger\WIN_20260322_11_15_50_Pro_f00052.jpg,non_trigger,True,478
data\frames\non_trigger\WIN_20260322_11_15_50_Pro_f00056.jpg,non_trigger,True,478
data\frames\non_trigger\WIN_20260322_11_15_50_Pro_f00060.jpg,non_trigger,True,478
data\frames\non_trigger\WIN_20260322_11_15_50_Pro_f00064.jpg,non_trigger,True,478
data\frames\non_trigger\WIN_20260322_11_15_50_Pro_f00068.jpg,non_trigger,True,478
data\frames\non_trigger\WIN_20260322_11_15_50_Pro_f00072.jpg,non_trigger,True,478
data\frames\non_trigger\WIN_20260322_11_15_50_Pro_f00076.jpg,non_trigger,True,478
data\frames\non_trigger\WIN_20260322_11_15_50_Pro_f00080.jpg,non_trigger,True,478
data\frames\non_trigger\WIN_20260322_11_15_50_Pro_f00084.jpg,non_trigger,True,478
data\frames\non_trigger\WIN_20260322_11_15_50_Pro_f00088.jpg,non_trigger,True,478
data\frames\non_trigger\WIN_20260322_11_15_50_Pro_f00092.jpg,non_trigger,True,478
data\frames\non_trigger\WIN_20260322_11_15_50_Pro_f00096.jpg,non_trigger,True,478
data\frames\non_trigger\WIN_20260322_11_15_50_Pro_f00100.jpg,non_trigger,True,478
data\frames\non_trigger\WIN_20260322_11_15_50_Pro_f00104.jpg,non_trigger,True,478
data\frames\non_trigger\WIN_20260322_11_15_50_Pro_f00108.jpg,non_trigger,True,478
data\frames\non_trigger\WIN_20260322_11_15_50_Pro_f00112.jpg,non_trigger,True,478
data\frames\non_trigger\WIN_20260322_11_15_50_Pro_f00116.jpg,non_trigger,True,478
data\frames\non_trigger\WIN_20260322_11_15_50_Pro_f00120.jpg,non_trigger,True,478
data\frames\non_trigger\WIN_20260322_11_15_50_Pro_f00124.jpg,non_trigger,True,478
data\frames\non_trigger\WIN_20260322_11_15_50_Pro_f00128.jpg,non_trigger,True,478
data\frames\non_trigger\WIN_20260322_11_15_50_Pro_f00132.jpg,non_trigger,True,478
data\frames\non_trigger\WIN_20260322_11_15_50_Pro_f00136.jpg,non_trigger,True,478
data\frames\non_trigger\WIN_20260322_11_15_50_Pro_f00140.jpg,non_trigger,True,478
data\frames\non_trigger\WIN_20260322_11_15_50_Pro_f00144.jpg,non_trigger,True,478
data\frames\non_trigger\WIN_20260322_11_15_50_Pro_f00148.jpg,non_trigger,True,478
data\frames\non_trigger\WIN_20260322_11_15_50_Pro_f00152.jpg,non_trigger,True,478
data\frames\non_trigger\WIN_20260322_11_15_50_Pro_f00156.jpg,non_trigger,True,478
data\frames\non_trigger\WIN_20260322_11_15_50_Pro_f00160.jpg,non_trigger,True,478
data\frames\non_trigger\WIN_20260322_11_17_24_Pro_f00000.jpg,non_trigger,True,478
data\frames\non_trigger\WIN_20260322_11_17_24_Pro_f00004.jpg,non_trigger,True,478
data\frames\non_trigger\WIN_20260322_11_17_24_Pro_f00008.jpg,non_trigger,True,478
data\frames\non_trigger\WIN_20260322_11_17_24_Pro_f00012.jpg,non_trigger,True,478
data\frames\non_trigger\WIN_20260322_11_17_24_Pro_f00016.jpg,non_trigger,True,478
data\frames\non_trigger\WIN_20260322_11_17_24_Pro_f00020.jpg,non_trigger,True,478
data\frames\non_trigger\WIN_20260322_11_17_24_Pro_f00024.jpg,non_trigger,True,478
data\frames\non_trigger\WIN_20260322_11_17_24_Pro_f00028.jpg,non_trigger,True,478
data\frames\non_trigger\WIN_20260322_11_17_24_Pro_f00032.jpg,non_trigger,True,478
data\frames\non_trigger\WIN_20260322_11_17_24_Pro_f00036.jpg,non_trigger,True,478
data\frames\non_trigger\WIN_20260322_11_17_24_Pro_f00040.jpg,non_trigger,True,478
data\frames\non_trigger\WIN_20260322_11_17_24_Pro_f00044.jpg,non_trigger,True,478
data\frames\non_trigger\WIN_20260322_11_17_24_Pro_f00048.jpg,non_trigger,True,478
data\frames\non_trigger\WIN_20260322_11_17_24_Pro_f00052.jpg,non_trigger,True,478
data\frames\non_trigger\WIN_20260322_11_17_24_Pro_f00056.jpg,non_trigger,True,478
data\frames\non_trigger\WIN_20260322_11_17_24_Pro_f00060.jpg,non_trigger,True,478
data\frames\non_trigger\WIN_20260322_11_17_24_Pro_f00064.jpg,non_trigger,True,478
data\frames\non_trigger\WIN_20260322_11_17_24_Pro_f00068.jpg,non_trigger,True,478
data\frames\non_trigger\WIN_20260322_11_17_24_Pro_f00072.jpg,non_trigger,True,478
data\frames\non_trigger\WIN_20260322_11_17_24_Pro_f00076.jpg,non_trigger,True,478
data\frames\non_trigger\WIN_20260322_11_17_24_Pro_f00080.jpg,non_trigger,True,478
data\frames\non_trigger\WIN_20260322_11_17_24_Pro_f00084.jpg,non_trigger,True,478
data\frames\non_trigger\WIN_20260322_11_17_24_Pro_f00088.jpg,non_trigger,True,478
data\frames\non_trigger\WIN_20260322_11_17_24_Pro_f00092.jpg,non_trigger,True,478
data\frames\non_trigger\WIN_20260322_11_17_24_Pro_f00096.jpg,non_trigger,True,478
data\frames\non_trigger\WIN_20260322_11_17_24_Pro_f00100.jpg,non_trigger,True,478
data\frames\non_trigger\WIN_20260322_11_17_24_Pro_f00104.jpg,non_trigger,True,478
data\frames\non_trigger\WIN_20260322_11_17_24_Pro_f00108.jpg,non_trigger,False,0
data\frames\non_trigger\WIN_20260322_11_17_24_Pro_f00112.jpg,non_trigger,False,0
data\frames\non_trigger\WIN_20260322_11_17_24_Pro_f00116.jpg,non_trigger,False,0
data\frames\non_trigger\WIN_20260322_11_17_24_Pro_f00120.jpg,non_trigger,False,0
data\frames\non_trigger\WIN_20260322_11_17_24_Pro_f00124.jpg,non_trigger,False,0
data\frames\non_trigger\WIN_20260322_11_17_24_Pro_f00128.jpg,non_trigger,False,0
data\frames\non_trigger\WIN_20260322_11_17_24_Pro_f00132.jpg,non_trigger,True,478
data\frames\non_trigger\WIN_20260322_11_17_24_Pro_f00136.jpg,non_trigger,True,478
data\frames\non_trigger\WIN_20260322_11_17_24_Pro_f00140.jpg,non_trigger,True,478
data\frames\non_trigger\WIN_20260322_11_17_24_Pro_f00144.jpg,non_trigger,True,478
data\frames\non_trigger\WIN_20260322_11_17_24_Pro_f00148.jpg,non_trigger,True,478
data\frames\non_trigger\WIN_20260322_11_17_24_Pro_f00152.jpg,non_trigger,True,478
data\frames\non_trigger\WIN_20260322_11_17_24_Pro_f00156.jpg,non_trigger,True,478
data\frames\non_trigger\WIN_20260322_11_17_24_Pro_f00160.jpg,non_trigger,True,478
data\frames\non_trigger\WIN_20260322_11_17_24_Pro_f00164.jpg,non_trigger,True,478
data\frames\non_trigger\WIN_20260322_11_17_34_Pro_f00000.jpg,non_trigger,True,478
data\frames\non_trigger\WIN_20260322_11_17_34_Pro_f00004.jpg,non_trigger,True,478
data\frames\non_trigger\WIN_20260322_11_17_34_Pro_f00008.jpg,non_trigger,True,478
data\frames\non_trigger\WIN_20260322_11_17_34_Pro_f00012.jpg,non_trigger,True,478
data\frames\non_trigger\WIN_20260322_11_17_34_Pro_f00016.jpg,non_trigger,True,478
data\frames\non_trigger\WIN_20260322_11_17_34_Pro_f00020.jpg,non_trigger,True,478
data\frames\non_trigger\WIN_20260322_11_17_34_Pro_f00024.jpg,non_trigger,True,478
data\frames\non_trigger\WIN_20260322_11_17_34_Pro_f00028.jpg,non_trigger,True,478
data\frames\non_trigger\WIN_20260322_11_17_34_Pro_f00032.jpg,non_trigger,True,478
data\frames\non_trigger\WIN_20260322_11_17_34_Pro_f00036.jpg,non_trigger,True,478
data\frames\non_trigger\WIN_20260322_11_17_34_Pro_f00040.jpg,non_trigger,True,478
data\frames\non_trigger\WIN_20260322_11_17_34_Pro_f00044.jpg,non_trigger,True,478
data\frames\non_trigger\WIN_20260322_11_17_34_Pro_f00048.jpg,non_trigger,True,478
data\frames\non_trigger\WIN_20260322_11_17_34_Pro_f00052.jpg,non_trigger,True,478
data\frames\non_trigger\WIN_20260322_11_17_34_Pro_f00056.jpg,non_trigger,True,478
data\frames\non_trigger\WIN_20260322_11_17_34_Pro_f00060.jpg,non_trigger,True,478
data\frames\non_trigger\WIN_20260322_11_17_34_Pro_f00064.jpg,non_trigger,True,478
data\frames\non_trigger\WIN_20260322_11_17_34_Pro_f00068.jpg,non_trigger,True,478
data\frames\non_trigger\WIN_20260322_11_17_34_Pro_f00072.jpg,non_trigger,True,478
data\frames\non_trigger\WIN_20260322_11_17_34_Pro_f00076.jpg,non_trigger,True,478
data\frames\non_trigger\WIN_20260322_11_17_34_Pro_f00080.jpg,non_trigger,True,478
data\frames\non_trigger\WIN_20260322_11_17_34_Pro_f00084.jpg,non_trigger,True,478
data\frames\non_trigger\WIN_20260322_11_17_34_Pro_f00088.jpg,non_trigger,True,478
data\frames\non_trigger\WIN_20260322_11_17_34_Pro_f00092.jpg,non_trigger,True,478
data\frames\non_trigger\WIN_20260322_11_17_34_Pro_f00096.jpg,non_trigger,True,478
data\frames\non_trigger\WIN_20260322_11_17_34_Pro_f00100.jpg,non_trigger,True,478
data\frames\non_trigger\WIN_20260322_11_17_34_Pro_f00104.jpg,non_trigger,True,478
data\frames\non_trigger\WIN_20260322_11_17_34_Pro_f00108.jpg,non_trigger,True,478
data\frames\non_trigger\WIN_20260322_11_17_34_Pro_f00112.jpg,non_trigger,True,478
data\frames\non_trigger\WIN_20260322_11_17_34_Pro_f00116.jpg,non_trigger,True,478
data\frames\non_trigger\WIN_20260322_11_17_34_Pro_f00120.jpg,non_trigger,True,478
data\frames\non_trigger\WIN_20260322_11_17_34_Pro_f00124.jpg,non_trigger,True,478
data\frames\non_trigger\WIN_20260322_11_17_34_Pro_f00128.jpg,non_trigger,True,478
data\frames\non_trigger\WIN_20260322_11_17_34_Pro_f00132.jpg,non_trigger,True,478
data\frames\non_trigger\WIN_20260322_11_17_34_Pro_f00136.jpg,non_trigger,True,478
data\frames\non_trigger\WIN_20260322_11_17_34_Pro_f00140.jpg,non_trigger,True,478
data\frames\non_trigger\WIN_20260322_11_17_34_Pro_f00144.jpg,non_trigger,True,478
data\frames\non_trigger\WIN_20260322_11_17_34_Pro_f00148.jpg,non_trigger,True,478
data\frames\non_trigger\WIN_20260322_11_17_34_Pro_f00152.jpg,non_trigger,True,478
data\frames\non_trigger\WIN_20260322_11_17_34_Pro_f00156.jpg,non_trigger,True,478
data\frames\non_trigger\WIN_20260322_11_17_34_Pro_f00160.jpg,non_trigger,True,478
data\frames\non_trigger\WIN_20260322_11_17_34_Pro_f00164.jpg,non_trigger,True,478
data\frames\non_trigger\WIN_20260322_11_17_34_Pro_f00168.jpg,non_trigger,True,478
data\frames\non_trigger\WIN_20260322_11_17_34_Pro_f00172.jpg,non_trigger,True,478
data\frames\non_trigger\WIN_20260322_11_17_34_Pro_f00176.jpg,non_trigger,True,478
data\frames\non_trigger\WIN_20260322_11_17_34_Pro_f00180.jpg,non_trigger,True,478
data\frames\non_trigger\WIN_20260322_11_17_34_Pro_f00184.jpg,non_trigger,True,478
data\frames\non_trigger\WIN_20260322_11_17_34_Pro_f00188.jpg,non_trigger,True,478
data\frames\non_trigger\WIN_20260322_11_17_34_Pro_f00192.jpg,non_trigger,True,478
data\frames\non_trigger\WIN_20260322_11_17_34_Pro_f00196.jpg,non_trigger,True,478
data\frames\non_trigger\WIN_20260322_11_17_34_Pro_f00200.jpg,non_trigger,True,478
data\frames\non_trigger\WIN_20260322_11_17_34_Pro_f00204.jpg,non_trigger,True,478
data\frames\non_trigger\WIN_20260322_11_17_34_Pro_f00208.jpg,non_trigger,True,478
data\frames\non_trigger\WIN_20260322_11_17_34_Pro_f00212.jpg,non_trigger,True,478
data\frames\non_trigger\WIN_20260322_11_17_34_Pro_f00216.jpg,non_trigger,True,478
data\frames\non_trigger\WIN_20260322_11_17_34_Pro_f00220.jpg,non_trigger,True,478
data\frames\non_trigger\WIN_20260322_11_17_34_Pro_f00224.jpg,non_trigger,True,478
data\frames\non_trigger\WIN_20260322_11_17_34_Pro_f00228.jpg,non_trigger,True,478
data\frames\non_trigger\WIN_20260322_11_17_47_Pro_f00000.jpg,non_trigger,True,478
data\frames\non_trigger\WIN_20260322_11_17_47_Pro_f00004.jpg,non_trigger,True,478
data\frames\non_trigger\WIN_20260322_11_17_47_Pro_f00008.jpg,non_trigger,True,478
data\frames\non_trigger\WIN_20260322_11_17_47_Pro_f00012.jpg,non_trigger,True,478
data\frames\non_trigger\WIN_20260322_11_17_47_Pro_f00016.jpg,non_trigger,True,478
data\frames\non_trigger\WIN_20260322_11_17_47_Pro_f00020.jpg,non_trigger,True,478
data\frames\non_trigger\WIN_20260322_11_17_47_Pro_f00024.jpg,non_trigger,True,478
data\frames\non_trigger\WIN_20260322_11_17_47_Pro_f00028.jpg,non_trigger,True,478
data\frames\non_trigger\WIN_20260322_11_17_47_Pro_f00032.jpg,non_trigger,True,478
data\frames\non_trigger\WIN_20260322_11_17_47_Pro_f00036.jpg,non_trigger,True,478
data\frames\non_trigger\WIN_20260322_11_17_47_Pro_f00040.jpg,non_trigger,True,478
data\frames\non_trigger\WIN_20260322_11_17_47_Pro_f00044.jpg,non_trigger,True,478
data\frames\non_trigger\WIN_20260322_11_17_47_Pro_f00048.jpg,non_trigger,True,478
data\frames\non_trigger\WIN_20260322_11_17_47_Pro_f00052.jpg,non_trigger,True,478
data\frames\non_trigger\WIN_20260322_11_17_47_Pro_f00056.jpg,non_trigger,True,478
data\frames\non_trigger\WIN_20260322_11_17_47_Pro_f00060.jpg,non_trigger,True,478
data\frames\non_trigger\WIN_20260322_11_17_47_Pro_f00064.jpg,non_trigger,True,478
data\frames\non_trigger\WIN_20260322_11_17_47_Pro_f00068.jpg,non_trigger,True,478
data\frames\non_trigger\WIN_20260322_11_17_47_Pro_f00072.jpg,non_trigger,True,478
data\frames\non_trigger\WIN_20260322_11_17_47_Pro_f00076.jpg,non_trigger,True,478
data\frames\non_trigger\WIN_20260322_11_17_47_Pro_f00080.jpg,non_trigger,True,478
data\frames\non_trigger\WIN_20260322_11_17_47_Pro_f00084.jpg,non_trigger,True,478
data\frames\non_trigger\WIN_20260322_11_17_47_Pro_f00088.jpg,non_trigger,True,478
data\frames\non_trigger\WIN_20260322_11_17_47_Pro_f00092.jpg,non_trigger,True,478
data\frames\non_trigger\WIN_20260322_11_17_47_Pro_f00096.jpg,non_trigger,True,478
data\frames\non_trigger\WIN_20260322_11_17_47_Pro_f00100.jpg,non_trigger,True,478
data\frames\non_trigger\WIN_20260322_11_17_47_Pro_f00104.jpg,non_trigger,True,478
data\frames\non_trigger\WIN_20260322_11_17_47_Pro_f00108.jpg,non_trigger,True,478
data\frames\non_trigger\WIN_20260322_11_17_47_Pro_f00112.jpg,non_trigger,True,478
data\frames\non_trigger\WIN_20260322_11_17_47_Pro_f00116.jpg,non_trigger,True,478
data\frames\non_trigger\WIN_20260322_11_17_47_Pro_f00120.jpg,non_trigger,True,478
data\frames\non_trigger\WIN_20260322_11_17_47_Pro_f00124.jpg,non_trigger,True,478
data\frames\non_trigger\WIN_20260322_11_17_47_Pro_f00128.jpg,non_trigger,True,478
data\frames\non_trigger\WIN_20260322_11_17_47_Pro_f00132.jpg,non_trigger,True,478
data\frames\non_trigger\WIN_20260322_11_17_47_Pro_f00136.jpg,non_trigger,True,478
data\frames\non_trigger\WIN_20260322_11_17_47_Pro_f00140.jpg,non_trigger,True,478
data\frames\non_trigger\WIN_20260322_11_17_47_Pro_f00144.jpg,non_trigger,True,478
data\frames\non_trigger\WIN_20260322_11_17_47_Pro_f00148.jpg,non_trigger,True,478
data\frames\non_trigger\WIN_20260322_11_17_47_Pro_f00152.jpg,non_trigger,True,478
data\frames\non_trigger\WIN_20260322_11_17_47_Pro_f00156.jpg,non_trigger,True,478
data\frames\non_trigger\WIN_20260322_11_17_47_Pro_f00160.jpg,non_trigger,True,478
data\frames\non_trigger\WIN_20260322_11_17_47_Pro_f00164.jpg,non_trigger,True,478
data\frames\non_trigger\WIN_20260322_11_17_47_Pro_f00168.jpg,non_trigger,True,478
data\frames\non_trigger\WIN_20260322_11_17_47_Pro_f00172.jpg,non_trigger,True,478
data\frames\non_trigger\WIN_20260322_11_17_47_Pro_f00176.jpg,non_trigger,True,478
data\frames\non_trigger\WIN_20260322_11_17_47_Pro_f00180.jpg,non_trigger,True,478
data\frames\non_trigger\WIN_20260322_11_17_47_Pro_f00184.jpg,non_trigger,True,478
data\frames\non_trigger\WIN_20260322_11_17_47_Pro_f00188.jpg,non_trigger,True,478
data\frames\non_trigger\WIN_20260322_11_17_47_Pro_f00192.jpg,non_trigger,True,478
data\frames\non_trigger\WIN_20260322_11_17_47_Pro_f00196.jpg,non_trigger,True,478
data\frames\non_trigger\WIN_20260322_11_17_47_Pro_f00200.jpg,non_trigger,True,478
data\frames\non_trigger\WIN_20260322_11_17_47_Pro_f00204.jpg,non_trigger,True,478
data\frames\non_trigger\WIN_20260322_11_17_47_Pro_f00208.jpg,non_trigger,True,478
data\frames\non_trigger\WIN_20260322_11_17_47_Pro_f00212.jpg,non_trigger,True,478
data\frames\non_trigger\WIN_20260322_11_17_47_Pro_f00216.jpg,non_trigger,True,478
data\frames\non_trigger\WIN_20260322_11_17_47_Pro_f00220.jpg,non_trigger,True,478
data\frames\non_trigger\WIN_20260322_11_17_47_Pro_f00224.jpg,non_trigger,False,0
data\frames\non_trigger\WIN_20260322_11_17_47_Pro_f00228.jpg,non_trigger,False,0
data\frames\non_trigger\WIN_20260322_11_17_47_Pro_f00232.jpg,non_trigger,False,0
data\frames\non_trigger\WIN_20260322_11_17_47_Pro_f00236.jpg,non_trigger,False,0
data\frames\non_trigger\WIN_20260322_11_17_47_Pro_f00240.jpg,non_trigger,False,0
data\frames\non_trigger\WIN_20260322_11_17_47_Pro_f00244.jpg,non_trigger,False,0
data\frames\non_trigger\WIN_20260322_11_17_47_Pro_f00248.jpg,non_trigger,False,0
data\frames\non_trigger\WIN_20260322_11_17_47_Pro_f00252.jpg,non_trigger,False,0
data\frames\non_trigger\WIN_20260322_11_17_47_Pro_f00256.jpg,non_trigger,False,0
data\frames\non_trigger\WIN_20260322_11_17_47_Pro_f00260.jpg,non_trigger,False,0
data\frames\non_trigger\WIN_20260322_11_17_47_Pro_f00264.jpg,non_trigger,False,0
data\frames\non_trigger\WIN_20260322_11_17_47_Pro_f00268.jpg,non_trigger,False,0
data\frames\non_trigger\WIN_20260322_11_17_47_Pro_f00272.jpg,non_trigger,True,478
data\frames\non_trigger\WIN_20260322_11_17_47_Pro_f00276.jpg,non_trigger,True,478
data\frames\non_trigger\WIN_20260322_11_17_47_Pro_f00280.jpg,non_trigger,True,478
data\frames\non_trigger\WIN_20260322_11_17_47_Pro_f00284.jpg,non_trigger,True,478
data\frames\non_trigger\WIN_20260322_11_17_47_Pro_f00288.jpg,non_trigger,True,478
data\frames\non_trigger\WIN_20260322_11_17_47_Pro_f00292.jpg,non_trigger,True,478
data\frames\non_trigger\WIN_20260322_11_18_02_Pro_f00000.jpg,non_trigger,True,478
data\frames\non_trigger\WIN_20260322_11_18_02_Pro_f00004.jpg,non_trigger,True,478
data\frames\non_trigger\WIN_20260322_11_18_02_Pro_f00008.jpg,non_trigger,True,478
data\frames\non_trigger\WIN_20260322_11_18_02_Pro_f00012.jpg,non_trigger,True,478
data\frames\non_trigger\WIN_20260322_11_18_02_Pro_f00016.jpg,non_trigger,True,478
data\frames\non_trigger\WIN_20260322_11_18_02_Pro_f00020.jpg,non_trigger,True,478
data\frames\non_trigger\WIN_20260322_11_18_02_Pro_f00024.jpg,non_trigger,True,478
data\frames\non_trigger\WIN_20260322_11_18_02_Pro_f00028.jpg,non_trigger,True,478
data\frames\non_trigger\WIN_20260322_11_18_02_Pro_f00032.jpg,non_trigger,True,478
data\frames\non_trigger\WIN_20260322_11_18_02_Pro_f00036.jpg,non_trigger,True,478
data\frames\non_trigger\WIN_20260322_11_18_02_Pro_f00040.jpg,non_trigger,True,478
data\frames\non_trigger\WIN_20260322_11_18_02_Pro_f00044.jpg,non_trigger,True,478
data\frames\non_trigger\WIN_20260322_11_18_02_Pro_f00048.jpg,non_trigger,True,478
data\frames\non_trigger\WIN_20260322_11_18_02_Pro_f00052.jpg,non_trigger,True,478
data\frames\non_trigger\WIN_20260322_11_18_02_Pro_f00056.jpg,non_trigger,True,478
data\frames\non_trigger\WIN_20260322_11_18_02_Pro_f00060.jpg,non_trigger,True,478
data\frames\non_trigger\WIN_20260322_11_18_02_Pro_f00064.jpg,non_trigger,True,478
data\frames\non_trigger\WIN_20260322_11_18_02_Pro_f00068.jpg,non_trigger,True,478
data\frames\non_trigger\WIN_20260322_11_18_02_Pro_f00072.jpg,non_trigger,True,478
data\frames\non_trigger\WIN_20260322_11_18_02_Pro_f00076.jpg,non_trigger,True,478
data\frames\non_trigger\WIN_20260322_11_18_02_Pro_f00080.jpg,non_trigger,True,478
data\frames\non_trigger\WIN_20260322_11_18_02_Pro_f00084.jpg,non_trigger,True,478
data\frames\non_trigger\WIN_20260322_11_18_02_Pro_f00088.jpg,non_trigger,True,478
data\frames\non_trigger\WIN_20260322_11_18_02_Pro_f00092.jpg,non_trigger,True,478
data\frames\non_trigger\WIN_20260322_11_18_02_Pro_f00096.jpg,non_trigger,True,478
data\frames\non_trigger\WIN_20260322_11_18_02_Pro_f00100.jpg,non_trigger,True,478
data\frames\non_trigger\WIN_20260322_11_18_02_Pro_f00104.jpg,non_trigger,True,478
data\frames\non_trigger\WIN_20260322_11_18_02_Pro_f00108.jpg,non_trigger,True,478
data\frames\non_trigger\WIN_20260322_11_18_02_Pro_f00112.jpg,non_trigger,True,478
data\frames\non_trigger\WIN_20260322_11_18_02_Pro_f00116.jpg,non_trigger,True,478
data\frames\non_trigger\WIN_20260322_11_18_02_Pro_f00120.jpg,non_trigger,True,478
data\frames\non_trigger\WIN_20260322_11_18_02_Pro_f00124.jpg,non_trigger,True,478
data\frames\non_trigger\WIN_20260322_11_18_02_Pro_f00128.jpg,non_trigger,True,478
data\frames\non_trigger\WIN_20260322_11_18_02_Pro_f00132.jpg,non_trigger,True,478
data\frames\non_trigger\WIN_20260322_11_18_02_Pro_f00136.jpg,non_trigger,True,478
data\frames\non_trigger\WIN_20260322_11_18_02_Pro_f00140.jpg,non_trigger,True,478
data\frames\non_trigger\WIN_20260322_11_18_02_Pro_f00144.jpg,non_trigger,True,478
data\frames\non_trigger\WIN_20260322_11_18_02_Pro_f00148.jpg,non_trigger,True,478
data\frames\non_trigger\WIN_20260322_11_18_02_Pro_f00152.jpg,non_trigger,True,478
data\frames\non_trigger\WIN_20260322_11_18_02_Pro_f00156.jpg,non_trigger,True,478
data\frames\non_trigger\WIN_20260322_11_18_02_Pro_f00160.jpg,non_trigger,True,478
data\frames\non_trigger\WIN_20260322_11_18_02_Pro_f00164.jpg,non_trigger,False,0
data\frames\non_trigger\WIN_20260322_11_18_02_Pro_f00168.jpg,non_trigger,False,0
data\frames\non_trigger\WIN_20260322_11_18_02_Pro_f00172.jpg,non_trigger,False,0
data\frames\non_trigger\WIN_20260322_11_18_02_Pro_f00176.jpg,non_trigger,False,0
data\frames\non_trigger\WIN_20260322_11_18_02_Pro_f00180.jpg,non_trigger,False,0
data\frames\non_trigger\WIN_20260322_11_18_02_Pro_f00184.jpg,non_trigger,False,0
data\frames\non_trigger\WIN_20260322_11_18_02_Pro_f00188.jpg,non_trigger,False,0
data\frames\non_trigger\WIN_20260322_11_18_02_Pro_f00192.jpg,non_trigger,False,0
data\frames\non_trigger\WIN_20260322_11_18_02_Pro_f00196.jpg,non_trigger,False,0
data\frames\non_trigger\WIN_20260322_11_18_02_Pro_f00200.jpg,non_trigger,False,0
data\frames\non_trigger\WIN_20260322_11_18_02_Pro_f00204.jpg,non_trigger,False,0
data\frames\non_trigger\WIN_20260322_11_18_02_Pro_f00208.jpg,non_trigger,False,0
data\frames\non_trigger\WIN_20260322_11_18_02_Pro_f00212.jpg,non_trigger,False,0
data\frames\non_trigger\WIN_20260322_11_18_02_Pro_f00216.jpg,non_trigger,False,0
data\frames\non_trigger\WIN_20260322_11_18_02_Pro_f00220.jpg,non_trigger,False,0
data\frames\non_trigger\WIN_20260322_11_18_02_Pro_f00224.jpg,non_trigger,False,0
data\frames\non_trigger\WIN_20260322_11_18_02_Pro_f00228.jpg,non_trigger,False,0
data\frames\non_trigger\WIN_20260322_11_18_02_Pro_f00232.jpg,non_trigger,False,0
data\frames\non_trigger\WIN_20260322_11_18_02_Pro_f00236.jpg,non_trigger,False,0
data\frames\non_trigger\WIN_20260322_11_18_02_Pro_f00240.jpg,non_trigger,False,0
data\frames\non_trigger\WIN_20260322_11_18_02_Pro_f00244.jpg,non_trigger,False,0
data\frames\non_trigger\WIN_20260322_11_18_02_Pro_f00248.jpg,non_trigger,False,0
data\frames\non_trigger\WIN_20260322_11_18_02_Pro_f00252.jpg,non_trigger,False,0
data\frames\non_trigger\WIN_20260322_11_18_02_Pro_f00256.jpg,non_trigger,False,0
data\frames\non_trigger\WIN_20260322_11_18_02_Pro_f00260.jpg,non_trigger,False,0
data\frames\non_trigger\WIN_20260322_11_18_02_Pro_f00264.jpg,non_trigger,False,0
data\frames\non_trigger\WIN_20260322_11_18_02_Pro_f00268.jpg,non_trigger,False,0
data\frames\non_trigger\WIN_20260322_11_18_02_Pro_f00272.jpg,non_trigger,False,0
data\frames\non_trigger\WIN_20260322_11_18_02_Pro_f00276.jpg,non_trigger,False,0
data\frames\non_trigger\WIN_20260322_11_18_02_Pro_f00280.jpg,non_trigger,False,0
data\frames\non_trigger\WIN_20260322_11_18_02_Pro_f00284.jpg,non_trigger,False,0
data\frames\non_trigger\WIN_20260322_11_18_02_Pro_f00288.jpg,non_trigger,False,0
data\frames\non_trigger\WIN_20260322_11_18_02_Pro_f00292.jpg,non_trigger,False,0
data\frames\non_trigger\WIN_20260322_11_18_02_Pro_f00296.jpg,non_trigger,True,478
data\frames\non_trigger\WIN_20260322_11_18_02_Pro_f00300.jpg,non_trigger,True,478
data\frames\non_trigger\WIN_20260322_11_18_02_Pro_f00304.jpg,non_trigger,True,478
data\frames\non_trigger\WIN_20260322_11_18_02_Pro_f00308.jpg,non_trigger,True,478
data\frames\non_trigger\WIN_20260322_11_18_02_Pro_f00312.jpg,non_trigger,True,478
data\frames\non_trigger\WIN_20260322_11_18_02_Pro_f00316.jpg,non_trigger,True,478
data\frames\non_trigger\WIN_20260322_11_18_02_Pro_f00320.jpg,non_trigger,True,478
data\frames\non_trigger\WIN_20260322_11_18_02_Pro_f00324.jpg,non_trigger,True,478
data\frames\non_trigger\WIN_20260322_11_18_02_Pro_f00328.jpg,non_trigger,True,478
data\frames\non_trigger\WIN_20260322_11_18_02_Pro_f00332.jpg,non_trigger,True,478
data\frames\non_trigger\WIN_20260322_11_18_02_Pro_f00336.jpg,non_trigger,True,478
data\frames\non_trigger\WIN_20260322_11_18_29_Pro_f00000.jpg,non_trigger,True,478
data\frames\non_trigger\WIN_20260322_11_18_29_Pro_f00004.jpg,non_trigger,True,478
data\frames\non_trigger\WIN_20260322_11_18_29_Pro_f00008.jpg,non_trigger,True,478
data\frames\non_trigger\WIN_20260322_11_18_29_Pro_f00012.jpg,non_trigger,True,478
data\frames\non_trigger\WIN_20260322_11_18_29_Pro_f00016.jpg,non_trigger,True,478
data\frames\non_trigger\WIN_20260322_11_18_29_Pro_f00020.jpg,non_trigger,True,478
data\frames\non_trigger\WIN_20260322_11_18_29_Pro_f00024.jpg,non_trigger,True,478
data\frames\non_trigger\WIN_20260322_11_18_29_Pro_f00028.jpg,non_trigger,True,478
data\frames\non_trigger\WIN_20260322_11_18_29_Pro_f00032.jpg,non_trigger,True,478
data\frames\non_trigger\WIN_20260322_11_18_29_Pro_f00036.jpg,non_trigger,True,478
data\frames\non_trigger\WIN_20260322_11_18_29_Pro_f00040.jpg,non_trigger,True,478
data\frames\non_trigger\WIN_20260322_11_18_29_Pro_f00044.jpg,non_trigger,True,478
data\frames\non_trigger\WIN_20260322_11_18_29_Pro_f00048.jpg,non_trigger,True,478
data\frames\non_trigger\WIN_20260322_11_18_29_Pro_f00052.jpg,non_trigger,True,478
data\frames\non_trigger\WIN_20260322_11_18_29_Pro_f00056.jpg,non_trigger,True,478
data\frames\non_trigger\WIN_20260322_11_18_29_Pro_f00060.jpg,non_trigger,True,478
data\frames\non_trigger\WIN_20260322_11_18_29_Pro_f00064.jpg,non_trigger,True,478
data\frames\non_trigger\WIN_20260322_11_18_29_Pro_f00068.jpg,non_trigger,True,478
data\frames\non_trigger\WIN_20260322_11_18_29_Pro_f00072.jpg,non_trigger,True,478
data\frames\non_trigger\WIN_20260322_11_18_29_Pro_f00076.jpg,non_trigger,True,478
data\frames\non_trigger\WIN_20260322_11_18_29_Pro_f00080.jpg,non_trigger,True,478
data\frames\non_trigger\WIN_20260322_11_18_29_Pro_f00084.jpg,non_trigger,True,478
data\frames\non_trigger\WIN_20260322_11_18_29_Pro_f00088.jpg,non_trigger,True,478
data\frames\non_trigger\WIN_20260322_11_18_29_Pro_f00092.jpg,non_trigger,True,478
data\frames\non_trigger\WIN_20260322_11_18_29_Pro_f00096.jpg,non_trigger,True,478
data\frames\non_trigger\WIN_20260322_11_18_29_Pro_f00100.jpg,non_trigger,True,478
data\frames\non_trigger\WIN_20260322_11_18_29_Pro_f00104.jpg,non_trigger,True,478
data\frames\non_trigger\WIN_20260322_11_18_29_Pro_f00108.jpg,non_trigger,True,478
data\frames\non_trigger\WIN_20260322_11_18_29_Pro_f00112.jpg,non_trigger,True,478
data\frames\non_trigger\WIN_20260322_11_18_29_Pro_f00116.jpg,non_trigger,True,478
data\frames\non_trigger\WIN_20260322_11_18_29_Pro_f00120.jpg,non_trigger,True,478
data\frames\non_trigger\WIN_20260322_11_18_29_Pro_f00124.jpg,non_trigger,True,478
data\frames\non_trigger\WIN_20260322_11_18_29_Pro_f00128.jpg,non_trigger,True,478
data\frames\non_trigger\WIN_20260322_11_18_29_Pro_f00132.jpg,non_trigger,True,478
data\frames\non_trigger\WIN_20260322_11_18_29_Pro_f00136.jpg,non_trigger,True,478
data\frames\non_trigger\WIN_20260322_11_18_29_Pro_f00140.jpg,non_trigger,True,478
data\frames\non_trigger\WIN_20260322_11_18_29_Pro_f00144.jpg,non_trigger,True,478
data\frames\non_trigger\WIN_20260322_11_18_29_Pro_f00148.jpg,non_trigger,True,478
data\frames\non_trigger\WIN_20260322_11_18_29_Pro_f00152.jpg,non_trigger,True,478
data\frames\non_trigger\WIN_20260322_11_18_29_Pro_f00156.jpg,non_trigger,True,478
data\frames\non_trigger\WIN_20260322_11_18_44_Pro_f00000.jpg,non_trigger,True,478
data\frames\non_trigger\WIN_20260322_11_18_44_Pro_f00004.jpg,non_trigger,True,478
data\frames\non_trigger\WIN_20260322_11_18_44_Pro_f00008.jpg,non_trigger,True,478
data\frames\non_trigger\WIN_20260322_11_18_44_Pro_f00012.jpg,non_trigger,True,478
data\frames\non_trigger\WIN_20260322_11_18_44_Pro_f00016.jpg,non_trigger,True,478
data\frames\non_trigger\WIN_20260322_11_18_44_Pro_f00020.jpg,non_trigger,True,478
data\frames\non_trigger\WIN_20260322_11_18_44_Pro_f00024.jpg,non_trigger,True,478
data\frames\non_trigger\WIN_20260322_11_18_44_Pro_f00028.jpg,non_trigger,True,478
data\frames\non_trigger\WIN_20260322_11_18_44_Pro_f00032.jpg,non_trigger,True,478
data\frames\non_trigger\WIN_20260322_11_18_44_Pro_f00036.jpg,non_trigger,True,478
data\frames\non_trigger\WIN_20260322_11_18_44_Pro_f00040.jpg,non_trigger,True,478
data\frames\non_trigger\WIN_20260322_11_18_44_Pro_f00044.jpg,non_trigger,True,478
data\frames\non_trigger\WIN_20260322_11_18_44_Pro_f00048.jpg,non_trigger,False,0
data\frames\non_trigger\WIN_20260322_11_18_44_Pro_f00052.jpg,non_trigger,True,478
data\frames\non_trigger\WIN_20260322_11_18_44_Pro_f00056.jpg,non_trigger,True,478
data\frames\non_trigger\WIN_20260322_11_18_44_Pro_f00060.jpg,non_trigger,True,478
data\frames\non_trigger\WIN_20260322_11_18_44_Pro_f00064.jpg,non_trigger,True,478
data\frames\non_trigger\WIN_20260322_11_18_44_Pro_f00068.jpg,non_trigger,True,478
data\frames\non_trigger\WIN_20260322_11_18_44_Pro_f00072.jpg,non_trigger,True,478
data\frames\non_trigger\WIN_20260322_11_18_44_Pro_f00076.jpg,non_trigger,True,478
data\frames\non_trigger\WIN_20260322_11_18_44_Pro_f00080.jpg,non_trigger,True,478
data\frames\non_trigger\WIN_20260322_11_18_44_Pro_f00084.jpg,non_trigger,True,478
data\frames\non_trigger\WIN_20260322_11_18_44_Pro_f00088.jpg,non_trigger,True,478
data\frames\non_trigger\WIN_20260322_11_18_44_Pro_f00092.jpg,non_trigger,True,478
data\frames\non_trigger\WIN_20260322_11_18_44_Pro_f00096.jpg,non_trigger,True,478
data\frames\non_trigger\WIN_20260322_11_18_44_Pro_f00100.jpg,non_trigger,True,478
data\frames\non_trigger\WIN_20260322_11_18_44_Pro_f00104.jpg,non_trigger,True,478
data\frames\non_trigger\WIN_20260322_11_18_44_Pro_f00108.jpg,non_trigger,True,478
data\frames\non_trigger\WIN_20260322_11_18_44_Pro_f00112.jpg,non_trigger,True,478
data\frames\non_trigger\WIN_20260322_11_18_44_Pro_f00116.jpg,non_trigger,True,478
data\frames\non_trigger\WIN_20260322_11_18_44_Pro_f00120.jpg,non_trigger,True,478
data\frames\non_trigger\WIN_20260322_11_18_44_Pro_f00124.jpg,non_trigger,True,478
data\frames\non_trigger\WIN_20260322_11_18_44_Pro_f00128.jpg,non_trigger,True,478
data\frames\non_trigger\WIN_20260322_11_18_44_Pro_f00132.jpg,non_trigger,True,478
data\frames\non_trigger\WIN_20260322_11_18_44_Pro_f00136.jpg,non_trigger,True,478
data\frames\non_trigger\WIN_20260322_11_18_44_Pro_f00140.jpg,non_trigger,True,478
data\frames\non_trigger\WIN_20260322_11_18_44_Pro_f00144.jpg,non_trigger,True,478
data\frames\non_trigger\WIN_20260322_11_18_44_Pro_f00148.jpg,non_trigger,True,478
data\frames\non_trigger\WIN_20260322_11_18_44_Pro_f00152.jpg,non_trigger,True,478
data\frames\non_trigger\WIN_20260322_11_18_44_Pro_f00156.jpg,non_trigger,True,478
data\frames\non_trigger\WIN_20260322_11_18_44_Pro_f00160.jpg,non_trigger,True,478
data\frames\non_trigger\WIN_20260322_11_18_44_Pro_f00164.jpg,non_trigger,True,478
data\frames\non_trigger\WIN_20260322_11_18_44_Pro_f00168.jpg,non_trigger,True,478
data\frames\non_trigger\WIN_20260322_11_18_44_Pro_f00172.jpg,non_trigger,True,478
data\frames\non_trigger\WIN_20260322_11_18_44_Pro_f00176.jpg,non_trigger,True,478
data\frames\non_trigger\WIN_20260322_11_18_44_Pro_f00180.jpg,non_trigger,True,478
data\frames\non_trigger\WIN_20260322_11_18_44_Pro_f00184.jpg,non_trigger,True,478
data\frames\non_trigger\WIN_20260322_11_18_44_Pro_f00188.jpg,non_trigger,True,478
data\frames\non_trigger\WIN_20260322_11_18_44_Pro_f00192.jpg,non_trigger,True,478
data\frames\non_trigger\WIN_20260322_11_18_44_Pro_f00196.jpg,non_trigger,True,478
data\frames\non_trigger\WIN_20260322_11_18_44_Pro_f00200.jpg,non_trigger,True,478
data\frames\non_trigger\WIN_20260322_11_18_44_Pro_f00204.jpg,non_trigger,True,478
data\frames\non_trigger\WIN_20260322_11_18_44_Pro_f00208.jpg,non_trigger,True,478
data\frames\non_trigger\WIN_20260322_11_18_44_Pro_f00212.jpg,non_trigger,True,478
data\frames\non_trigger\WIN_20260322_11_18_44_Pro_f00216.jpg,non_trigger,True,478
data\frames\non_trigger\WIN_20260322_11_18_44_Pro_f00220.jpg,non_trigger,True,478
data\frames\non_trigger\WIN_20260322_11_18_44_Pro_f00224.jpg,non_trigger,True,478
data\frames\non_trigger\WIN_20260322_11_18_44_Pro_f00228.jpg,non_trigger,True,478
data\frames\non_trigger\WIN_20260322_11_18_44_Pro_f00232.jpg,non_trigger,True,478
data\frames\non_trigger\WIN_20260322_11_18_44_Pro_f00236.jpg,non_trigger,True,478
data\frames\non_trigger\WIN_20260322_11_18_44_Pro_f00240.jpg,non_trigger,True,478
data\frames\non_trigger\WIN_20260322_11_19_03_Pro_f00000.jpg,non_trigger,True,478
data\frames\non_trigger\WIN_20260322_11_19_03_Pro_f00004.jpg,non_trigger,True,478
data\frames\non_trigger\WIN_20260322_11_19_03_Pro_f00008.jpg,non_trigger,True,478
data\frames\non_trigger\WIN_20260322_11_19_03_Pro_f00012.jpg,non_trigger,True,478
data\frames\non_trigger\WIN_20260322_11_19_03_Pro_f00016.jpg,non_trigger,True,478
data\frames\non_trigger\WIN_20260322_11_19_03_Pro_f00020.jpg,non_trigger,True,478
data\frames\non_trigger\WIN_20260322_11_19_03_Pro_f00024.jpg,non_trigger,True,478
data\frames\non_trigger\WIN_20260322_11_19_03_Pro_f00028.jpg,non_trigger,True,478
data\frames\non_trigger\WIN_20260322_11_19_03_Pro_f00032.jpg,non_trigger,True,478
data\frames\non_trigger\WIN_20260322_11_19_03_Pro_f00036.jpg,non_trigger,True,478
data\frames\non_trigger\WIN_20260322_11_19_03_Pro_f00040.jpg,non_trigger,True,478
data\frames\non_trigger\WIN_20260322_11_19_03_Pro_f00044.jpg,non_trigger,True,478
data\frames\non_trigger\WIN_20260322_11_19_03_Pro_f00048.jpg,non_trigger,True,478
data\frames\non_trigger\WIN_20260322_11_19_03_Pro_f00052.jpg,non_trigger,True,478
data\frames\non_trigger\WIN_20260322_11_19_03_Pro_f00056.jpg,non_trigger,True,478
data\frames\non_trigger\WIN_20260322_11_19_03_Pro_f00060.jpg,non_trigger,True,478
data\frames\non_trigger\WIN_20260322_11_19_03_Pro_f00064.jpg,non_trigger,True,478
data\frames\non_trigger\WIN_20260322_11_19_03_Pro_f00068.jpg,non_trigger,True,478
data\frames\non_trigger\WIN_20260322_11_19_03_Pro_f00072.jpg,non_trigger,True,478
data\frames\non_trigger\WIN_20260322_11_19_03_Pro_f00076.jpg,non_trigger,True,478
data\frames\non_trigger\WIN_20260322_11_19_03_Pro_f00080.jpg,non_trigger,True,478
data\frames\non_trigger\WIN_20260322_11_19_03_Pro_f00084.jpg,non_trigger,True,478
data\frames\non_trigger\WIN_20260322_11_19_03_Pro_f00088.jpg,non_trigger,True,478
data\frames\non_trigger\WIN_20260322_11_19_03_Pro_f00092.jpg,non_trigger,True,478
data\frames\non_trigger\WIN_20260322_11_19_03_Pro_f00096.jpg,non_trigger,True,478
data\frames\non_trigger\WIN_20260322_11_19_03_Pro_f00100.jpg,non_trigger,True,478
data\frames\non_trigger\WIN_20260322_11_19_03_Pro_f00104.jpg,non_trigger,True,478
data\frames\non_trigger\WIN_20260322_11_19_03_Pro_f00108.jpg,non_trigger,True,478
data\frames\non_trigger\WIN_20260322_11_19_03_Pro_f00112.jpg,non_trigger,True,478
data\frames\non_trigger\WIN_20260322_11_19_03_Pro_f00116.jpg,non_trigger,True,478
data\frames\non_trigger\WIN_20260322_11_19_03_Pro_f00120.jpg,non_trigger,True,478
data\frames\non_trigger\WIN_20260322_11_19_03_Pro_f00124.jpg,non_trigger,True,478
data\frames\non_trigger\WIN_20260322_11_19_03_Pro_f00128.jpg,non_trigger,True,478
data\frames\non_trigger\WIN_20260322_11_19_03_Pro_f00132.jpg,non_trigger,True,478
data\frames\non_trigger\WIN_20260322_11_19_03_Pro_f00136.jpg,non_trigger,True,478
data\frames\non_trigger\WIN_20260322_11_19_03_Pro_f00140.jpg,non_trigger,True,478
data\frames\non_trigger\WIN_20260322_11_19_03_Pro_f00144.jpg,non_trigger,True,478
data\frames\non_trigger\WIN_20260322_11_19_03_Pro_f00148.jpg,non_trigger,True,478
data\frames\non_trigger\WIN_20260322_11_19_03_Pro_f00152.jpg,non_trigger,True,478
data\frames\non_trigger\WIN_20260322_11_19_03_Pro_f00156.jpg,non_trigger,True,478
data\frames\non_trigger\WIN_20260322_11_19_03_Pro_f00160.jpg,non_trigger,True,478
data\frames\non_trigger\WIN_20260322_11_19_03_Pro_f00164.jpg,non_trigger,True,478
data\frames\non_trigger\WIN_20260322_11_19_03_Pro_f00168.jpg,non_trigger,True,478
data\frames\non_trigger\WIN_20260322_11_19_03_Pro_f00172.jpg,non_trigger,True,478
data\frames\non_trigger\WIN_20260322_11_19_03_Pro_f00176.jpg,non_trigger,True,478
data\frames\non_trigger\WIN_20260322_11_19_03_Pro_f00180.jpg,non_trigger,True,478
data\frames\non_trigger\WIN_20260322_11_19_03_Pro_f00184.jpg,non_trigger,True,478
data\frames\non_trigger\WIN_20260322_11_19_03_Pro_f00188.jpg,non_trigger,True,478
data\frames\non_trigger\WIN_20260322_11_19_14_Pro_f00000.jpg,non_trigger,True,478
data\frames\non_trigger\WIN_20260322_11_19_14_Pro_f00004.jpg,non_trigger,True,478
data\frames\non_trigger\WIN_20260322_11_19_14_Pro_f00008.jpg,non_trigger,True,478
data\frames\non_trigger\WIN_20260322_11_19_14_Pro_f00012.jpg,non_trigger,True,478
data\frames\non_trigger\WIN_20260322_11_19_14_Pro_f00016.jpg,non_trigger,True,478
data\frames\non_trigger\WIN_20260322_11_19_14_Pro_f00020.jpg,non_trigger,True,478
data\frames\non_trigger\WIN_20260322_11_19_14_Pro_f00024.jpg,non_trigger,True,478
data\frames\non_trigger\WIN_20260322_11_19_14_Pro_f00028.jpg,non_trigger,True,478
data\frames\non_trigger\WIN_20260322_11_19_14_Pro_f00032.jpg,non_trigger,True,478
data\frames\non_trigger\WIN_20260322_11_19_14_Pro_f00036.jpg,non_trigger,True,478
data\frames\non_trigger\WIN_20260322_11_19_14_Pro_f00040.jpg,non_trigger,True,478
data\frames\non_trigger\WIN_20260322_11_19_14_Pro_f00044.jpg,non_trigger,True,478
data\frames\non_trigger\WIN_20260322_11_19_14_Pro_f00048.jpg,non_trigger,True,478
data\frames\non_trigger\WIN_20260322_11_19_14_Pro_f00052.jpg,non_trigger,True,478
data\frames\non_trigger\WIN_20260322_11_19_14_Pro_f00056.jpg,non_trigger,True,478
data\frames\non_trigger\WIN_20260322_11_19_14_Pro_f00060.jpg,non_trigger,True,478
data\frames\non_trigger\WIN_20260322_11_19_14_Pro_f00064.jpg,non_trigger,True,478
data\frames\non_trigger\WIN_20260322_11_19_14_Pro_f00068.jpg,non_trigger,True,478
data\frames\non_trigger\WIN_20260322_11_19_14_Pro_f00072.jpg,non_trigger,True,478
data\frames\non_trigger\WIN_20260322_11_19_14_Pro_f00076.jpg,non_trigger,True,478
data\frames\non_trigger\WIN_20260322_11_19_14_Pro_f00080.jpg,non_trigger,True,478
data\frames\non_trigger\WIN_20260322_11_19_14_Pro_f00084.jpg,non_trigger,True,478
data\frames\non_trigger\WIN_20260322_11_19_14_Pro_f00088.jpg,non_trigger,True,478
data\frames\non_trigger\WIN_20260322_11_19_14_Pro_f00092.jpg,non_trigger,True,478
data\frames\non_trigger\WIN_20260322_11_19_14_Pro_f00096.jpg,non_trigger,True,478
data\frames\non_trigger\WIN_20260322_11_19_14_Pro_f00100.jpg,non_trigger,True,478
data\frames\non_trigger\WIN_20260322_11_19_14_Pro_f00104.jpg,non_trigger,True,478
data\frames\non_trigger\WIN_20260322_11_19_14_Pro_f00108.jpg,non_trigger,True,478
data\frames\non_trigger\WIN_20260322_11_19_14_Pro_f00112.jpg,non_trigger,True,478
data\frames\non_trigger\WIN_20260322_11_19_14_Pro_f00116.jpg,non_trigger,True,478
data\frames\non_trigger\WIN_20260322_11_19_14_Pro_f00120.jpg,non_trigger,True,478
data\frames\non_trigger\WIN_20260322_11_19_14_Pro_f00124.jpg,non_trigger,True,478
data\frames\non_trigger\WIN_20260322_11_19_14_Pro_f00128.jpg,non_trigger,True,478
data\frames\non_trigger\WIN_20260322_11_19_14_Pro_f00132.jpg,non_trigger,True,478
data\frames\non_trigger\WIN_20260322_11_19_14_Pro_f00136.jpg,non_trigger,True,478
data\frames\non_trigger\WIN_20260322_11_19_14_Pro_f00140.jpg,non_trigger,True,478
data\frames\non_trigger\WIN_20260322_11_19_14_Pro_f00144.jpg,non_trigger,True,478
data\frames\non_trigger\WIN_20260322_11_19_14_Pro_f00148.jpg,non_trigger,True,478
data\frames\non_trigger\WIN_20260322_11_19_14_Pro_f00152.jpg,non_trigger,True,478
data\frames\non_trigger\WIN_20260322_11_19_14_Pro_f00156.jpg,non_trigger,True,478
data\frames\non_trigger\WIN_20260322_11_19_14_Pro_f00160.jpg,non_trigger,True,478
data\frames\non_trigger\WIN_20260322_11_19_14_Pro_f00164.jpg,non_trigger,True,478
data\frames\non_trigger\WIN_20260322_11_19_14_Pro_f00168.jpg,non_trigger,True,478
data\frames\non_trigger\WIN_20260322_11_19_14_Pro_f00172.jpg,non_trigger,True,478
data\frames\non_trigger\WIN_20260322_11_19_14_Pro_f00176.jpg,non_trigger,True,478
data\frames\non_trigger\WIN_20260322_11_19_14_Pro_f00180.jpg,non_trigger,True,478
data\frames\non_trigger\WIN_20260322_11_19_14_Pro_f00184.jpg,non_trigger,True,478
data\frames\non_trigger\WIN_20260322_11_19_14_Pro_f00188.jpg,non_trigger,True,478
data\frames\non_trigger\WIN_20260322_11_19_14_Pro_f00192.jpg,non_trigger,True,478
data\frames\non_trigger\WIN_20260322_11_19_14_Pro_f00196.jpg,non_trigger,True,478
data\frames\non_trigger\WIN_20260322_11_19_42_Pro_f00000.jpg,non_trigger,True,478
data\frames\non_trigger\WIN_20260322_11_19_42_Pro_f00004.jpg,non_trigger,True,478
data\frames\non_trigger\WIN_20260322_11_19_42_Pro_f00008.jpg,non_trigger,True,478
data\frames\non_trigger\WIN_20260322_11_19_42_Pro_f00012.jpg,non_trigger,True,478
data\frames\non_trigger\WIN_20260322_11_19_42_Pro_f00016.jpg,non_trigger,True,478
data\frames\non_trigger\WIN_20260322_11_19_42_Pro_f00020.jpg,non_trigger,True,478
data\frames\non_trigger\WIN_20260322_11_19_42_Pro_f00024.jpg,non_trigger,True,478
data\frames\non_trigger\WIN_20260322_11_19_42_Pro_f00028.jpg,non_trigger,True,478
data\frames\non_trigger\WIN_20260322_11_19_42_Pro_f00032.jpg,non_trigger,True,478
data\frames\non_trigger\WIN_20260322_11_19_42_Pro_f00036.jpg,non_trigger,True,478
data\frames\non_trigger\WIN_20260322_11_19_42_Pro_f00040.jpg,non_trigger,True,478
data\frames\non_trigger\WIN_20260322_11_19_42_Pro_f00044.jpg,non_trigger,True,478
data\frames\non_trigger\WIN_20260322_11_19_42_Pro_f00048.jpg,non_trigger,True,478
data\frames\non_trigger\WIN_20260322_11_19_42_Pro_f00052.jpg,non_trigger,True,478
data\frames\non_trigger\WIN_20260322_11_19_42_Pro_f00056.jpg,non_trigger,True,478
data\frames\non_trigger\WIN_20260322_11_19_42_Pro_f00060.jpg,non_trigger,True,478
data\frames\non_trigger\WIN_20260322_11_19_42_Pro_f00064.jpg,non_trigger,True,478
data\frames\non_trigger\WIN_20260322_11_19_42_Pro_f00068.jpg,non_trigger,True,478
data\frames\non_trigger\WIN_20260322_11_19_42_Pro_f00072.jpg,non_trigger,True,478
data\frames\non_trigger\WIN_20260322_11_19_42_Pro_f00076.jpg,non_trigger,True,478
data\frames\non_trigger\WIN_20260322_11_19_42_Pro_f00080.jpg,non_trigger,True,478
data\frames\non_trigger\WIN_20260322_11_19_42_Pro_f00084.jpg,non_trigger,False,0
data\frames\non_trigger\WIN_20260322_11_19_42_Pro_f00088.jpg,non_trigger,True,478
data\frames\non_trigger\WIN_20260322_11_19_42_Pro_f00092.jpg,non_trigger,True,478
data\frames\non_trigger\WIN_20260322_11_19_42_Pro_f00096.jpg,non_trigger,True,478
data\frames\non_trigger\WIN_20260322_11_19_42_Pro_f00100.jpg,non_trigger,True,478
data\frames\non_trigger\WIN_20260322_11_19_42_Pro_f00104.jpg,non_trigger,True,478
data\frames\non_trigger\WIN_20260322_11_19_42_Pro_f00108.jpg,non_trigger,True,478
data\frames\non_trigger\WIN_20260322_11_19_42_Pro_f00112.jpg,non_trigger,True,478
data\frames\non_trigger\WIN_20260322_11_19_42_Pro_f00116.jpg,non_trigger,True,478
data\frames\non_trigger\WIN_20260322_11_19_42_Pro_f00120.jpg,non_trigger,True,478
data\frames\non_trigger\WIN_20260322_11_19_42_Pro_f00124.jpg,non_trigger,True,478
data\frames\non_trigger\WIN_20260322_11_19_42_Pro_f00128.jpg,non_trigger,True,478
data\frames\non_trigger\WIN_20260322_11_19_42_Pro_f00132.jpg,non_trigger,True,478
data\frames\non_trigger\WIN_20260322_11_19_42_Pro_f00136.jpg,non_trigger,True,478
data\frames\non_trigger\WIN_20260322_11_19_42_Pro_f00140.jpg,non_trigger,True,478
data\frames\non_trigger\WIN_20260322_11_19_42_Pro_f00144.jpg,non_trigger,False,0
data\frames\non_trigger\WIN_20260322_11_19_42_Pro_f00148.jpg,non_trigger,False,0
data\frames\non_trigger\WIN_20260322_11_19_42_Pro_f00152.jpg,non_trigger,False,0
data\frames\non_trigger\WIN_20260322_11_19_42_Pro_f00156.jpg,non_trigger,False,0
data\frames\non_trigger\WIN_20260322_11_19_42_Pro_f00160.jpg,non_trigger,False,0
data\frames\non_trigger\WIN_20260322_11_19_42_Pro_f00164.jpg,non_trigger,False,0
data\frames\non_trigger\WIN_20260322_11_19_42_Pro_f00168.jpg,non_trigger,False,0
data\frames\non_trigger\WIN_20260322_11_19_42_Pro_f00172.jpg,non_trigger,True,478
data\frames\non_trigger\WIN_20260322_11_19_42_Pro_f00176.jpg,non_trigger,False,0
data\frames\non_trigger\WIN_20260322_11_19_42_Pro_f00180.jpg,non_trigger,False,0
data\frames\non_trigger\WIN_20260322_11_19_42_Pro_f00184.jpg,non_trigger,False,0
data\frames\non_trigger\WIN_20260322_11_19_42_Pro_f00188.jpg,non_trigger,False,0
data\frames\non_trigger\WIN_20260322_11_19_42_Pro_f00192.jpg,non_trigger,False,0
data\frames\non_trigger\WIN_20260322_11_19_42_Pro_f00196.jpg,non_trigger,False,0
data\frames\non_trigger\WIN_20260322_11_19_42_Pro_f00200.jpg,non_trigger,False,0
data\frames\non_trigger\WIN_20260322_11_19_42_Pro_f00204.jpg,non_trigger,False,0
data\frames\non_trigger\WIN_20260322_11_19_42_Pro_f00208.jpg,non_trigger,False,0
data\frames\non_trigger\WIN_20260322_11_19_42_Pro_f00212.jpg,non_trigger,False,0
data\frames\non_trigger\WIN_20260322_11_19_42_Pro_f00216.jpg,non_trigger,False,0
data\frames\non_trigger\WIN_20260322_11_19_42_Pro_f00220.jpg,non_trigger,False,0
data\frames\non_trigger\WIN_20260322_11_19_42_Pro_f00224.jpg,non_trigger,False,0
data\frames\non_trigger\WIN_20260322_11_19_42_Pro_f00228.jpg,non_trigger,True,478
data\frames\non_trigger\WIN_20260322_11_19_42_Pro_f00232.jpg,non_trigger,True,478
data\frames\non_trigger\WIN_20260322_11_19_42_Pro_f00236.jpg,non_trigger,False,0
data\frames\non_trigger\WIN_20260322_11_19_42_Pro_f00240.jpg,non_trigger,False,0
data\frames\non_trigger\WIN_20260322_11_19_42_Pro_f00244.jpg,non_trigger,False,0
data\frames\non_trigger\WIN_20260322_11_19_42_Pro_f00248.jpg,non_trigger,False,0
data\frames\non_trigger\WIN_20260322_11_19_42_Pro_f00252.jpg,non_trigger,False,0
data\frames\non_trigger\WIN_20260322_11_19_42_Pro_f00256.jpg,non_trigger,False,0
data\frames\non_trigger\WIN_20260322_11_19_42_Pro_f00260.jpg,non_trigger,False,0
data\frames\non_trigger\WIN_20260322_11_19_42_Pro_f00264.jpg,non_trigger,False,0
data\frames\non_trigger\WIN_20260322_11_19_42_Pro_f00268.jpg,non_trigger,True,478
data\frames\non_trigger\WIN_20260322_11_19_42_Pro_f00272.jpg,non_trigger,True,478
data\frames\non_trigger\WIN_20260322_11_19_42_Pro_f00276.jpg,non_trigger,True,478
data\frames\non_trigger\WIN_20260322_11_19_42_Pro_f00280.jpg,non_trigger,True,478
data\frames\non_trigger\WIN_20260322_11_19_42_Pro_f00284.jpg,non_trigger,True,478
data\frames\non_trigger\WIN_20260322_11_19_42_Pro_f00288.jpg,non_trigger,True,478
data\frames\non_trigger\WIN_20260322_11_20_03_Pro_f00000.jpg,non_trigger,True,478
data\frames\non_trigger\WIN_20260322_11_20_03_Pro_f00004.jpg,non_trigger,True,478
data\frames\non_trigger\WIN_20260322_11_20_03_Pro_f00008.jpg,non_trigger,True,478
data\frames\non_trigger\WIN_20260322_11_20_03_Pro_f00012.jpg,non_trigger,True,478
data\frames\non_trigger\WIN_20260322_11_20_03_Pro_f00016.jpg,non_trigger,True,478
data\frames\non_trigger\WIN_20260322_11_20_03_Pro_f00020.jpg,non_trigger,True,478
data\frames\non_trigger\WIN_20260322_11_20_03_Pro_f00024.jpg,non_trigger,True,478
data\frames\non_trigger\WIN_20260322_11_20_03_Pro_f00028.jpg,non_trigger,True,478
data\frames\non_trigger\WIN_20260322_11_20_03_Pro_f00032.jpg,non_trigger,True,478
data\frames\non_trigger\WIN_20260322_11_20_03_Pro_f00036.jpg,non_trigger,True,478
data\frames\non_trigger\WIN_20260322_11_20_03_Pro_f00040.jpg,non_trigger,True,478
data\frames\non_trigger\WIN_20260322_11_20_03_Pro_f00044.jpg,non_trigger,True,478
data\frames\non_trigger\WIN_20260322_11_20_03_Pro_f00048.jpg,non_trigger,True,478
data\frames\non_trigger\WIN_20260322_11_20_03_Pro_f00052.jpg,non_trigger,True,478
data\frames\non_trigger\WIN_20260322_11_20_03_Pro_f00056.jpg,non_trigger,True,478
data\frames\non_trigger\WIN_20260322_11_20_03_Pro_f00060.jpg,non_trigger,True,478
data\frames\non_trigger\WIN_20260322_11_20_03_Pro_f00064.jpg,non_trigger,True,478
data\frames\non_trigger\WIN_20260322_11_20_03_Pro_f00068.jpg,non_trigger,True,478
data\frames\non_trigger\WIN_20260322_11_20_03_Pro_f00072.jpg,non_trigger,True,478
data\frames\non_trigger\WIN_20260322_11_20_03_Pro_f00076.jpg,non_trigger,True,478
data\frames\non_trigger\WIN_20260322_11_20_03_Pro_f00080.jpg,non_trigger,True,478
data\frames\non_trigger\WIN_20260322_11_20_03_Pro_f00084.jpg,non_trigger,True,478
data\frames\non_trigger\WIN_20260322_11_20_03_Pro_f00088.jpg,non_trigger,True,478
data\frames\non_trigger\WIN_20260322_11_20_03_Pro_f00092.jpg,non_trigger,True,478
data\frames\non_trigger\WIN_20260322_11_20_03_Pro_f00096.jpg,non_trigger,True,478
data\frames\non_trigger\WIN_20260322_11_20_03_Pro_f00100.jpg,non_trigger,True,478
data\frames\non_trigger\WIN_20260322_11_20_03_Pro_f00104.jpg,non_trigger,True,478
data\frames\non_trigger\WIN_20260322_11_20_03_Pro_f00108.jpg,non_trigger,True,478
data\frames\non_trigger\WIN_20260322_11_20_03_Pro_f00112.jpg,non_trigger,True,478
data\frames\non_trigger\WIN_20260322_11_20_03_Pro_f00116.jpg,non_trigger,True,478
data\frames\non_trigger\WIN_20260322_11_20_03_Pro_f00120.jpg,non_trigger,True,478
data\frames\non_trigger\WIN_20260322_11_20_03_Pro_f00124.jpg,non_trigger,True,478
data\frames\non_trigger\WIN_20260322_11_20_03_Pro_f00128.jpg,non_trigger,True,478
data\frames\non_trigger\WIN_20260322_11_20_03_Pro_f00132.jpg,non_trigger,True,478
data\frames\non_trigger\WIN_20260322_11_20_03_Pro_f00136.jpg,non_trigger,True,478
data\frames\non_trigger\WIN_20260322_11_20_03_Pro_f00140.jpg,non_trigger,True,478
data\frames\non_trigger\WIN_20260322_11_20_03_Pro_f00144.jpg,non_trigger,True,478
data\frames\non_trigger\WIN_20260322_11_20_03_Pro_f00148.jpg,non_trigger,True,478
data\frames\non_trigger\WIN_20260322_11_20_03_Pro_f00152.jpg,non_trigger,True,478
data\frames\non_trigger\WIN_20260322_11_20_03_Pro_f00156.jpg,non_trigger,True,478
data\frames\non_trigger\WIN_20260322_11_20_03_Pro_f00160.jpg,non_trigger,True,478
data\frames\non_trigger\WIN_20260322_11_20_03_Pro_f00164.jpg,non_trigger,True,478
data\frames\non_trigger\WIN_20260322_11_20_03_Pro_f00168.jpg,non_trigger,True,478
data\frames\non_trigger\WIN_20260322_11_20_03_Pro_f00172.jpg,non_trigger,True,478
data\frames\non_trigger\WIN_20260322_11_20_03_Pro_f00176.jpg,non_trigger,True,478
data\frames\non_trigger\WIN_20260322_11_20_03_Pro_f00180.jpg,non_trigger,True,478
data\frames\non_trigger\WIN_20260322_11_20_03_Pro_f00184.jpg,non_trigger,True,478
data\frames\non_trigger\WIN_20260322_11_20_03_Pro_f00188.jpg,non_trigger,True,478
data\frames\non_trigger\WIN_20260322_11_20_03_Pro_f00192.jpg,non_trigger,True,478
data\frames\non_trigger\WIN_20260322_11_20_03_Pro_f00196.jpg,non_trigger,True,478
data\frames\non_trigger\WIN_20260322_11_20_03_Pro_f00200.jpg,non_trigger,True,478
data\frames\non_trigger\WIN_20260322_11_20_03_Pro_f00204.jpg,non_trigger,True,478
data\frames\non_trigger\WIN_20260322_11_20_03_Pro_f00208.jpg,non_trigger,False,0
data\frames\non_trigger\WIN_20260322_11_20_03_Pro_f00212.jpg,non_trigger,False,0
data\frames\non_trigger\WIN_20260322_11_20_03_Pro_f00216.jpg,non_trigger,False,0
data\frames\non_trigger\WIN_20260322_11_20_03_Pro_f00220.jpg,non_trigger,False,0
data\frames\non_trigger\WIN_20260322_11_20_03_Pro_f00224.jpg,non_trigger,False,0
data\frames\non_trigger\WIN_20260322_11_20_03_Pro_f00228.jpg,non_trigger,False,0
data\frames\non_trigger\WIN_20260322_11_20_03_Pro_f00232.jpg,non_trigger,False,0
data\frames\non_trigger\WIN_20260322_11_20_03_Pro_f00236.jpg,non_trigger,False,0
data\frames\non_trigger\WIN_20260322_11_20_03_Pro_f00240.jpg,non_trigger,False,0
data\frames\non_trigger\WIN_20260322_11_20_03_Pro_f00244.jpg,non_trigger,False,0
data\frames\non_trigger\WIN_20260322_11_20_03_Pro_f00248.jpg,non_trigger,False,0
data\frames\non_trigger\WIN_20260322_11_20_03_Pro_f00252.jpg,non_trigger,False,0
data\frames\non_trigger\WIN_20260322_11_20_03_Pro_f00256.jpg,non_trigger,False,0
data\frames\non_trigger\WIN_20260322_11_20_03_Pro_f00260.jpg,non_trigger,True,478
data\frames\non_trigger\WIN_20260322_11_20_03_Pro_f00264.jpg,non_trigger,True,478
data\frames\non_trigger\WIN_20260322_11_20_03_Pro_f00268.jpg,non_trigger,True,478
data\frames\non_trigger\WIN_20260322_11_30_28_Pro_f00000.jpg,non_trigger,True,478
data\frames\non_trigger\WIN_20260322_11_30_28_Pro_f00004.jpg,non_trigger,True,478
data\frames\non_trigger\WIN_20260322_11_30_28_Pro_f00008.jpg,non_trigger,True,478
data\frames\non_trigger\WIN_20260322_11_30_28_Pro_f00012.jpg,non_trigger,True,478
data\frames\non_trigger\WIN_20260322_11_30_28_Pro_f00016.jpg,non_trigger,True,478
data\frames\non_trigger\WIN_20260322_11_30_28_Pro_f00020.jpg,non_trigger,True,478
data\frames\non_trigger\WIN_20260322_11_30_28_Pro_f00024.jpg,non_trigger,True,478
data\frames\non_trigger\WIN_20260322_11_30_28_Pro_f00028.jpg,non_trigger,True,478
data\frames\non_trigger\WIN_20260322_11_30_28_Pro_f00032.jpg,non_trigger,True,478
data\frames\non_trigger\WIN_20260322_11_30_28_Pro_f00036.jpg,non_trigger,True,478
data\frames\non_trigger\WIN_20260322_11_30_28_Pro_f00040.jpg,non_trigger,True,478
data\frames\non_trigger\WIN_20260322_11_30_28_Pro_f00044.jpg,non_trigger,True,478
data\frames\non_trigger\WIN_20260322_11_30_28_Pro_f00048.jpg,non_trigger,True,478
data\frames\non_trigger\WIN_20260322_11_30_28_Pro_f00052.jpg,non_trigger,True,478
data\frames\non_trigger\WIN_20260322_11_30_28_Pro_f00056.jpg,non_trigger,True,478
data\frames\non_trigger\WIN_20260322_11_30_28_Pro_f00060.jpg,non_trigger,True,478
data\frames\non_trigger\WIN_20260322_11_30_28_Pro_f00064.jpg,non_trigger,True,478
data\frames\non_trigger\WIN_20260322_11_30_28_Pro_f00068.jpg,non_trigger,True,478
data\frames\non_trigger\WIN_20260322_11_30_28_Pro_f00072.jpg,non_trigger,True,478
data\frames\non_trigger\WIN_20260322_11_30_28_Pro_f00076.jpg,non_trigger,True,478
data\frames\non_trigger\WIN_20260322_11_30_28_Pro_f00080.jpg,non_trigger,True,478
data\frames\non_trigger\WIN_20260322_11_30_28_Pro_f00084.jpg,non_trigger,True,478
data\frames\non_trigger\WIN_20260322_11_30_28_Pro_f00088.jpg,non_trigger,True,478
data\frames\non_trigger\WIN_20260322_11_30_28_Pro_f00092.jpg,non_trigger,True,478
data\frames\non_trigger\WIN_20260322_11_30_28_Pro_f00096.jpg,non_trigger,True,478
data\frames\non_trigger\WIN_20260322_11_30_28_Pro_f00100.jpg,non_trigger,True,478
data\frames\non_trigger\WIN_20260322_11_30_28_Pro_f00104.jpg,non_trigger,True,478
data\frames\non_trigger\WIN_20260322_11_30_28_Pro_f00108.jpg,non_trigger,True,478
data\frames\non_trigger\WIN_20260322_11_30_28_Pro_f00112.jpg,non_trigger,True,478
data\frames\non_trigger\WIN_20260322_11_30_28_Pro_f00116.jpg,non_trigger,True,478
data\frames\non_trigger\WIN_20260322_11_30_28_Pro_f00120.jpg,non_trigger,True,478
data\frames\non_trigger\WIN_20260322_11_30_28_Pro_f00124.jpg,non_trigger,True,478
data\frames\non_trigger\WIN_20260322_11_30_28_Pro_f00128.jpg,non_trigger,True,478
data\frames\non_trigger\WIN_20260322_11_30_28_Pro_f00132.jpg,non_trigger,True,478
data\frames\non_trigger\WIN_20260322_11_30_28_Pro_f00136.jpg,non_trigger,True,478
data\frames\non_trigger\WIN_20260322_11_30_28_Pro_f00140.jpg,non_trigger,True,478
data\frames\non_trigger\WIN_20260322_11_30_28_Pro_f00144.jpg,non_trigger,True,478
data\frames\non_trigger\WIN_20260322_11_30_28_Pro_f00148.jpg,non_trigger,True,478
data\frames\non_trigger\WIN_20260322_11_30_28_Pro_f00152.jpg,non_trigger,True,478
data\frames\non_trigger\WIN_20260322_11_30_28_Pro_f00156.jpg,non_trigger,True,478
data\frames\non_trigger\WIN_20260322_11_30_28_Pro_f00160.jpg,non_trigger,True,478
data\frames\non_trigger\WIN_20260322_11_30_28_Pro_f00164.jpg,non_trigger,True,478
data\frames\non_trigger\WIN_20260322_11_30_28_Pro_f00168.jpg,non_trigger,True,478
data\frames\non_trigger\WIN_20260322_11_30_28_Pro_f00172.jpg,non_trigger,True,478
data\frames\non_trigger\WIN_20260322_11_30_28_Pro_f00176.jpg,non_trigger,True,478
data\frames\non_trigger\WIN_20260322_11_30_28_Pro_f00180.jpg,non_trigger,True,478
data\frames\non_trigger\WIN_20260322_11_30_28_Pro_f00184.jpg,non_trigger,True,478
data\frames\non_trigger\WIN_20260322_11_30_28_Pro_f00188.jpg,non_trigger,True,478
data\frames\non_trigger\WIN_20260322_11_30_28_Pro_f00192.jpg,non_trigger,True,478
data\frames\non_trigger\WIN_20260322_11_30_37_Pro_f00000.jpg,non_trigger,True,478
data\frames\non_trigger\WIN_20260322_11_30_37_Pro_f00004.jpg,non_trigger,True,478
data\frames\non_trigger\WIN_20260322_11_30_37_Pro_f00008.jpg,non_trigger,True,478
data\frames\non_trigger\WIN_20260322_11_30_37_Pro_f00012.jpg,non_trigger,True,478
data\frames\non_trigger\WIN_20260322_11_30_37_Pro_f00016.jpg,non_trigger,True,478
data\frames\non_trigger\WIN_20260322_11_30_37_Pro_f00020.jpg,non_trigger,True,478
data\frames\non_trigger\WIN_20260322_11_30_37_Pro_f00024.jpg,non_trigger,True,478
data\frames\non_trigger\WIN_20260322_11_30_37_Pro_f00028.jpg,non_trigger,True,478
data\frames\non_trigger\WIN_20260322_11_30_37_Pro_f00032.jpg,non_trigger,True,478
data\frames\non_trigger\WIN_20260322_11_30_37_Pro_f00036.jpg,non_trigger,True,478
data\frames\non_trigger\WIN_20260322_11_30_37_Pro_f00040.jpg,non_trigger,True,478
data\frames\non_trigger\WIN_20260322_11_30_37_Pro_f00044.jpg,non_trigger,True,478
data\frames\non_trigger\WIN_20260322_11_30_37_Pro_f00048.jpg,non_trigger,True,478
data\frames\non_trigger\WIN_20260322_11_30_37_Pro_f00052.jpg,non_trigger,True,478
data\frames\non_trigger\WIN_20260322_11_30_37_Pro_f00056.jpg,non_trigger,True,478
data\frames\non_trigger\WIN_20260322_11_30_37_Pro_f00060.jpg,non_trigger,True,478
data\frames\non_trigger\WIN_20260322_11_30_37_Pro_f00064.jpg,non_trigger,True,478
data\frames\non_trigger\WIN_20260322_11_30_37_Pro_f00068.jpg,non_trigger,True,478
data\frames\non_trigger\WIN_20260322_11_30_37_Pro_f00072.jpg,non_trigger,True,478
data\frames\non_trigger\WIN_20260322_11_30_37_Pro_f00076.jpg,non_trigger,True,478
data\frames\non_trigger\WIN_20260322_11_30_37_Pro_f00080.jpg,non_trigger,True,478
data\frames\non_trigger\WIN_20260322_11_30_37_Pro_f00084.jpg,non_trigger,True,478
data\frames\non_trigger\WIN_20260322_11_30_37_Pro_f00088.jpg,non_trigger,True,478
data\frames\non_trigger\WIN_20260322_11_30_37_Pro_f00092.jpg,non_trigger,True,478
data\frames\non_trigger\WIN_20260322_11_30_37_Pro_f00096.jpg,non_trigger,True,478
data\frames\non_trigger\WIN_20260322_11_30_37_Pro_f00100.jpg,non_trigger,True,478
data\frames\non_trigger\WIN_20260322_11_30_37_Pro_f00104.jpg,non_trigger,True,478
data\frames\non_trigger\WIN_20260322_11_30_37_Pro_f00108.jpg,non_trigger,True,478
data\frames\non_trigger\WIN_20260322_11_30_37_Pro_f00112.jpg,non_trigger,True,478
data\frames\non_trigger\WIN_20260322_11_30_37_Pro_f00116.jpg,non_trigger,True,478
data\frames\non_trigger\WIN_20260322_11_30_37_Pro_f00120.jpg,non_trigger,True,478
data\frames\non_trigger\WIN_20260322_11_30_37_Pro_f00124.jpg,non_trigger,True,478
data\frames\non_trigger\WIN_20260322_11_30_37_Pro_f00128.jpg,non_trigger,True,478
data\frames\non_trigger\WIN_20260322_11_30_37_Pro_f00132.jpg,non_trigger,True,478
data\frames\non_trigger\WIN_20260322_11_30_37_Pro_f00136.jpg,non_trigger,True,478
data\frames\non_trigger\WIN_20260322_11_30_37_Pro_f00140.jpg,non_trigger,True,478
data\frames\non_trigger\WIN_20260322_11_30_37_Pro_f00144.jpg,non_trigger,True,478
data\frames\non_trigger\WIN_20260322_11_30_37_Pro_f00148.jpg,non_trigger,True,478
data\frames\non_trigger\WIN_20260322_11_30_37_Pro_f00152.jpg,non_trigger,True,478
data\frames\non_trigger\WIN_20260322_11_30_37_Pro_f00156.jpg,non_trigger,True,478
data\frames\non_trigger\WIN_20260322_11_30_37_Pro_f00160.jpg,non_trigger,True,478
data\frames\non_trigger\WIN_20260322_11_30_37_Pro_f00164.jpg,non_trigger,True,478
data\frames\non_trigger\WIN_20260322_11_30_37_Pro_f00168.jpg,non_trigger,True,478
data\frames\non_trigger\WIN_20260322_11_30_37_Pro_f00172.jpg,non_trigger,True,478
data\frames\non_trigger\WIN_20260322_11_30_37_Pro_f00176.jpg,non_trigger,True,478
data\frames\non_trigger\WIN_20260322_11_30_37_Pro_f00180.jpg,non_trigger,True,478
data\frames\non_trigger\WIN_20260322_11_30_37_Pro_f00184.jpg,non_trigger,True,478
data\frames\non_trigger\WIN_20260322_11_30_37_Pro_f00188.jpg,non_trigger,True,478
data\frames\non_trigger\WIN_20260322_11_30_37_Pro_f00192.jpg,non_trigger,True,478
data\frames\non_trigger\WIN_20260322_11_31_07_Pro_f00000.jpg,non_trigger,True,478
data\frames\non_trigger\WIN_20260322_11_31_07_Pro_f00004.jpg,non_trigger,True,478
data\frames\non_trigger\WIN_20260322_11_31_07_Pro_f00008.jpg,non_trigger,True,478
data\frames\non_trigger\WIN_20260322_11_31_07_Pro_f00012.jpg,non_trigger,True,478
data\frames\non_trigger\WIN_20260322_11_31_07_Pro_f00016.jpg,non_trigger,True,478
data\frames\non_trigger\WIN_20260322_11_31_07_Pro_f00020.jpg,non_trigger,True,478
data\frames\non_trigger\WIN_20260322_11_31_07_Pro_f00024.jpg,non_trigger,True,478
data\frames\non_trigger\WIN_20260322_11_31_07_Pro_f00028.jpg,non_trigger,True,478
data\frames\non_trigger\WIN_20260322_11_31_07_Pro_f00032.jpg,non_trigger,True,478
data\frames\non_trigger\WIN_20260322_11_31_07_Pro_f00036.jpg,non_trigger,True,478
data\frames\non_trigger\WIN_20260322_11_31_07_Pro_f00040.jpg,non_trigger,True,478
data\frames\non_trigger\WIN_20260322_11_31_07_Pro_f00044.jpg,non_trigger,True,478
data\frames\non_trigger\WIN_20260322_11_31_07_Pro_f00048.jpg,non_trigger,True,478
data\frames\non_trigger\WIN_20260322_11_31_07_Pro_f00052.jpg,non_trigger,True,478
data\frames\non_trigger\WIN_20260322_11_31_07_Pro_f00056.jpg,non_trigger,True,478
data\frames\non_trigger\WIN_20260322_11_31_07_Pro_f00060.jpg,non_trigger,True,478
data\frames\non_trigger\WIN_20260322_11_31_07_Pro_f00064.jpg,non_trigger,True,478
data\frames\non_trigger\WIN_20260322_11_31_07_Pro_f00068.jpg,non_trigger,True,478
data\frames\non_trigger\WIN_20260322_11_31_07_Pro_f00072.jpg,non_trigger,True,478
data\frames\non_trigger\WIN_20260322_11_31_07_Pro_f00076.jpg,non_trigger,True,478
data\frames\non_trigger\WIN_20260322_11_31_07_Pro_f00080.jpg,non_trigger,True,478
data\frames\non_trigger\WIN_20260322_11_31_07_Pro_f00084.jpg,non_trigger,True,478
data\frames\non_trigger\WIN_20260322_11_31_07_Pro_f00088.jpg,non_trigger,True,478
data\frames\non_trigger\WIN_20260322_11_31_07_Pro_f00092.jpg,non_trigger,True,478
data\frames\non_trigger\WIN_20260322_11_31_07_Pro_f00096.jpg,non_trigger,True,478
data\frames\non_trigger\WIN_20260322_11_31_07_Pro_f00100.jpg,non_trigger,True,478
data\frames\non_trigger\WIN_20260322_11_31_07_Pro_f00104.jpg,non_trigger,True,478
data\frames\non_trigger\WIN_20260322_11_31_07_Pro_f00108.jpg,non_trigger,True,478
data\frames\non_trigger\WIN_20260322_11_31_07_Pro_f00112.jpg,non_trigger,True,478
data\frames\non_trigger\WIN_20260322_11_31_07_Pro_f00116.jpg,non_trigger,True,478
data\frames\non_trigger\WIN_20260322_11_31_07_Pro_f00120.jpg,non_trigger,True,478
data\frames\non_trigger\WIN_20260322_11_31_07_Pro_f00124.jpg,non_trigger,True,478
data\frames\non_trigger\WIN_20260322_11_31_07_Pro_f00128.jpg,non_trigger,True,478
data\frames\non_trigger\WIN_20260322_11_31_07_Pro_f00132.jpg,non_trigger,True,478
data\frames\non_trigger\WIN_20260322_11_31_07_Pro_f00136.jpg,non_trigger,True,478
data\frames\non_trigger\WIN_20260322_11_31_07_Pro_f00140.jpg,non_trigger,True,478
data\frames\non_trigger\WIN_20260322_11_31_07_Pro_f00144.jpg,non_trigger,True,478
data\frames\non_trigger\WIN_20260322_11_31_07_Pro_f00148.jpg,non_trigger,True,478
data\frames\non_trigger\WIN_20260322_11_31_07_Pro_f00152.jpg,non_trigger,True,478
data\frames\non_trigger\WIN_20260322_11_31_07_Pro_f00156.jpg,non_trigger,True,478
data\frames\non_trigger\WIN_20260322_11_31_07_Pro_f00160.jpg,non_trigger,True,478
data\frames\non_trigger\WIN_20260322_11_31_07_Pro_f00164.jpg,non_trigger,True,478
data\frames\non_trigger\WIN_20260322_11_31_07_Pro_f00168.jpg,non_trigger,True,478
data\frames\non_trigger\WIN_20260322_11_31_07_Pro_f00172.jpg,non_trigger,True,478
data\frames\non_trigger\WIN_20260322_11_31_07_Pro_f00176.jpg,non_trigger,True,478
data\frames\non_trigger\WIN_20260322_11_31_07_Pro_f00180.jpg,non_trigger,True,478
data\frames\non_trigger\WIN_20260322_11_31_07_Pro_f00184.jpg,non_trigger,True,478
data\frames\non_trigger\WIN_20260322_11_31_07_Pro_f00188.jpg,non_trigger,True,478
data\frames\non_trigger\WIN_20260322_11_31_07_Pro_f00192.jpg,non_trigger,True,478
data\frames\non_trigger\WIN_20260322_11_31_07_Pro_f00196.jpg,non_trigger,True,478
data\frames\non_trigger\WIN_20260322_11_31_07_Pro_f00200.jpg,non_trigger,True,478
data\frames\non_trigger\WIN_20260322_11_31_32_Pro_f00000.jpg,non_trigger,True,478
data\frames\non_trigger\WIN_20260322_11_31_32_Pro_f00004.jpg,non_trigger,True,478
data\frames\non_trigger\WIN_20260322_11_31_32_Pro_f00008.jpg,non_trigger,True,478
data\frames\non_trigger\WIN_20260322_11_31_32_Pro_f00012.jpg,non_trigger,True,478
data\frames\non_trigger\WIN_20260322_11_31_32_Pro_f00016.jpg,non_trigger,True,478
data\frames\non_trigger\WIN_20260322_11_31_32_Pro_f00020.jpg,non_trigger,True,478
data\frames\non_trigger\WIN_20260322_11_31_32_Pro_f00024.jpg,non_trigger,True,478
data\frames\non_trigger\WIN_20260322_11_31_32_Pro_f00028.jpg,non_trigger,True,478
data\frames\non_trigger\WIN_20260322_11_31_32_Pro_f00032.jpg,non_trigger,True,478
data\frames\non_trigger\WIN_20260322_11_31_32_Pro_f00036.jpg,non_trigger,True,478
data\frames\non_trigger\WIN_20260322_11_31_32_Pro_f00040.jpg,non_trigger,True,478
data\frames\non_trigger\WIN_20260322_11_31_32_Pro_f00044.jpg,non_trigger,True,478
data\frames\non_trigger\WIN_20260322_11_31_32_Pro_f00048.jpg,non_trigger,True,478
data\frames\non_trigger\WIN_20260322_11_31_32_Pro_f00052.jpg,non_trigger,True,478
data\frames\non_trigger\WIN_20260322_11_31_32_Pro_f00056.jpg,non_trigger,True,478
data\frames\non_trigger\WIN_20260322_11_31_32_Pro_f00060.jpg,non_trigger,True,478
data\frames\non_trigger\WIN_20260322_11_31_32_Pro_f00064.jpg,non_trigger,True,478
data\frames\non_trigger\WIN_20260322_11_31_32_Pro_f00068.jpg,non_trigger,True,478
data\frames\non_trigger\WIN_20260322_11_31_32_Pro_f00072.jpg,non_trigger,True,478
data\frames\non_trigger\WIN_20260322_11_31_32_Pro_f00076.jpg,non_trigger,True,478
data\frames\non_trigger\WIN_20260322_11_31_44_Pro_f00000.jpg,non_trigger,True,478
data\frames\non_trigger\WIN_20260322_11_31_44_Pro_f00004.jpg,non_trigger,True,478
data\frames\non_trigger\WIN_20260322_11_31_44_Pro_f00008.jpg,non_trigger,True,478
data\frames\non_trigger\WIN_20260322_11_31_44_Pro_f00012.jpg,non_trigger,True,478
data\frames\non_trigger\WIN_20260322_11_31_44_Pro_f00016.jpg,non_trigger,True,478
data\frames\non_trigger\WIN_20260322_11_31_44_Pro_f00020.jpg,non_trigger,True,478
data\frames\non_trigger\WIN_20260322_11_31_44_Pro_f00024.jpg,non_trigger,True,478
data\frames\non_trigger\WIN_20260322_11_31_44_Pro_f00028.jpg,non_trigger,True,478
data\frames\non_trigger\WIN_20260322_11_31_44_Pro_f00032.jpg,non_trigger,True,478
data\frames\non_trigger\WIN_20260322_11_31_44_Pro_f00036.jpg,non_trigger,True,478
data\frames\non_trigger\WIN_20260322_11_31_44_Pro_f00040.jpg,non_trigger,True,478
data\frames\non_trigger\WIN_20260322_11_31_44_Pro_f00044.jpg,non_trigger,True,478
data\frames\non_trigger\WIN_20260322_11_31_44_Pro_f00048.jpg,non_trigger,True,478
data\frames\non_trigger\WIN_20260322_11_31_44_Pro_f00052.jpg,non_trigger,True,478
data\frames\non_trigger\WIN_20260322_11_31_44_Pro_f00056.jpg,non_trigger,True,478
data\frames\non_trigger\WIN_20260322_11_31_44_Pro_f00060.jpg,non_trigger,True,478
data\frames\non_trigger\WIN_20260322_11_31_44_Pro_f00064.jpg,non_trigger,True,478
data\frames\non_trigger\WIN_20260322_11_31_44_Pro_f00068.jpg,non_trigger,True,478
data\frames\non_trigger\WIN_20260322_11_31_44_Pro_f00072.jpg,non_trigger,True,478
data\frames\non_trigger\WIN_20260322_11_31_44_Pro_f00076.jpg,non_trigger,True,478
data\frames\non_trigger\WIN_20260322_11_31_44_Pro_f00080.jpg,non_trigger,True,478
data\frames\non_trigger\WIN_20260322_11_31_44_Pro_f00084.jpg,non_trigger,True,478
data\frames\non_trigger\WIN_20260322_11_31_44_Pro_f00088.jpg,non_trigger,True,478
data\frames\non_trigger\WIN_20260322_11_31_44_Pro_f00092.jpg,non_trigger,True,478
data\frames\non_trigger\WIN_20260322_11_31_44_Pro_f00096.jpg,non_trigger,True,478
data\frames\non_trigger\WIN_20260322_11_31_44_Pro_f00100.jpg,non_trigger,True,478
data\frames\non_trigger\WIN_20260322_11_31_44_Pro_f00104.jpg,non_trigger,True,478
data\frames\non_trigger\WIN_20260322_11_31_44_Pro_f00108.jpg,non_trigger,True,478
data\frames\non_trigger\WIN_20260322_11_31_44_Pro_f00112.jpg,non_trigger,True,478
data\frames\non_trigger\WIN_20260322_11_31_44_Pro_f00116.jpg,non_trigger,True,478
data\frames\non_trigger\WIN_20260322_11_31_44_Pro_f00120.jpg,non_trigger,True,478
data\frames\non_trigger\WIN_20260322_11_31_44_Pro_f00124.jpg,non_trigger,True,478
data\frames\non_trigger\WIN_20260322_11_31_44_Pro_f00128.jpg,non_trigger,True,478
data\frames\non_trigger\WIN_20260322_11_31_44_Pro_f00132.jpg,non_trigger,True,478
data\frames\non_trigger\WIN_20260322_11_31_44_Pro_f00136.jpg,non_trigger,True,478
data\frames\non_trigger\WIN_20260322_11_31_44_Pro_f00140.jpg,non_trigger,True,478
data\frames\non_trigger\WIN_20260322_11_31_44_Pro_f00144.jpg,non_trigger,True,478
data\frames\non_trigger\WIN_20260322_11_31_44_Pro_f00148.jpg,non_trigger,True,478
data\frames\non_trigger\WIN_20260322_11_31_44_Pro_f00152.jpg,non_trigger,True,478
data\frames\non_trigger\WIN_20260322_11_31_44_Pro_f00156.jpg,non_trigger,True,478
data\frames\non_trigger\WIN_20260322_11_31_44_Pro_f00160.jpg,non_trigger,True,478
data\frames\non_trigger\WIN_20260322_11_31_44_Pro_f00164.jpg,non_trigger,True,478
data\frames\non_trigger\WIN_20260322_11_31_44_Pro_f00168.jpg,non_trigger,True,478
data\frames\non_trigger\WIN_20260322_11_31_44_Pro_f00172.jpg,non_trigger,True,478
data\frames\non_trigger\WIN_20260322_11_31_44_Pro_f00176.jpg,non_trigger,True,478
data\frames\non_trigger\WIN_20260322_11_31_44_Pro_f00180.jpg,non_trigger,True,478
data\frames\non_trigger\WIN_20260322_11_31_59_Pro_f00000.jpg,non_trigger,True,478
data\frames\non_trigger\WIN_20260322_11_31_59_Pro_f00004.jpg,non_trigger,True,478
data\frames\non_trigger\WIN_20260322_11_31_59_Pro_f00008.jpg,non_trigger,True,478
data\frames\non_trigger\WIN_20260322_11_31_59_Pro_f00012.jpg,non_trigger,True,478
data\frames\non_trigger\WIN_20260322_11_31_59_Pro_f00016.jpg,non_trigger,True,478
data\frames\non_trigger\WIN_20260322_11_31_59_Pro_f00020.jpg,non_trigger,True,478
data\frames\non_trigger\WIN_20260322_11_31_59_Pro_f00024.jpg,non_trigger,True,478
data\frames\non_trigger\WIN_20260322_11_31_59_Pro_f00028.jpg,non_trigger,True,478
data\frames\non_trigger\WIN_20260322_11_31_59_Pro_f00032.jpg,non_trigger,True,478
data\frames\non_trigger\WIN_20260322_11_31_59_Pro_f00036.jpg,non_trigger,True,478
data\frames\non_trigger\WIN_20260322_11_31_59_Pro_f00040.jpg,non_trigger,True,478
data\frames\non_trigger\WIN_20260322_11_31_59_Pro_f00044.jpg,non_trigger,True,478
data\frames\non_trigger\WIN_20260322_11_31_59_Pro_f00048.jpg,non_trigger,True,478
data\frames\non_trigger\WIN_20260322_11_31_59_Pro_f00052.jpg,non_trigger,True,478
data\frames\non_trigger\WIN_20260322_11_31_59_Pro_f00056.jpg,non_trigger,True,478
data\frames\non_trigger\WIN_20260322_11_31_59_Pro_f00060.jpg,non_trigger,True,478
data\frames\non_trigger\WIN_20260322_11_31_59_Pro_f00064.jpg,non_trigger,True,478
data\frames\non_trigger\WIN_20260322_11_31_59_Pro_f00068.jpg,non_trigger,True,478
data\frames\non_trigger\WIN_20260322_11_31_59_Pro_f00072.jpg,non_trigger,True,478
data\frames\non_trigger\WIN_20260322_11_31_59_Pro_f00076.jpg,non_trigger,True,478
data\frames\non_trigger\WIN_20260322_11_31_59_Pro_f00080.jpg,non_trigger,True,478
data\frames\non_trigger\WIN_20260322_11_31_59_Pro_f00084.jpg,non_trigger,True,478
data\frames\non_trigger\WIN_20260322_11_31_59_Pro_f00088.jpg,non_trigger,True,478
data\frames\non_trigger\WIN_20260322_11_31_59_Pro_f00092.jpg,non_trigger,True,478
data\frames\non_trigger\WIN_20260322_11_31_59_Pro_f00096.jpg,non_trigger,True,478
data\frames\non_trigger\WIN_20260322_11_31_59_Pro_f00100.jpg,non_trigger,True,478
data\frames\non_trigger\WIN_20260322_11_31_59_Pro_f00104.jpg,non_trigger,True,478
data\frames\non_trigger\WIN_20260322_11_31_59_Pro_f00108.jpg,non_trigger,True,478
data\frames\non_trigger\WIN_20260322_11_31_59_Pro_f00112.jpg,non_trigger,True,478
data\frames\non_trigger\WIN_20260322_11_31_59_Pro_f00116.jpg,non_trigger,True,478
data\frames\non_trigger\WIN_20260322_11_31_59_Pro_f00120.jpg,non_trigger,True,478
data\frames\non_trigger\WIN_20260322_11_31_59_Pro_f00124.jpg,non_trigger,True,478
data\frames\non_trigger\WIN_20260322_11_31_59_Pro_f00128.jpg,non_trigger,True,478
data\frames\non_trigger\WIN_20260322_11_31_59_Pro_f00132.jpg,non_trigger,True,478
data\frames\non_trigger\WIN_20260322_11_31_59_Pro_f00136.jpg,non_trigger,True,478
data\frames\non_trigger\WIN_20260322_11_31_59_Pro_f00140.jpg,non_trigger,True,478
data\frames\non_trigger\WIN_20260322_11_31_59_Pro_f00144.jpg,non_trigger,True,478
data\frames\non_trigger\WIN_20260322_11_31_59_Pro_f00148.jpg,non_trigger,True,478
data\frames\non_trigger\WIN_20260322_11_31_59_Pro_f00152.jpg,non_trigger,True,478
data\frames\non_trigger\WIN_20260322_11_31_59_Pro_f00156.jpg,non_trigger,True,478
data\frames\non_trigger\WIN_20260322_11_31_59_Pro_f00160.jpg,non_trigger,True,478
data\frames\non_trigger\WIN_20260322_11_31_59_Pro_f00164.jpg,non_trigger,True,478
data\frames\non_trigger\WIN_20260322_11_31_59_Pro_f00168.jpg,non_trigger,True,478
data\frames\non_trigger\WIN_20260322_11_31_59_Pro_f00172.jpg,non_trigger,True,478
data\frames\non_trigger\WIN_20260322_11_31_59_Pro_f00176.jpg,non_trigger,True,478
data\frames\non_trigger\WIN_20260322_11_31_59_Pro_f00180.jpg,non_trigger,True,478
data\frames\non_trigger\WIN_20260322_11_31_59_Pro_f00184.jpg,non_trigger,True,478
data\frames\non_trigger\WIN_20260322_11_31_59_Pro_f00188.jpg,non_trigger,True,478
data\frames\non_trigger\WIN_20260322_11_31_59_Pro_f00192.jpg,non_trigger,True,478
data\frames\non_trigger\WIN_20260322_11_31_59_Pro_f00196.jpg,non_trigger,True,478
data\frames\non_trigger\WIN_20260322_11_31_59_Pro_f00200.jpg,non_trigger,True,478
data\frames\non_trigger\WIN_20260322_11_31_59_Pro_f00204.jpg,non_trigger,True,478
data\frames\non_trigger\WIN_20260322_11_31_59_Pro_f00208.jpg,non_trigger,True,478
data\frames\non_trigger\WIN_20260322_11_31_59_Pro_f00212.jpg,non_trigger,True,478
data\frames\non_trigger\WIN_20260322_11_31_59_Pro_f00216.jpg,non_trigger,True,478
data\frames\non_trigger\WIN_20260322_11_31_59_Pro_f00220.jpg,non_trigger,True,478
data\frames\non_trigger\WIN_20260322_11_31_59_Pro_f00224.jpg,non_trigger,True,478
data\frames\non_trigger\WIN_20260322_11_31_59_Pro_f00228.jpg,non_trigger,True,478
data\frames\non_trigger\WIN_20260322_11_31_59_Pro_f00232.jpg,non_trigger,True,478
data\frames\non_trigger\WIN_20260322_11_31_59_Pro_f00236.jpg,non_trigger,True,478
data\frames\non_trigger\WIN_20260322_11_31_59_Pro_f00240.jpg,non_trigger,True,478
data\frames\non_trigger\WIN_20260322_11_31_59_Pro_f00244.jpg,non_trigger,True,478
data\frames\non_trigger\WIN_20260322_11_31_59_Pro_f00248.jpg,non_trigger,True,478
data\frames\non_trigger\WIN_20260322_11_31_59_Pro_f00252.jpg,non_trigger,True,478
data\frames\non_trigger\WIN_20260322_11_31_59_Pro_f00256.jpg,non_trigger,True,478
data\frames\non_trigger\WIN_20260322_11_31_59_Pro_f00260.jpg,non_trigger,True,478
data\frames\non_trigger\WIN_20260322_11_31_59_Pro_f00264.jpg,non_trigger,True,478
data\frames\non_trigger\WIN_20260322_11_31_59_Pro_f00268.jpg,non_trigger,True,478
data\frames\non_trigger\WIN_20260322_11_31_59_Pro_f00272.jpg,non_trigger,True,478
data\frames\non_trigger\WIN_20260322_11_31_59_Pro_f00276.jpg,non_trigger,True,478
data\frames\non_trigger\WIN_20260322_11_31_59_Pro_f00280.jpg,non_trigger,True,478
data\frames\non_trigger\WIN_20260322_11_31_59_Pro_f00284.jpg,non_trigger,True,478
data\frames\non_trigger\WIN_20260322_11_31_59_Pro_f00288.jpg,non_trigger,True,478
data\frames\non_trigger\WIN_20260322_11_31_59_Pro_f00292.jpg,non_trigger,True,478
data\frames\non_trigger\WIN_20260322_11_31_59_Pro_f00296.jpg,non_trigger,True,478
data\frames\non_trigger\WIN_20260322_11_31_59_Pro_f00300.jpg,non_trigger,True,478
data\frames\non_trigger\WIN_20260322_11_31_59_Pro_f00304.jpg,non_trigger,True,478
data\frames\non_trigger\WIN_20260322_11_31_59_Pro_f00308.jpg,non_trigger,True,478
data\frames\non_trigger\WIN_20260322_11_31_59_Pro_f00312.jpg,non_trigger,True,478
data\frames\non_trigger\WIN_20260322_11_31_59_Pro_f00316.jpg,non_trigger,True,478
data\frames\non_trigger\WIN_20260322_11_31_59_Pro_f00320.jpg,non_trigger,True,478
data\frames\non_trigger\WIN_20260322_11_31_59_Pro_f00324.jpg,non_trigger,True,478
data\frames\non_trigger\WIN_20260322_11_31_59_Pro_f00328.jpg,non_trigger,True,478
data\frames\non_trigger\WIN_20260322_11_31_59_Pro_f00332.jpg,non_trigger,True,478
data\frames\non_trigger\WIN_20260322_11_32_17_Pro_f00000.jpg,non_trigger,True,478
data\frames\non_trigger\WIN_20260322_11_32_17_Pro_f00004.jpg,non_trigger,True,478
data\frames\non_trigger\WIN_20260322_11_32_17_Pro_f00008.jpg,non_trigger,True,478
data\frames\non_trigger\WIN_20260322_11_32_17_Pro_f00012.jpg,non_trigger,True,478
data\frames\non_trigger\WIN_20260322_11_32_17_Pro_f00016.jpg,non_trigger,True,478
data\frames\non_trigger\WIN_20260322_11_32_17_Pro_f00020.jpg,non_trigger,True,478
data\frames\non_trigger\WIN_20260322_11_32_17_Pro_f00024.jpg,non_trigger,True,478
data\frames\non_trigger\WIN_20260322_11_32_17_Pro_f00028.jpg,non_trigger,True,478
data\frames\non_trigger\WIN_20260322_11_32_17_Pro_f00032.jpg,non_trigger,True,478
data\frames\non_trigger\WIN_20260322_11_32_17_Pro_f00036.jpg,non_trigger,True,478
data\frames\non_trigger\WIN_20260322_11_32_17_Pro_f00040.jpg,non_trigger,True,478
data\frames\non_trigger\WIN_20260322_11_32_17_Pro_f00044.jpg,non_trigger,True,478
data\frames\non_trigger\WIN_20260322_11_32_17_Pro_f00048.jpg,non_trigger,True,478
data\frames\non_trigger\WIN_20260322_11_32_17_Pro_f00052.jpg,non_trigger,True,478
data\frames\non_trigger\WIN_20260322_11_32_17_Pro_f00056.jpg,non_trigger,True,478
data\frames\non_trigger\WIN_20260322_11_32_17_Pro_f00060.jpg,non_trigger,True,478
data\frames\non_trigger\WIN_20260322_11_32_17_Pro_f00064.jpg,non_trigger,True,478
data\frames\non_trigger\WIN_20260322_11_32_17_Pro_f00068.jpg,non_trigger,True,478
data\frames\non_trigger\WIN_20260322_11_32_17_Pro_f00072.jpg,non_trigger,True,478
data\frames\non_trigger\WIN_20260322_11_32_17_Pro_f00076.jpg,non_trigger,True,478
data\frames\non_trigger\WIN_20260322_11_32_17_Pro_f00080.jpg,non_trigger,True,478
data\frames\non_trigger\WIN_20260322_11_32_17_Pro_f00084.jpg,non_trigger,True,478
data\frames\non_trigger\WIN_20260322_11_32_17_Pro_f00088.jpg,non_trigger,True,478
data\frames\non_trigger\WIN_20260322_11_32_17_Pro_f00092.jpg,non_trigger,True,478
data\frames\non_trigger\WIN_20260322_11_32_17_Pro_f00096.jpg,non_trigger,True,478
data\frames\non_trigger\WIN_20260322_11_32_17_Pro_f00100.jpg,non_trigger,True,478
data\frames\non_trigger\WIN_20260322_11_32_17_Pro_f00104.jpg,non_trigger,True,478
data\frames\non_trigger\WIN_20260322_11_32_17_Pro_f00108.jpg,non_trigger,True,478
data\frames\non_trigger\WIN_20260322_11_32_17_Pro_f00112.jpg,non_trigger,True,478
data\frames\non_trigger\WIN_20260322_11_32_17_Pro_f00116.jpg,non_trigger,True,478
data\frames\non_trigger\WIN_20260322_11_32_17_Pro_f00120.jpg,non_trigger,True,478
data\frames\non_trigger\WIN_20260322_11_32_17_Pro_f00124.jpg,non_trigger,True,478
data\frames\non_trigger\WIN_20260322_11_32_17_Pro_f00128.jpg,non_trigger,True,478
data\frames\non_trigger\WIN_20260322_11_32_17_Pro_f00132.jpg,non_trigger,True,478
data\frames\non_trigger\WIN_20260322_11_32_17_Pro_f00136.jpg,non_trigger,True,478
data\frames\non_trigger\WIN_20260322_11_32_17_Pro_f00140.jpg,non_trigger,False,0
data\frames\non_trigger\WIN_20260322_11_32_17_Pro_f00144.jpg,non_trigger,True,478
data\frames\non_trigger\WIN_20260322_11_32_17_Pro_f00148.jpg,non_trigger,False,0
data\frames\non_trigger\WIN_20260322_11_32_17_Pro_f00152.jpg,non_trigger,False,0
data\frames\non_trigger\WIN_20260322_11_32_17_Pro_f00156.jpg,non_trigger,False,0
data\frames\non_trigger\WIN_20260322_11_32_17_Pro_f00160.jpg,non_trigger,True,478
data\frames\non_trigger\WIN_20260322_11_32_17_Pro_f00164.jpg,non_trigger,True,478
data\frames\non_trigger\WIN_20260322_11_32_17_Pro_f00168.jpg,non_trigger,True,478
data\frames\non_trigger\WIN_20260322_11_32_17_Pro_f00172.jpg,non_trigger,True,478
data\frames\non_trigger\WIN_20260322_11_32_17_Pro_f00176.jpg,non_trigger,True,478
data\frames\non_trigger\WIN_20260322_11_32_17_Pro_f00180.jpg,non_trigger,True,478
data\frames\non_trigger\WIN_20260322_11_32_17_Pro_f00184.jpg,non_trigger,True,478
data\frames\non_trigger\WIN_20260322_11_32_17_Pro_f00188.jpg,non_trigger,True,478
data\frames\non_trigger\WIN_20260322_11_32_17_Pro_f00192.jpg,non_trigger,True,478
data\frames\non_trigger\WIN_20260322_11_32_17_Pro_f00196.jpg,non_trigger,True,478
data\frames\non_trigger\WIN_20260322_11_32_17_Pro_f00200.jpg,non_trigger,True,478
data\frames\non_trigger\WIN_20260322_11_32_17_Pro_f00204.jpg,non_trigger,True,478
data\frames\non_trigger\WIN_20260322_11_32_17_Pro_f00208.jpg,non_trigger,True,478
data\frames\non_trigger\WIN_20260322_11_32_17_Pro_f00212.jpg,non_trigger,True,478
data\frames\non_trigger\WIN_20260322_11_32_17_Pro_f00216.jpg,non_trigger,True,478
data\frames\non_trigger\WIN_20260322_11_32_17_Pro_f00220.jpg,non_trigger,True,478
data\frames\non_trigger\WIN_20260322_11_32_17_Pro_f00224.jpg,non_trigger,True,478
data\frames\non_trigger\WIN_20260322_11_32_17_Pro_f00228.jpg,non_trigger,True,478
data\frames\non_trigger\WIN_20260322_11_32_17_Pro_f00232.jpg,non_trigger,True,478
data\frames\non_trigger\WIN_20260322_11_32_17_Pro_f00236.jpg,non_trigger,True,478
data\frames\non_trigger\WIN_20260322_11_32_28_Pro_f00000.jpg,non_trigger,True,478
data\frames\non_trigger\WIN_20260322_11_32_28_Pro_f00004.jpg,non_trigger,True,478
data\frames\non_trigger\WIN_20260322_11_32_28_Pro_f00008.jpg,non_trigger,True,478
data\frames\non_trigger\WIN_20260322_11_32_28_Pro_f00012.jpg,non_trigger,True,478
data\frames\non_trigger\WIN_20260322_11_32_28_Pro_f00016.jpg,non_trigger,True,478
data\frames\non_trigger\WIN_20260322_11_32_28_Pro_f00020.jpg,non_trigger,True,478
data\frames\non_trigger\WIN_20260322_11_32_28_Pro_f00024.jpg,non_trigger,True,478
data\frames\non_trigger\WIN_20260322_11_32_28_Pro_f00028.jpg,non_trigger,True,478
data\frames\non_trigger\WIN_20260322_11_32_28_Pro_f00032.jpg,non_trigger,True,478
data\frames\non_trigger\WIN_20260322_11_32_28_Pro_f00036.jpg,non_trigger,True,478
data\frames\non_trigger\WIN_20260322_11_32_28_Pro_f00040.jpg,non_trigger,True,478
data\frames\non_trigger\WIN_20260322_11_32_28_Pro_f00044.jpg,non_trigger,True,478
data\frames\non_trigger\WIN_20260322_11_32_28_Pro_f00048.jpg,non_trigger,True,478
data\frames\non_trigger\WIN_20260322_11_32_28_Pro_f00052.jpg,non_trigger,True,478
data\frames\non_trigger\WIN_20260322_11_32_28_Pro_f00056.jpg,non_trigger,True,478
data\frames\non_trigger\WIN_20260322_11_32_28_Pro_f00060.jpg,non_trigger,True,478
data\frames\non_trigger\WIN_20260322_11_32_28_Pro_f00064.jpg,non_trigger,True,478
data\frames\non_trigger\WIN_20260322_11_32_28_Pro_f00068.jpg,non_trigger,True,478
data\frames\non_trigger\WIN_20260322_11_32_28_Pro_f00072.jpg,non_trigger,True,478
data\frames\non_trigger\WIN_20260322_11_32_28_Pro_f00076.jpg,non_trigger,True,478
data\frames\non_trigger\WIN_20260322_11_32_28_Pro_f00080.jpg,non_trigger,True,478
data\frames\non_trigger\WIN_20260322_11_32_28_Pro_f00084.jpg,non_trigger,True,478
data\frames\non_trigger\WIN_20260322_11_32_28_Pro_f00088.jpg,non_trigger,True,478
data\frames\non_trigger\WIN_20260322_11_32_28_Pro_f00092.jpg,non_trigger,True,478
data\frames\non_trigger\WIN_20260322_11_32_28_Pro_f00096.jpg,non_trigger,True,478
data\frames\non_trigger\WIN_20260322_11_32_28_Pro_f00100.jpg,non_trigger,True,478
data\frames\non_trigger\WIN_20260322_11_32_28_Pro_f00104.jpg,non_trigger,True,478
data\frames\non_trigger\WIN_20260322_11_32_28_Pro_f00108.jpg,non_trigger,True,478
data\frames\non_trigger\WIN_20260322_11_32_28_Pro_f00112.jpg,non_trigger,True,478
data\frames\non_trigger\WIN_20260322_11_32_28_Pro_f00116.jpg,non_trigger,True,478
data\frames\non_trigger\WIN_20260322_11_32_28_Pro_f00120.jpg,non_trigger,True,478
data\frames\non_trigger\WIN_20260322_11_32_28_Pro_f00124.jpg,non_trigger,True,478
data\frames\non_trigger\WIN_20260322_11_32_28_Pro_f00128.jpg,non_trigger,True,478
data\frames\non_trigger\WIN_20260322_11_32_28_Pro_f00132.jpg,non_trigger,True,478
data\frames\non_trigger\WIN_20260322_11_32_28_Pro_f00136.jpg,non_trigger,True,478
data\frames\non_trigger\WIN_20260322_11_32_28_Pro_f00140.jpg,non_trigger,True,478
data\frames\non_trigger\WIN_20260322_11_32_28_Pro_f00144.jpg,non_trigger,True,478
data\frames\non_trigger\WIN_20260322_11_32_28_Pro_f00148.jpg,non_trigger,True,478
data\frames\non_trigger\WIN_20260322_11_32_28_Pro_f00152.jpg,non_trigger,True,478
data\frames\non_trigger\WIN_20260322_11_32_28_Pro_f00156.jpg,non_trigger,True,478
data\frames\non_trigger\WIN_20260322_11_32_28_Pro_f00160.jpg,non_trigger,True,478
data\frames\non_trigger\WIN_20260322_11_32_28_Pro_f00164.jpg,non_trigger,True,478
data\frames\non_trigger\WIN_20260322_11_32_28_Pro_f00168.jpg,non_trigger,True,478
data\frames\non_trigger\WIN_20260322_11_32_28_Pro_f00172.jpg,non_trigger,True,478
data\frames\non_trigger\WIN_20260322_11_32_28_Pro_f00176.jpg,non_trigger,True,478
data\frames\non_trigger\WIN_20260322_11_32_28_Pro_f00180.jpg,non_trigger,True,478
data\frames\non_trigger\WIN_20260322_11_32_28_Pro_f00184.jpg,non_trigger,True,478
data\frames\non_trigger\WIN_20260322_11_32_28_Pro_f00188.jpg,non_trigger,True,478
data\frames\non_trigger\WIN_20260322_11_32_28_Pro_f00192.jpg,non_trigger,True,478
data\frames\non_trigger\WIN_20260322_11_32_28_Pro_f00196.jpg,non_trigger,True,478
data\frames\non_trigger\WIN_20260322_11_32_28_Pro_f00200.jpg,non_trigger,True,478
data\frames\non_trigger\WIN_20260322_11_32_28_Pro_f00204.jpg,non_trigger,True,478
data\frames\non_trigger\WIN_20260322_11_32_28_Pro_f00208.jpg,non_trigger,True,478
data\frames\non_trigger\WIN_20260322_11_32_28_Pro_f00212.jpg,non_trigger,True,478
data\frames\non_trigger\WIN_20260322_11_32_28_Pro_f00216.jpg,non_trigger,True,478
data\frames\non_trigger\WIN_20260322_11_32_28_Pro_f00220.jpg,non_trigger,True,478
data\frames\non_trigger\WIN_20260322_11_32_28_Pro_f00224.jpg,non_trigger,True,478
data\frames\non_trigger\WIN_20260322_11_32_28_Pro_f00228.jpg,non_trigger,True,478
data\frames\non_trigger\WIN_20260322_11_32_28_Pro_f00232.jpg,non_trigger,True,478
data\frames\non_trigger\WIN_20260322_11_32_28_Pro_f00236.jpg,non_trigger,True,478
data\frames\non_trigger\WIN_20260322_11_33_53_Pro_f00000.jpg,non_trigger,False,0
data\frames\non_trigger\WIN_20260322_11_33_53_Pro_f00004.jpg,non_trigger,False,0
data\frames\non_trigger\WIN_20260322_11_33_53_Pro_f00008.jpg,non_trigger,False,0
data\frames\non_trigger\WIN_20260322_11_33_53_Pro_f00012.jpg,non_trigger,False,0
data\frames\non_trigger\WIN_20260322_11_33_53_Pro_f00016.jpg,non_trigger,False,0
data\frames\non_trigger\WIN_20260322_11_33_53_Pro_f00020.jpg,non_trigger,False,0
data\frames\non_trigger\WIN_20260322_11_33_53_Pro_f00024.jpg,non_trigger,False,0
data\frames\non_trigger\WIN_20260322_11_33_53_Pro_f00028.jpg,non_trigger,False,0
data\frames\non_trigger\WIN_20260322_11_33_53_Pro_f00032.jpg,non_trigger,False,0
data\frames\non_trigger\WIN_20260322_11_33_53_Pro_f00036.jpg,non_trigger,False,0
data\frames\non_trigger\WIN_20260322_11_33_53_Pro_f00040.jpg,non_trigger,False,0
data\frames\non_trigger\WIN_20260322_11_33_53_Pro_f00044.jpg,non_trigger,True,478
data\frames\non_trigger\WIN_20260322_11_33_53_Pro_f00048.jpg,non_trigger,True,478
data\frames\non_trigger\WIN_20260322_11_33_53_Pro_f00052.jpg,non_trigger,True,478
data\frames\non_trigger\WIN_20260322_11_33_53_Pro_f00056.jpg,non_trigger,True,478
data\frames\non_trigger\WIN_20260322_11_33_53_Pro_f00060.jpg,non_trigger,True,478
data\frames\non_trigger\WIN_20260322_11_33_53_Pro_f00064.jpg,non_trigger,True,478
data\frames\non_trigger\WIN_20260322_11_33_53_Pro_f00068.jpg,non_trigger,True,478
data\frames\non_trigger\WIN_20260322_11_33_53_Pro_f00072.jpg,non_trigger,True,478
data\frames\non_trigger\WIN_20260322_11_33_53_Pro_f00076.jpg,non_trigger,True,478
data\frames\non_trigger\WIN_20260322_11_33_53_Pro_f00080.jpg,non_trigger,True,478
data\frames\non_trigger\WIN_20260322_11_33_53_Pro_f00084.jpg,non_trigger,True,478
data\frames\non_trigger\WIN_20260322_11_35_04_Pro_f00000.jpg,non_trigger,True,478
data\frames\non_trigger\WIN_20260322_11_35_04_Pro_f00004.jpg,non_trigger,True,478
data\frames\non_trigger\WIN_20260322_11_35_04_Pro_f00008.jpg,non_trigger,True,478
data\frames\non_trigger\WIN_20260322_11_35_04_Pro_f00012.jpg,non_trigger,True,478
data\frames\non_trigger\WIN_20260322_11_35_04_Pro_f00016.jpg,non_trigger,True,478
data\frames\non_trigger\WIN_20260322_11_35_04_Pro_f00020.jpg,non_trigger,True,478
data\frames\non_trigger\WIN_20260322_11_35_04_Pro_f00024.jpg,non_trigger,True,478
data\frames\non_trigger\WIN_20260322_11_35_04_Pro_f00028.jpg,non_trigger,True,478
data\frames\non_trigger\WIN_20260322_11_35_04_Pro_f00032.jpg,non_trigger,True,478
data\frames\non_trigger\WIN_20260322_11_35_04_Pro_f00036.jpg,non_trigger,True,478
data\frames\non_trigger\WIN_20260322_11_35_04_Pro_f00040.jpg,non_trigger,True,478
data\frames\non_trigger\WIN_20260322_11_35_04_Pro_f00044.jpg,non_trigger,True,478
data\frames\non_trigger\WIN_20260322_11_35_04_Pro_f00048.jpg,non_trigger,True,478
data\frames\non_trigger\WIN_20260322_11_35_04_Pro_f00052.jpg,non_trigger,True,478
data\frames\non_trigger\WIN_20260322_11_35_04_Pro_f00056.jpg,non_trigger,False,0
data\frames\non_trigger\WIN_20260322_11_35_04_Pro_f00060.jpg,non_trigger,False,0
data\frames\non_trigger\WIN_20260322_11_35_04_Pro_f00064.jpg,non_trigger,False,0
data\frames\non_trigger\WIN_20260322_11_35_04_Pro_f00068.jpg,non_trigger,False,0
data\frames\non_trigger\WIN_20260322_11_35_04_Pro_f00072.jpg,non_trigger,False,0
data\frames\non_trigger\WIN_20260322_11_35_04_Pro_f00076.jpg,non_trigger,False,0
data\frames\non_trigger\WIN_20260322_11_35_04_Pro_f00080.jpg,non_trigger,False,0
data\frames\non_trigger\WIN_20260322_11_35_04_Pro_f00084.jpg,non_trigger,False,0
data\frames\non_trigger\WIN_20260322_11_35_04_Pro_f00088.jpg,non_trigger,False,0
data\frames\non_trigger\WIN_20260322_11_35_04_Pro_f00092.jpg,non_trigger,False,0
data\frames\non_trigger\WIN_20260322_11_35_04_Pro_f00096.jpg,non_trigger,False,0
data\frames\non_trigger\WIN_20260322_11_35_04_Pro_f00100.jpg,non_trigger,False,0
data\frames\non_trigger\WIN_20260322_11_35_04_Pro_f00104.jpg,non_trigger,False,0
data\frames\non_trigger\WIN_20260322_11_35_04_Pro_f00108.jpg,non_trigger,False,0
data\frames\non_trigger\WIN_20260322_11_35_04_Pro_f00112.jpg,non_trigger,False,0
data\frames\non_trigger\WIN_20260322_11_35_04_Pro_f00116.jpg,non_trigger,False,0
data\frames\non_trigger\WIN_20260322_11_35_04_Pro_f00120.jpg,non_trigger,False,0
data\frames\non_trigger\WIN_20260322_11_35_04_Pro_f00124.jpg,non_trigger,False,0
data\frames\non_trigger\WIN_20260322_11_35_04_Pro_f00128.jpg,non_trigger,False,0
data\frames\non_trigger\WIN_20260322_11_35_04_Pro_f00132.jpg,non_trigger,False,0
data\frames\non_trigger\WIN_20260322_11_35_04_Pro_f00136.jpg,non_trigger,False,0
data\frames\non_trigger\WIN_20260322_11_35_04_Pro_f00140.jpg,non_trigger,False,0
data\frames\non_trigger\WIN_20260322_11_35_04_Pro_f00144.jpg,non_trigger,True,478
data\frames\non_trigger\WIN_20260322_11_35_04_Pro_f00148.jpg,non_trigger,True,478
data\frames\non_trigger\WIN_20260322_11_35_04_Pro_f00152.jpg,non_trigger,True,478
data\frames\non_trigger\WIN_20260322_11_35_04_Pro_f00156.jpg,non_trigger,True,478
data\frames\non_trigger\WIN_20260322_11_35_26_Pro_f00000.jpg,non_trigger,True,478
data\frames\non_trigger\WIN_20260322_11_35_26_Pro_f00004.jpg,non_trigger,True,478
data\frames\non_trigger\WIN_20260322_11_35_26_Pro_f00008.jpg,non_trigger,True,478
data\frames\non_trigger\WIN_20260322_11_35_26_Pro_f00012.jpg,non_trigger,True,478
data\frames\non_trigger\WIN_20260322_11_35_26_Pro_f00016.jpg,non_trigger,True,478
data\frames\non_trigger\WIN_20260322_11_35_26_Pro_f00020.jpg,non_trigger,True,478
data\frames\non_trigger\WIN_20260322_11_35_26_Pro_f00024.jpg,non_trigger,True,478
data\frames\non_trigger\WIN_20260322_11_35_26_Pro_f00028.jpg,non_trigger,True,478
data\frames\non_trigger\WIN_20260322_11_35_26_Pro_f00032.jpg,non_trigger,True,478
data\frames\non_trigger\WIN_20260322_11_35_26_Pro_f00036.jpg,non_trigger,True,478
data\frames\non_trigger\WIN_20260322_11_35_26_Pro_f00040.jpg,non_trigger,True,478
data\frames\non_trigger\WIN_20260322_11_35_26_Pro_f00044.jpg,non_trigger,True,478
data\frames\non_trigger\WIN_20260322_11_35_26_Pro_f00048.jpg,non_trigger,True,478
data\frames\non_trigger\WIN_20260322_11_35_26_Pro_f00052.jpg,non_trigger,True,478
data\frames\non_trigger\WIN_20260322_11_35_26_Pro_f00056.jpg,non_trigger,True,478
data\frames\non_trigger\WIN_20260322_11_35_26_Pro_f00060.jpg,non_trigger,True,478
data\frames\non_trigger\WIN_20260322_11_35_26_Pro_f00064.jpg,non_trigger,True,478
data\frames\non_trigger\WIN_20260322_11_35_26_Pro_f00068.jpg,non_trigger,True,478
data\frames\non_trigger\WIN_20260322_11_35_26_Pro_f00072.jpg,non_trigger,True,478
data\frames\non_trigger\WIN_20260322_11_35_26_Pro_f00076.jpg,non_trigger,True,478
data\frames\non_trigger\WIN_20260322_11_35_26_Pro_f00080.jpg,non_trigger,True,478
data\frames\non_trigger\WIN_20260322_11_35_26_Pro_f00084.jpg,non_trigger,True,478
data\frames\non_trigger\WIN_20260322_11_35_26_Pro_f00088.jpg,non_trigger,True,478
data\frames\non_trigger\WIN_20260322_11_35_26_Pro_f00092.jpg,non_trigger,True,478
data\frames\non_trigger\WIN_20260322_11_35_26_Pro_f00096.jpg,non_trigger,True,478
data\frames\non_trigger\WIN_20260322_11_35_26_Pro_f00100.jpg,non_trigger,True,478
data\frames\non_trigger\WIN_20260322_11_35_26_Pro_f00104.jpg,non_trigger,True,478
data\frames\non_trigger\WIN_20260322_11_35_26_Pro_f00108.jpg,non_trigger,True,478
data\frames\non_trigger\WIN_20260322_11_35_26_Pro_f00112.jpg,non_trigger,True,478
data\frames\non_trigger\WIN_20260322_11_35_26_Pro_f00116.jpg,non_trigger,True,478
data\frames\non_trigger\WIN_20260322_11_35_26_Pro_f00120.jpg,non_trigger,True,478
data\frames\non_trigger\WIN_20260322_11_35_26_Pro_f00124.jpg,non_trigger,True,478
data\frames\non_trigger\WIN_20260322_11_35_26_Pro_f00128.jpg,non_trigger,True,478
data\frames\non_trigger\WIN_20260322_11_35_26_Pro_f00132.jpg,non_trigger,True,478
data\frames\non_trigger\WIN_20260322_11_35_26_Pro_f00136.jpg,non_trigger,True,478
data\frames\non_trigger\WIN_20260322_11_35_26_Pro_f00140.jpg,non_trigger,True,478
data\frames\non_trigger\WIN_20260322_11_35_26_Pro_f00144.jpg,non_trigger,True,478
data\frames\non_trigger\WIN_20260322_11_35_26_Pro_f00148.jpg,non_trigger,True,478
data\frames\non_trigger\WIN_20260322_11_35_26_Pro_f00152.jpg,non_trigger,True,478
data\frames\non_trigger\WIN_20260322_11_35_26_Pro_f00156.jpg,non_trigger,True,478
data\frames\non_trigger\WIN_20260322_11_35_26_Pro_f00160.jpg,non_trigger,True,478
data\frames\non_trigger\WIN_20260322_11_35_26_Pro_f00164.jpg,non_trigger,True,478
data\frames\non_trigger\WIN_20260322_11_35_36_Pro_f00000.jpg,non_trigger,True,478
data\frames\non_trigger\WIN_20260322_11_35_36_Pro_f00004.jpg,non_trigger,True,478
data\frames\non_trigger\WIN_20260322_11_35_36_Pro_f00008.jpg,non_trigger,True,478
data\frames\non_trigger\WIN_20260322_11_35_36_Pro_f00012.jpg,non_trigger,True,478
data\frames\non_trigger\WIN_20260322_11_35_36_Pro_f00016.jpg,non_trigger,True,478
data\frames\non_trigger\WIN_20260322_11_35_36_Pro_f00020.jpg,non_trigger,True,478
data\frames\non_trigger\WIN_20260322_11_35_36_Pro_f00024.jpg,non_trigger,True,478
data\frames\non_trigger\WIN_20260322_11_35_36_Pro_f00028.jpg,non_trigger,True,478
data\frames\non_trigger\WIN_20260322_11_35_36_Pro_f00032.jpg,non_trigger,True,478
data\frames\non_trigger\WIN_20260322_11_35_36_Pro_f00036.jpg,non_trigger,True,478
data\frames\non_trigger\WIN_20260322_11_35_36_Pro_f00040.jpg,non_trigger,True,478
data\frames\non_trigger\WIN_20260322_11_35_36_Pro_f00044.jpg,non_trigger,True,478
data\frames\non_trigger\WIN_20260322_11_35_36_Pro_f00048.jpg,non_trigger,True,478
data\frames\non_trigger\WIN_20260322_11_35_36_Pro_f00052.jpg,non_trigger,True,478
data\frames\non_trigger\WIN_20260322_11_35_36_Pro_f00056.jpg,non_trigger,True,478
data\frames\non_trigger\WIN_20260322_11_35_36_Pro_f00060.jpg,non_trigger,True,478
data\frames\non_trigger\WIN_20260322_11_35_36_Pro_f00064.jpg,non_trigger,True,478
data\frames\non_trigger\WIN_20260322_11_35_36_Pro_f00068.jpg,non_trigger,True,478
data\frames\non_trigger\WIN_20260322_11_35_36_Pro_f00072.jpg,non_trigger,True,478
data\frames\non_trigger\WIN_20260322_11_35_36_Pro_f00076.jpg,non_trigger,True,478
data\frames\non_trigger\WIN_20260322_11_35_36_Pro_f00080.jpg,non_trigger,True,478
data\frames\non_trigger\WIN_20260322_11_35_36_Pro_f00084.jpg,non_trigger,True,478
data\frames\non_trigger\WIN_20260322_11_35_36_Pro_f00088.jpg,non_trigger,True,478
data\frames\non_trigger\WIN_20260322_11_35_36_Pro_f00092.jpg,non_trigger,True,478
data\frames\non_trigger\WIN_20260322_11_35_36_Pro_f00096.jpg,non_trigger,True,478
data\frames\non_trigger\WIN_20260322_11_35_36_Pro_f00100.jpg,non_trigger,True,478
data\frames\non_trigger\WIN_20260322_11_35_36_Pro_f00104.jpg,non_trigger,True,478
data\frames\non_trigger\WIN_20260322_11_35_36_Pro_f00108.jpg,non_trigger,True,478
data\frames\non_trigger\WIN_20260322_11_35_36_Pro_f00112.jpg,non_trigger,True,478
data\frames\non_trigger\WIN_20260322_11_35_36_Pro_f00116.jpg,non_trigger,True,478
data\frames\non_trigger\WIN_20260322_11_35_36_Pro_f00120.jpg,non_trigger,True,478
data\frames\non_trigger\WIN_20260322_11_35_36_Pro_f00124.jpg,non_trigger,True,478
data\frames\non_trigger\WIN_20260322_11_35_36_Pro_f00128.jpg,non_trigger,True,478
data\frames\non_trigger\WIN_20260322_11_35_36_Pro_f00132.jpg,non_trigger,True,478
data\frames\non_trigger\WIN_20260322_11_35_36_Pro_f00136.jpg,non_trigger,True,478
data\frames\non_trigger\WIN_20260322_11_35_36_Pro_f00140.jpg,non_trigger,True,478
data\frames\non_trigger\WIN_20260322_11_35_36_Pro_f00144.jpg,non_trigger,True,478
data\frames\non_trigger\WIN_20260322_11_35_36_Pro_f00148.jpg,non_trigger,True,478
data\frames\non_trigger\WIN_20260322_11_35_36_Pro_f00152.jpg,non_trigger,True,478
data\frames\non_trigger\WIN_20260322_11_35_36_Pro_f00156.jpg,non_trigger,True,478
data\frames\non_trigger\WIN_20260322_11_35_36_Pro_f00160.jpg,non_trigger,True,478
data\frames\non_trigger\WIN_20260322_11_35_36_Pro_f00164.jpg,non_trigger,True,478
data\frames\non_trigger\WIN_20260322_11_35_36_Pro_f00168.jpg,non_trigger,True,478
data\frames\non_trigger\WIN_20260322_11_35_36_Pro_f00172.jpg,non_trigger,True,478
data\frames\non_trigger\WIN_20260322_11_35_36_Pro_f00176.jpg,non_trigger,True,478
data\frames\non_trigger\WIN_20260322_11_35_36_Pro_f00180.jpg,non_trigger,True,478
data\frames\non_trigger\WIN_20260322_11_35_36_Pro_f00184.jpg,non_trigger,True,478
data\frames\non_trigger\WIN_20260322_11_35_36_Pro_f00188.jpg,non_trigger,True,478
data\frames\non_trigger\WIN_20260322_11_35_36_Pro_f00192.jpg,non_trigger,True,478
data\frames\non_trigger\WIN_20260322_11_35_46_Pro_f00000.jpg,non_trigger,True,478
data\frames\non_trigger\WIN_20260322_11_35_46_Pro_f00004.jpg,non_trigger,True,478
data\frames\non_trigger\WIN_20260322_11_35_46_Pro_f00008.jpg,non_trigger,True,478
data\frames\non_trigger\WIN_20260322_11_35_46_Pro_f00012.jpg,non_trigger,True,478
data\frames\non_trigger\WIN_20260322_11_35_46_Pro_f00016.jpg,non_trigger,True,478
data\frames\non_trigger\WIN_20260322_11_35_46_Pro_f00020.jpg,non_trigger,False,0
data\frames\non_trigger\WIN_20260322_11_35_46_Pro_f00024.jpg,non_trigger,True,478
data\frames\non_trigger\WIN_20260322_11_35_46_Pro_f00028.jpg,non_trigger,True,478
data\frames\non_trigger\WIN_20260322_11_35_46_Pro_f00032.jpg,non_trigger,True,478
data\frames\non_trigger\WIN_20260322_11_35_46_Pro_f00036.jpg,non_trigger,True,478
data\frames\non_trigger\WIN_20260322_11_35_46_Pro_f00040.jpg,non_trigger,True,478
data\frames\non_trigger\WIN_20260322_11_35_46_Pro_f00044.jpg,non_trigger,True,478
data\frames\non_trigger\WIN_20260322_11_35_46_Pro_f00048.jpg,non_trigger,True,478
data\frames\non_trigger\WIN_20260322_11_35_46_Pro_f00052.jpg,non_trigger,True,478
data\frames\non_trigger\WIN_20260322_11_35_46_Pro_f00056.jpg,non_trigger,True,478
data\frames\non_trigger\WIN_20260322_11_35_46_Pro_f00060.jpg,non_trigger,True,478
data\frames\non_trigger\WIN_20260322_11_35_46_Pro_f00064.jpg,non_trigger,True,478
data\frames\non_trigger\WIN_20260322_11_35_46_Pro_f00068.jpg,non_trigger,True,478
data\frames\non_trigger\WIN_20260322_11_35_46_Pro_f00072.jpg,non_trigger,True,478
data\frames\non_trigger\WIN_20260322_11_35_46_Pro_f00076.jpg,non_trigger,True,478
data\frames\non_trigger\WIN_20260322_11_35_46_Pro_f00080.jpg,non_trigger,True,478
data\frames\non_trigger\WIN_20260322_11_35_46_Pro_f00084.jpg,non_trigger,True,478
data\frames\non_trigger\WIN_20260322_11_35_46_Pro_f00088.jpg,non_trigger,True,478
data\frames\non_trigger\WIN_20260322_11_35_46_Pro_f00092.jpg,non_trigger,True,478
data\frames\non_trigger\WIN_20260322_11_35_46_Pro_f00096.jpg,non_trigger,True,478
data\frames\non_trigger\WIN_20260322_11_35_46_Pro_f00100.jpg,non_trigger,True,478
data\frames\non_trigger\WIN_20260322_11_35_46_Pro_f00104.jpg,non_trigger,True,478
data\frames\non_trigger\WIN_20260322_11_35_46_Pro_f00108.jpg,non_trigger,True,478
data\frames\non_trigger\WIN_20260322_11_35_46_Pro_f00112.jpg,non_trigger,True,478
data\frames\non_trigger\WIN_20260322_11_35_46_Pro_f00116.jpg,non_trigger,True,478
data\frames\non_trigger\WIN_20260322_11_35_46_Pro_f00120.jpg,non_trigger,True,478
data\frames\non_trigger\WIN_20260322_11_35_46_Pro_f00124.jpg,non_trigger,True,478
data\frames\non_trigger\WIN_20260322_11_35_46_Pro_f00128.jpg,non_trigger,True,478
data\frames\non_trigger\WIN_20260322_11_35_46_Pro_f00132.jpg,non_trigger,True,478
data\frames\non_trigger\WIN_20260322_11_35_46_Pro_f00136.jpg,non_trigger,True,478
data\frames\non_trigger\WIN_20260322_11_35_46_Pro_f00140.jpg,non_trigger,True,478
data\frames\non_trigger\WIN_20260322_11_35_54_Pro_f00000.jpg,non_trigger,True,478
data\frames\non_trigger\WIN_20260322_11_35_54_Pro_f00004.jpg,non_trigger,True,478
data\frames\non_trigger\WIN_20260322_11_35_54_Pro_f00008.jpg,non_trigger,True,478
data\frames\non_trigger\WIN_20260322_11_35_54_Pro_f00012.jpg,non_trigger,True,478
data\frames\non_trigger\WIN_20260322_11_35_54_Pro_f00016.jpg,non_trigger,True,478
data\frames\non_trigger\WIN_20260322_11_35_54_Pro_f00020.jpg,non_trigger,True,478
data\frames\non_trigger\WIN_20260322_11_35_54_Pro_f00024.jpg,non_trigger,True,478
data\frames\non_trigger\WIN_20260322_11_35_54_Pro_f00028.jpg,non_trigger,True,478
data\frames\non_trigger\WIN_20260322_11_35_54_Pro_f00032.jpg,non_trigger,True,478
data\frames\non_trigger\WIN_20260322_11_35_54_Pro_f00036.jpg,non_trigger,True,478
data\frames\non_trigger\WIN_20260322_11_35_54_Pro_f00040.jpg,non_trigger,True,478
data\frames\non_trigger\WIN_20260322_11_35_54_Pro_f00044.jpg,non_trigger,True,478
data\frames\non_trigger\WIN_20260322_11_35_54_Pro_f00048.jpg,non_trigger,True,478
data\frames\non_trigger\WIN_20260322_11_35_54_Pro_f00052.jpg,non_trigger,True,478
data\frames\non_trigger\WIN_20260322_11_35_54_Pro_f00056.jpg,non_trigger,True,478
data\frames\non_trigger\WIN_20260322_11_35_54_Pro_f00060.jpg,non_trigger,True,478
data\frames\non_trigger\WIN_20260322_11_35_54_Pro_f00064.jpg,non_trigger,True,478
data\frames\non_trigger\WIN_20260322_11_35_54_Pro_f00068.jpg,non_trigger,True,478
data\frames\non_trigger\WIN_20260322_11_35_54_Pro_f00072.jpg,non_trigger,True,478
data\frames\non_trigger\WIN_20260322_11_35_54_Pro_f00076.jpg,non_trigger,True,478
data\frames\non_trigger\WIN_20260322_11_35_54_Pro_f00080.jpg,non_trigger,True,478
data\frames\non_trigger\WIN_20260322_11_35_54_Pro_f00084.jpg,non_trigger,True,478
data\frames\non_trigger\WIN_20260322_11_35_54_Pro_f00088.jpg,non_trigger,True,478
data\frames\non_trigger\WIN_20260322_11_35_54_Pro_f00092.jpg,non_trigger,True,478
data\frames\non_trigger\WIN_20260322_11_35_54_Pro_f00096.jpg,non_trigger,True,478
data\frames\non_trigger\WIN_20260322_11_35_54_Pro_f00100.jpg,non_trigger,True,478
data\frames\non_trigger\WIN_20260322_11_35_54_Pro_f00104.jpg,non_trigger,True,478
data\frames\non_trigger\WIN_20260322_11_35_54_Pro_f00108.jpg,non_trigger,True,478
data\frames\non_trigger\WIN_20260322_11_35_54_Pro_f00112.jpg,non_trigger,True,478
data\frames\non_trigger\WIN_20260322_11_35_54_Pro_f00116.jpg,non_trigger,True,478
data\frames\non_trigger\WIN_20260322_11_35_54_Pro_f00120.jpg,non_trigger,True,478
data\frames\non_trigger\WIN_20260322_11_35_54_Pro_f00124.jpg,non_trigger,True,478
data\frames\non_trigger\WIN_20260322_11_35_54_Pro_f00128.jpg,non_trigger,True,478
data\frames\non_trigger\WIN_20260322_11_35_54_Pro_f00132.jpg,non_trigger,True,478
data\frames\non_trigger\WIN_20260322_11_35_54_Pro_f00136.jpg,non_trigger,True,478
data\frames\non_trigger\WIN_20260322_11_35_54_Pro_f00140.jpg,non_trigger,True,478
data\frames\non_trigger\WIN_20260322_11_35_54_Pro_f00144.jpg,non_trigger,True,478
data\frames\non_trigger\WIN_20260322_11_35_54_Pro_f00148.jpg,non_trigger,True,478
data\frames\non_trigger\WIN_20260322_11_35_54_Pro_f00152.jpg,non_trigger,True,478
data\frames\non_trigger\WIN_20260322_11_35_54_Pro_f00156.jpg,non_trigger,True,478
data\frames\non_trigger\WIN_20260322_11_35_54_Pro_f00160.jpg,non_trigger,True,478
data\frames\non_trigger\WIN_20260322_11_35_54_Pro_f00164.jpg,non_trigger,True,478
data\frames\non_trigger\WIN_20260322_11_35_54_Pro_f00168.jpg,non_trigger,True,478
data\frames\non_trigger\WIN_20260322_11_35_54_Pro_f00172.jpg,non_trigger,True,478
data\frames\non_trigger\WIN_20260322_11_35_54_Pro_f00176.jpg,non_trigger,True,478
data\frames\non_trigger\WIN_20260322_11_35_54_Pro_f00180.jpg,non_trigger,True,478
data\frames\non_trigger\WIN_20260322_11_36_03_Pro_f00000.jpg,non_trigger,True,478
data\frames\non_trigger\WIN_20260322_11_36_03_Pro_f00004.jpg,non_trigger,True,478
data\frames\non_trigger\WIN_20260322_11_36_03_Pro_f00008.jpg,non_trigger,True,478
data\frames\non_trigger\WIN_20260322_11_36_03_Pro_f00012.jpg,non_trigger,True,478
data\frames\non_trigger\WIN_20260322_11_36_03_Pro_f00016.jpg,non_trigger,True,478
data\frames\non_trigger\WIN_20260322_11_36_03_Pro_f00020.jpg,non_trigger,True,478
data\frames\non_trigger\WIN_20260322_11_36_03_Pro_f00024.jpg,non_trigger,True,478
data\frames\non_trigger\WIN_20260322_11_36_03_Pro_f00028.jpg,non_trigger,True,478
data\frames\non_trigger\WIN_20260322_11_36_03_Pro_f00032.jpg,non_trigger,True,478
data\frames\non_trigger\WIN_20260322_11_36_03_Pro_f00036.jpg,non_trigger,True,478
data\frames\non_trigger\WIN_20260322_11_36_03_Pro_f00040.jpg,non_trigger,True,478
data\frames\non_trigger\WIN_20260322_11_36_03_Pro_f00044.jpg,non_trigger,True,478
data\frames\non_trigger\WIN_20260322_11_36_03_Pro_f00048.jpg,non_trigger,True,478
data\frames\non_trigger\WIN_20260322_11_36_03_Pro_f00052.jpg,non_trigger,True,478
data\frames\non_trigger\WIN_20260322_11_36_03_Pro_f00056.jpg,non_trigger,True,478
data\frames\non_trigger\WIN_20260322_11_36_03_Pro_f00060.jpg,non_trigger,True,478
data\frames\non_trigger\WIN_20260322_11_36_03_Pro_f00064.jpg,non_trigger,True,478
data\frames\non_trigger\WIN_20260322_11_36_03_Pro_f00068.jpg,non_trigger,True,478
data\frames\non_trigger\WIN_20260322_11_36_03_Pro_f00072.jpg,non_trigger,True,478
data\frames\non_trigger\WIN_20260322_11_36_03_Pro_f00076.jpg,non_trigger,True,478
data\frames\non_trigger\WIN_20260322_11_36_03_Pro_f00080.jpg,non_trigger,True,478
data\frames\non_trigger\WIN_20260322_11_36_03_Pro_f00084.jpg,non_trigger,True,478
data\frames\non_trigger\WIN_20260322_11_36_03_Pro_f00088.jpg,non_trigger,True,478
data\frames\non_trigger\WIN_20260322_11_36_03_Pro_f00092.jpg,non_trigger,True,478
data\frames\non_trigger\WIN_20260322_11_36_03_Pro_f00096.jpg,non_trigger,True,478
data\frames\non_trigger\WIN_20260322_11_36_03_Pro_f00100.jpg,non_trigger,True,478
data\frames\non_trigger\WIN_20260322_11_36_03_Pro_f00104.jpg,non_trigger,True,478
data\frames\non_trigger\WIN_20260322_11_36_03_Pro_f00108.jpg,non_trigger,True,478
data\frames\non_trigger\WIN_20260322_11_36_03_Pro_f00112.jpg,non_trigger,True,478
data\frames\non_trigger\WIN_20260322_11_36_03_Pro_f00116.jpg,non_trigger,True,478
data\frames\non_trigger\WIN_20260322_11_36_03_Pro_f00120.jpg,non_trigger,True,478
data\frames\non_trigger\WIN_20260322_11_36_03_Pro_f00124.jpg,non_trigger,True,478
data\frames\non_trigger\WIN_20260322_11_36_03_Pro_f00128.jpg,non_trigger,True,478
data\frames\non_trigger\WIN_20260322_11_36_03_Pro_f00132.jpg,non_trigger,True,478
data\frames\non_trigger\WIN_20260322_11_36_03_Pro_f00136.jpg,non_trigger,True,478
data\frames\non_trigger\WIN_20260322_11_36_03_Pro_f00140.jpg,non_trigger,True,478
data\frames\non_trigger\WIN_20260322_11_36_03_Pro_f00144.jpg,non_trigger,True,478
data\frames\non_trigger\WIN_20260322_11_36_03_Pro_f00148.jpg,non_trigger,True,478
data\frames\non_trigger\WIN_20260322_11_36_03_Pro_f00152.jpg,non_trigger,True,478
data\frames\non_trigger\WIN_20260322_11_36_03_Pro_f00156.jpg,non_trigger,True,478
data\frames\non_trigger\WIN_20260322_11_36_03_Pro_f00160.jpg,non_trigger,True,478
data\frames\non_trigger\WIN_20260322_11_36_03_Pro_f00164.jpg,non_trigger,True,478
data\frames\non_trigger\WIN_20260322_11_36_03_Pro_f00168.jpg,non_trigger,True,478
data\frames\non_trigger\WIN_20260322_11_36_03_Pro_f00172.jpg,non_trigger,True,478
data\frames\non_trigger\WIN_20260322_11_36_03_Pro_f00176.jpg,non_trigger,True,478
data\frames\non_trigger\WIN_20260322_11_36_03_Pro_f00180.jpg,non_trigger,True,478
data\frames\non_trigger\WIN_20260322_11_36_03_Pro_f00184.jpg,non_trigger,True,478
data\frames\non_trigger\WIN_20260322_11_36_14_Pro_f00000.jpg,non_trigger,True,478
data\frames\non_trigger\WIN_20260322_11_36_14_Pro_f00004.jpg,non_trigger,True,478
data\frames\non_trigger\WIN_20260322_11_36_14_Pro_f00008.jpg,non_trigger,True,478
data\frames\non_trigger\WIN_20260322_11_36_14_Pro_f00012.jpg,non_trigger,True,478
data\frames\non_trigger\WIN_20260322_11_36_14_Pro_f00016.jpg,non_trigger,True,478
data\frames\non_trigger\WIN_20260322_11_36_14_Pro_f00020.jpg,non_trigger,True,478
data\frames\non_trigger\WIN_20260322_11_36_14_Pro_f00024.jpg,non_trigger,True,478
data\frames\non_trigger\WIN_20260322_11_36_14_Pro_f00028.jpg,non_trigger,True,478
data\frames\non_trigger\WIN_20260322_11_36_14_Pro_f00032.jpg,non_trigger,True,478
data\frames\non_trigger\WIN_20260322_11_36_14_Pro_f00036.jpg,non_trigger,True,478
data\frames\non_trigger\WIN_20260322_11_36_14_Pro_f00040.jpg,non_trigger,True,478
data\frames\non_trigger\WIN_20260322_11_36_14_Pro_f00044.jpg,non_trigger,True,478
data\frames\non_trigger\WIN_20260322_11_36_14_Pro_f00048.jpg,non_trigger,True,478
data\frames\non_trigger\WIN_20260322_11_36_14_Pro_f00052.jpg,non_trigger,True,478
data\frames\non_trigger\WIN_20260322_11_36_14_Pro_f00056.jpg,non_trigger,True,478
data\frames\non_trigger\WIN_20260322_11_36_14_Pro_f00060.jpg,non_trigger,True,478
data\frames\non_trigger\WIN_20260322_11_36_14_Pro_f00064.jpg,non_trigger,True,478
data\frames\non_trigger\WIN_20260322_11_36_14_Pro_f00068.jpg,non_trigger,True,478
data\frames\non_trigger\WIN_20260322_11_36_14_Pro_f00072.jpg,non_trigger,True,478
data\frames\non_trigger\WIN_20260322_11_36_14_Pro_f00076.jpg,non_trigger,True,478
data\frames\non_trigger\WIN_20260322_11_36_14_Pro_f00080.jpg,non_trigger,True,478
data\frames\non_trigger\WIN_20260322_11_36_14_Pro_f00084.jpg,non_trigger,True,478
data\frames\non_trigger\WIN_20260322_11_36_14_Pro_f00088.jpg,non_trigger,True,478
data\frames\non_trigger\WIN_20260322_11_36_14_Pro_f00092.jpg,non_trigger,True,478
data\frames\non_trigger\WIN_20260322_11_36_14_Pro_f00096.jpg,non_trigger,True,478
data\frames\non_trigger\WIN_20260322_11_36_14_Pro_f00100.jpg,non_trigger,True,478
data\frames\non_trigger\WIN_20260322_11_36_14_Pro_f00104.jpg,non_trigger,True,478
data\frames\non_trigger\WIN_20260322_11_36_14_Pro_f00108.jpg,non_trigger,True,478
data\frames\non_trigger\WIN_20260322_11_36_14_Pro_f00112.jpg,non_trigger,True,478
data\frames\non_trigger\WIN_20260322_11_36_14_Pro_f00116.jpg,non_trigger,True,478
data\frames\non_trigger\WIN_20260322_11_36_14_Pro_f00120.jpg,non_trigger,True,478
data\frames\non_trigger\WIN_20260322_11_36_14_Pro_f00124.jpg,non_trigger,True,478
data\frames\non_trigger\WIN_20260322_11_36_14_Pro_f00128.jpg,non_trigger,True,478
data\frames\non_trigger\WIN_20260322_11_36_14_Pro_f00132.jpg,non_trigger,True,478
data\frames\non_trigger\WIN_20260322_11_36_14_Pro_f00136.jpg,non_trigger,True,478
data\frames\non_trigger\WIN_20260322_11_36_14_Pro_f00140.jpg,non_trigger,True,478
data\frames\non_trigger\WIN_20260322_11_36_14_Pro_f00144.jpg,non_trigger,True,478
data\frames\non_trigger\WIN_20260322_11_36_14_Pro_f00148.jpg,non_trigger,True,478
data\frames\non_trigger\WIN_20260322_11_36_14_Pro_f00152.jpg,non_trigger,True,478
data\frames\non_trigger\WIN_20260322_11_36_14_Pro_f00156.jpg,non_trigger,True,478
data\frames\non_trigger\WIN_20260322_11_36_14_Pro_f00160.jpg,non_trigger,True,478
data\frames\non_trigger\WIN_20260322_11_36_14_Pro_f00164.jpg,non_trigger,True,478
data\frames\non_trigger\WIN_20260322_11_36_14_Pro_f00168.jpg,non_trigger,True,478
data\frames\non_trigger\WIN_20260322_11_36_14_Pro_f00172.jpg,non_trigger,True,478
data\frames\non_trigger\WIN_20260322_11_36_14_Pro_f00176.jpg,non_trigger,True,478
data\frames\non_trigger\WIN_20260322_11_36_14_Pro_f00180.jpg,non_trigger,True,478
data\frames\non_trigger\WIN_20260322_11_36_14_Pro_f00184.jpg,non_trigger,True,478
data\frames\non_trigger\WIN_20260322_11_36_14_Pro_f00188.jpg,non_trigger,True,478
data\frames\non_trigger\WIN_20260322_11_36_14_Pro_f00192.jpg,non_trigger,True,478
data\frames\non_trigger\WIN_20260322_11_36_14_Pro_f00196.jpg,non_trigger,True,478
data\frames\non_trigger\WIN_20260322_11_36_14_Pro_f00200.jpg,non_trigger,True,478
data\frames\non_trigger\WIN_20260322_11_36_14_Pro_f00204.jpg,non_trigger,True,478
data\frames\non_trigger\WIN_20260322_11_36_14_Pro_f00208.jpg,non_trigger,True,478
data\frames\non_trigger\WIN_20260322_11_36_14_Pro_f00212.jpg,non_trigger,True,478
data\frames\non_trigger\WIN_20260322_11_36_14_Pro_f00216.jpg,non_trigger,True,478
data\frames\non_trigger\WIN_20260322_11_36_14_Pro_f00220.jpg,non_trigger,True,478
data\frames\non_trigger\WIN_20260322_11_36_27_Pro_f00000.jpg,non_trigger,True,478
data\frames\non_trigger\WIN_20260322_11_36_27_Pro_f00004.jpg,non_trigger,True,478
data\frames\non_trigger\WIN_20260322_11_36_27_Pro_f00008.jpg,non_trigger,True,478
data\frames\non_trigger\WIN_20260322_11_36_27_Pro_f00012.jpg,non_trigger,True,478
data\frames\non_trigger\WIN_20260322_11_36_27_Pro_f00016.jpg,non_trigger,True,478
data\frames\non_trigger\WIN_20260322_11_36_27_Pro_f00020.jpg,non_trigger,True,478
data\frames\non_trigger\WIN_20260322_11_36_27_Pro_f00024.jpg,non_trigger,True,478
data\frames\non_trigger\WIN_20260322_11_36_27_Pro_f00028.jpg,non_trigger,True,478
data\frames\non_trigger\WIN_20260322_11_36_27_Pro_f00032.jpg,non_trigger,True,478
data\frames\non_trigger\WIN_20260322_11_36_27_Pro_f00036.jpg,non_trigger,True,478
data\frames\non_trigger\WIN_20260322_11_36_27_Pro_f00040.jpg,non_trigger,True,478
data\frames\non_trigger\WIN_20260322_11_36_27_Pro_f00044.jpg,non_trigger,True,478
data\frames\non_trigger\WIN_20260322_11_36_27_Pro_f00048.jpg,non_trigger,True,478
data\frames\non_trigger\WIN_20260322_11_36_27_Pro_f00052.jpg,non_trigger,True,478
data\frames\non_trigger\WIN_20260322_11_36_27_Pro_f00056.jpg,non_trigger,True,478
data\frames\non_trigger\WIN_20260322_11_36_27_Pro_f00060.jpg,non_trigger,True,478
data\frames\non_trigger\WIN_20260322_11_36_27_Pro_f00064.jpg,non_trigger,True,478
data\frames\non_trigger\WIN_20260322_11_36_27_Pro_f00068.jpg,non_trigger,True,478
data\frames\non_trigger\WIN_20260322_11_36_27_Pro_f00072.jpg,non_trigger,True,478
data\frames\non_trigger\WIN_20260322_11_36_27_Pro_f00076.jpg,non_trigger,True,478
data\frames\non_trigger\WIN_20260322_11_36_27_Pro_f00080.jpg,non_trigger,True,478
data\frames\non_trigger\WIN_20260322_11_36_27_Pro_f00084.jpg,non_trigger,True,478
data\frames\non_trigger\WIN_20260322_11_36_27_Pro_f00088.jpg,non_trigger,True,478
data\frames\non_trigger\WIN_20260322_11_36_27_Pro_f00092.jpg,non_trigger,True,478
data\frames\non_trigger\WIN_20260322_11_36_27_Pro_f00096.jpg,non_trigger,True,478
data\frames\non_trigger\WIN_20260322_11_36_27_Pro_f00100.jpg,non_trigger,True,478
data\frames\non_trigger\WIN_20260322_11_36_27_Pro_f00104.jpg,non_trigger,True,478
data\frames\non_trigger\WIN_20260322_11_36_27_Pro_f00108.jpg,non_trigger,True,478
data\frames\non_trigger\WIN_20260322_11_36_27_Pro_f00112.jpg,non_trigger,True,478
data\frames\non_trigger\WIN_20260322_11_36_27_Pro_f00116.jpg,non_trigger,True,478
data\frames\non_trigger\WIN_20260322_11_36_27_Pro_f00120.jpg,non_trigger,True,478
data\frames\non_trigger\WIN_20260322_11_36_27_Pro_f00124.jpg,non_trigger,True,478
data\frames\non_trigger\WIN_20260322_11_36_27_Pro_f00128.jpg,non_trigger,True,478
data\frames\non_trigger\WIN_20260322_11_36_27_Pro_f00132.jpg,non_trigger,True,478
data\frames\non_trigger\WIN_20260322_11_36_27_Pro_f00136.jpg,non_trigger,True,478
data\frames\non_trigger\WIN_20260322_11_36_27_Pro_f00140.jpg,non_trigger,True,478
data\frames\non_trigger\WIN_20260322_11_36_27_Pro_f00144.jpg,non_trigger,True,478
data\frames\non_trigger\WIN_20260322_11_36_27_Pro_f00148.jpg,non_trigger,True,478
data\frames\non_trigger\WIN_20260322_11_36_27_Pro_f00152.jpg,non_trigger,True,478
data\frames\non_trigger\WIN_20260322_11_36_27_Pro_f00156.jpg,non_trigger,True,478
data\frames\non_trigger\WIN_20260322_11_36_27_Pro_f00160.jpg,non_trigger,True,478
data\frames\non_trigger\WIN_20260322_11_36_27_Pro_f00164.jpg,non_trigger,True,478
data\frames\non_trigger\WIN_20260322_11_36_27_Pro_f00168.jpg,non_trigger,True,478
data\frames\non_trigger\WIN_20260322_11_36_38_Pro_f00000.jpg,non_trigger,True,478
data\frames\non_trigger\WIN_20260322_11_36_38_Pro_f00004.jpg,non_trigger,True,478
data\frames\non_trigger\WIN_20260322_11_36_38_Pro_f00008.jpg,non_trigger,True,478
data\frames\non_trigger\WIN_20260322_11_36_38_Pro_f00012.jpg,non_trigger,True,478
data\frames\non_trigger\WIN_20260322_11_36_38_Pro_f00016.jpg,non_trigger,True,478
data\frames\non_trigger\WIN_20260322_11_36_38_Pro_f00020.jpg,non_trigger,True,478
data\frames\non_trigger\WIN_20260322_11_36_38_Pro_f00024.jpg,non_trigger,True,478
data\frames\non_trigger\WIN_20260322_11_36_38_Pro_f00028.jpg,non_trigger,True,478
data\frames\non_trigger\WIN_20260322_11_36_38_Pro_f00032.jpg,non_trigger,True,478
data\frames\non_trigger\WIN_20260322_11_36_38_Pro_f00036.jpg,non_trigger,True,478
data\frames\non_trigger\WIN_20260322_11_36_38_Pro_f00040.jpg,non_trigger,True,478
data\frames\non_trigger\WIN_20260322_11_36_38_Pro_f00044.jpg,non_trigger,True,478
data\frames\non_trigger\WIN_20260322_11_36_38_Pro_f00048.jpg,non_trigger,True,478
data\frames\non_trigger\WIN_20260322_11_36_38_Pro_f00052.jpg,non_trigger,True,478
data\frames\non_trigger\WIN_20260322_11_36_38_Pro_f00056.jpg,non_trigger,True,478
data\frames\non_trigger\WIN_20260322_11_36_38_Pro_f00060.jpg,non_trigger,True,478
data\frames\non_trigger\WIN_20260322_11_36_38_Pro_f00064.jpg,non_trigger,True,478
data\frames\non_trigger\WIN_20260322_11_36_38_Pro_f00068.jpg,non_trigger,True,478
data\frames\non_trigger\WIN_20260322_11_36_38_Pro_f00072.jpg,non_trigger,True,478
data\frames\non_trigger\WIN_20260322_11_36_38_Pro_f00076.jpg,non_trigger,True,478
data\frames\non_trigger\WIN_20260322_11_36_38_Pro_f00080.jpg,non_trigger,True,478
data\frames\non_trigger\WIN_20260322_11_36_38_Pro_f00084.jpg,non_trigger,True,478
data\frames\non_trigger\WIN_20260322_11_36_38_Pro_f00088.jpg,non_trigger,True,478
data\frames\non_trigger\WIN_20260322_11_36_38_Pro_f00092.jpg,non_trigger,True,478
data\frames\non_trigger\WIN_20260322_11_36_38_Pro_f00096.jpg,non_trigger,True,478
data\frames\non_trigger\WIN_20260322_11_36_38_Pro_f00100.jpg,non_trigger,True,478
data\frames\non_trigger\WIN_20260322_11_36_38_Pro_f00104.jpg,non_trigger,True,478
data\frames\non_trigger\WIN_20260322_11_36_38_Pro_f00108.jpg,non_trigger,True,478
data\frames\non_trigger\WIN_20260322_11_36_38_Pro_f00112.jpg,non_trigger,True,478
data\frames\non_trigger\WIN_20260322_11_36_38_Pro_f00116.jpg,non_trigger,True,478
data\frames\non_trigger\WIN_20260322_11_36_38_Pro_f00120.jpg,non_trigger,True,478
data\frames\non_trigger\WIN_20260322_11_36_38_Pro_f00124.jpg,non_trigger,True,478
data\frames\non_trigger\WIN_20260322_11_36_46_Pro_f00000.jpg,non_trigger,True,478
data\frames\non_trigger\WIN_20260322_11_36_46_Pro_f00004.jpg,non_trigger,True,478
data\frames\non_trigger\WIN_20260322_11_36_46_Pro_f00008.jpg,non_trigger,True,478
data\frames\non_trigger\WIN_20260322_11_36_46_Pro_f00012.jpg,non_trigger,True,478
data\frames\non_trigger\WIN_20260322_11_36_46_Pro_f00016.jpg,non_trigger,True,478
data\frames\non_trigger\WIN_20260322_11_36_46_Pro_f00020.jpg,non_trigger,True,478
data\frames\non_trigger\WIN_20260322_11_36_46_Pro_f00024.jpg,non_trigger,True,478
data\frames\non_trigger\WIN_20260322_11_36_46_Pro_f00028.jpg,non_trigger,True,478
data\frames\non_trigger\WIN_20260322_11_36_46_Pro_f00032.jpg,non_trigger,True,478
data\frames\non_trigger\WIN_20260322_11_36_46_Pro_f00036.jpg,non_trigger,True,478
data\frames\non_trigger\WIN_20260322_11_36_46_Pro_f00040.jpg,non_trigger,True,478
data\frames\non_trigger\WIN_20260322_11_36_46_Pro_f00044.jpg,non_trigger,True,478
data\frames\non_trigger\WIN_20260322_11_36_46_Pro_f00048.jpg,non_trigger,True,478
data\frames\non_trigger\WIN_20260322_11_36_46_Pro_f00052.jpg,non_trigger,True,478
data\frames\non_trigger\WIN_20260322_11_36_46_Pro_f00056.jpg,non_trigger,True,478
data\frames\non_trigger\WIN_20260322_11_36_46_Pro_f00060.jpg,non_trigger,True,478
data\frames\non_trigger\WIN_20260322_11_36_46_Pro_f00064.jpg,non_trigger,True,478
data\frames\non_trigger\WIN_20260322_11_36_46_Pro_f00068.jpg,non_trigger,True,478
data\frames\non_trigger\WIN_20260322_11_36_46_Pro_f00072.jpg,non_trigger,True,478
data\frames\non_trigger\WIN_20260322_11_36_46_Pro_f00076.jpg,non_trigger,True,478
data\frames\non_trigger\WIN_20260322_11_36_46_Pro_f00080.jpg,non_trigger,True,478
data\frames\non_trigger\WIN_20260322_11_36_46_Pro_f00084.jpg,non_trigger,True,478
data\frames\non_trigger\WIN_20260322_11_36_46_Pro_f00088.jpg,non_trigger,True,478
data\frames\non_trigger\WIN_20260322_11_36_46_Pro_f00092.jpg,non_trigger,True,478
data\frames\non_trigger\WIN_20260322_11_36_46_Pro_f00096.jpg,non_trigger,True,478
data\frames\non_trigger\WIN_20260322_11_36_46_Pro_f00100.jpg,non_trigger,True,478
data\frames\non_trigger\WIN_20260322_11_36_46_Pro_f00104.jpg,non_trigger,True,478
data\frames\non_trigger\WIN_20260322_11_36_46_Pro_f00108.jpg,non_trigger,True,478
data\frames\non_trigger\WIN_20260322_11_36_46_Pro_f00112.jpg,non_trigger,True,478
data\frames\non_trigger\WIN_20260322_11_36_46_Pro_f00116.jpg,non_trigger,True,478
data\frames\non_trigger\WIN_20260322_11_36_46_Pro_f00120.jpg,non_trigger,True,478
data\frames\non_trigger\WIN_20260322_11_36_46_Pro_f00124.jpg,non_trigger,True,478
data\frames\non_trigger\WIN_20260322_11_36_46_Pro_f00128.jpg,non_trigger,True,478
data\frames\non_trigger\WIN_20260322_11_36_46_Pro_f00132.jpg,non_trigger,True,478
data\frames\non_trigger\WIN_20260322_11_36_46_Pro_f00136.jpg,non_trigger,True,478
data\frames\non_trigger\WIN_20260322_11_37_00_Pro_f00000.jpg,non_trigger,True,478
data\frames\non_trigger\WIN_20260322_11_37_00_Pro_f00004.jpg,non_trigger,True,478
data\frames\non_trigger\WIN_20260322_11_37_00_Pro_f00008.jpg,non_trigger,True,478
data\frames\non_trigger\WIN_20260322_11_37_00_Pro_f00012.jpg,non_trigger,True,478
data\frames\non_trigger\WIN_20260322_11_37_00_Pro_f00016.jpg,non_trigger,True,478
data\frames\non_trigger\WIN_20260322_11_37_00_Pro_f00020.jpg,non_trigger,True,478
data\frames\non_trigger\WIN_20260322_11_37_00_Pro_f00024.jpg,non_trigger,True,478
data\frames\non_trigger\WIN_20260322_11_37_00_Pro_f00028.jpg,non_trigger,True,478
data\frames\non_trigger\WIN_20260322_11_37_00_Pro_f00032.jpg,non_trigger,True,478
data\frames\non_trigger\WIN_20260322_11_37_00_Pro_f00036.jpg,non_trigger,True,478
data\frames\non_trigger\WIN_20260322_11_37_00_Pro_f00040.jpg,non_trigger,True,478
data\frames\non_trigger\WIN_20260322_11_37_00_Pro_f00044.jpg,non_trigger,True,478
data\frames\non_trigger\WIN_20260322_11_37_00_Pro_f00048.jpg,non_trigger,False,0
data\frames\non_trigger\WIN_20260322_11_37_00_Pro_f00052.jpg,non_trigger,False,0
data\frames\non_trigger\WIN_20260322_11_37_00_Pro_f00056.jpg,non_trigger,False,0
data\frames\non_trigger\WIN_20260322_11_37_00_Pro_f00060.jpg,non_trigger,False,0
data\frames\non_trigger\WIN_20260322_11_37_00_Pro_f00064.jpg,non_trigger,False,0
data\frames\non_trigger\WIN_20260322_11_37_00_Pro_f00068.jpg,non_trigger,False,0
data\frames\non_trigger\WIN_20260322_11_37_00_Pro_f00072.jpg,non_trigger,False,0
data\frames\non_trigger\WIN_20260322_11_37_00_Pro_f00076.jpg,non_trigger,False,0
data\frames\non_trigger\WIN_20260322_11_37_00_Pro_f00080.jpg,non_trigger,False,0
data\frames\non_trigger\WIN_20260322_11_37_00_Pro_f00084.jpg,non_trigger,False,0
data\frames\non_trigger\WIN_20260322_11_37_00_Pro_f00088.jpg,non_trigger,False,0
data\frames\non_trigger\WIN_20260322_11_37_00_Pro_f00092.jpg,non_trigger,False,0
data\frames\non_trigger\WIN_20260322_11_37_00_Pro_f00096.jpg,non_trigger,False,0
data\frames\non_trigger\WIN_20260322_11_37_00_Pro_f00100.jpg,non_trigger,False,0
data\frames\non_trigger\WIN_20260322_11_37_00_Pro_f00104.jpg,non_trigger,False,0
data\frames\non_trigger\WIN_20260322_11_37_00_Pro_f00108.jpg,non_trigger,False,0
data\frames\non_trigger\WIN_20260322_11_37_00_Pro_f00112.jpg,non_trigger,False,0
data\frames\non_trigger\WIN_20260322_11_37_09_Pro_f00000.jpg,non_trigger,True,478
data\frames\non_trigger\WIN_20260322_11_37_09_Pro_f00004.jpg,non_trigger,True,478
data\frames\non_trigger\WIN_20260322_11_37_09_Pro_f00008.jpg,non_trigger,True,478
data\frames\non_trigger\WIN_20260322_11_37_09_Pro_f00012.jpg,non_trigger,True,478
data\frames\non_trigger\WIN_20260322_11_37_09_Pro_f00016.jpg,non_trigger,True,478
data\frames\non_trigger\WIN_20260322_11_37_09_Pro_f00020.jpg,non_trigger,True,478
data\frames\non_trigger\WIN_20260322_11_37_09_Pro_f00024.jpg,non_trigger,True,478
data\frames\non_trigger\WIN_20260322_11_37_09_Pro_f00028.jpg,non_trigger,True,478
data\frames\non_trigger\WIN_20260322_11_37_09_Pro_f00032.jpg,non_trigger,True,478
data\frames\non_trigger\WIN_20260322_11_37_09_Pro_f00036.jpg,non_trigger,True,478
data\frames\non_trigger\WIN_20260322_11_37_09_Pro_f00040.jpg,non_trigger,True,478
data\frames\non_trigger\WIN_20260322_11_37_09_Pro_f00044.jpg,non_trigger,True,478
data\frames\non_trigger\WIN_20260322_11_37_09_Pro_f00048.jpg,non_trigger,True,478
data\frames\non_trigger\WIN_20260322_11_37_09_Pro_f00052.jpg,non_trigger,True,478
data\frames\non_trigger\WIN_20260322_11_37_09_Pro_f00056.jpg,non_trigger,True,478
data\frames\non_trigger\WIN_20260322_11_37_09_Pro_f00060.jpg,non_trigger,True,478
data\frames\non_trigger\WIN_20260322_11_37_09_Pro_f00064.jpg,non_trigger,True,478
data\frames\non_trigger\WIN_20260322_11_37_09_Pro_f00068.jpg,non_trigger,True,478
data\frames\non_trigger\WIN_20260322_11_37_09_Pro_f00072.jpg,non_trigger,True,478
data\frames\non_trigger\WIN_20260322_11_37_09_Pro_f00076.jpg,non_trigger,True,478
data\frames\non_trigger\WIN_20260322_11_37_09_Pro_f00080.jpg,non_trigger,True,478
data\frames\non_trigger\WIN_20260322_11_37_09_Pro_f00084.jpg,non_trigger,True,478
data\frames\non_trigger\WIN_20260322_11_37_09_Pro_f00088.jpg,non_trigger,True,478
data\frames\non_trigger\WIN_20260322_11_37_09_Pro_f00092.jpg,non_trigger,True,478
data\frames\non_trigger\WIN_20260322_11_37_09_Pro_f00096.jpg,non_trigger,True,478
data\frames\non_trigger\WIN_20260322_11_37_09_Pro_f00100.jpg,non_trigger,True,478
data\frames\non_trigger\WIN_20260322_11_37_09_Pro_f00104.jpg,non_trigger,True,478
data\frames\non_trigger\WIN_20260322_11_37_09_Pro_f00108.jpg,non_trigger,True,478
data\frames\non_trigger\WIN_20260322_11_37_09_Pro_f00112.jpg,non_trigger,True,478
data\frames\non_trigger\WIN_20260322_11_37_09_Pro_f00116.jpg,non_trigger,True,478
data\frames\non_trigger\WIN_20260322_11_37_09_Pro_f00120.jpg,non_trigger,True,478
data\frames\non_trigger\WIN_20260322_11_37_09_Pro_f00124.jpg,non_trigger,True,478
data\frames\non_trigger\WIN_20260322_11_37_09_Pro_f00128.jpg,non_trigger,True,478
data\frames\non_trigger\WIN_20260322_11_37_09_Pro_f00132.jpg,non_trigger,True,478
data\frames\non_trigger\WIN_20260322_11_37_09_Pro_f00136.jpg,non_trigger,True,478
data\frames\non_trigger\WIN_20260322_11_37_09_Pro_f00140.jpg,non_trigger,True,478
data\frames\non_trigger\WIN_20260322_11_37_09_Pro_f00144.jpg,non_trigger,True,478
data\frames\non_trigger\WIN_20260322_11_37_09_Pro_f00148.jpg,non_trigger,True,478
data\frames\non_trigger\WIN_20260322_11_37_09_Pro_f00152.jpg,non_trigger,True,478
data\frames\non_trigger\WIN_20260322_11_37_09_Pro_f00156.jpg,non_trigger,True,478
data\frames\non_trigger\WIN_20260322_11_37_09_Pro_f00160.jpg,non_trigger,True,478
data\frames\non_trigger\WIN_20260322_11_37_09_Pro_f00164.jpg,non_trigger,True,478
data\frames\non_trigger\WIN_20260322_11_37_09_Pro_f00168.jpg,non_trigger,True,478
data\frames\non_trigger\WIN_20260322_11_37_09_Pro_f00172.jpg,non_trigger,True,478
data\frames\non_trigger\WIN_20260322_11_37_09_Pro_f00176.jpg,non_trigger,True,478
data\frames\non_trigger\WIN_20260322_11_37_09_Pro_f00180.jpg,non_trigger,True,478
data\frames\non_trigger\WIN_20260322_11_37_18_Pro_f00000.jpg,non_trigger,True,478
data\frames\non_trigger\WIN_20260322_11_37_18_Pro_f00004.jpg,non_trigger,True,478
data\frames\non_trigger\WIN_20260322_11_37_18_Pro_f00008.jpg,non_trigger,True,478
data\frames\non_trigger\WIN_20260322_11_37_18_Pro_f00012.jpg,non_trigger,True,478
data\frames\non_trigger\WIN_20260322_11_37_18_Pro_f00016.jpg,non_trigger,True,478
data\frames\non_trigger\WIN_20260322_11_37_18_Pro_f00020.jpg,non_trigger,False,0
data\frames\non_trigger\WIN_20260322_11_37_18_Pro_f00024.jpg,non_trigger,False,0
data\frames\non_trigger\WIN_20260322_11_37_18_Pro_f00028.jpg,non_trigger,False,0
data\frames\non_trigger\WIN_20260322_11_37_18_Pro_f00032.jpg,non_trigger,False,0
data\frames\non_trigger\WIN_20260322_11_37_18_Pro_f00036.jpg,non_trigger,False,0
data\frames\non_trigger\WIN_20260322_11_37_18_Pro_f00040.jpg,non_trigger,False,0
data\frames\non_trigger\WIN_20260322_11_37_18_Pro_f00044.jpg,non_trigger,False,0
data\frames\non_trigger\WIN_20260322_11_37_18_Pro_f00048.jpg,non_trigger,False,0
data\frames\non_trigger\WIN_20260322_11_37_18_Pro_f00052.jpg,non_trigger,False,0
data\frames\non_trigger\WIN_20260322_11_37_18_Pro_f00056.jpg,non_trigger,False,0
data\frames\non_trigger\WIN_20260322_11_37_18_Pro_f00060.jpg,non_trigger,False,0
data\frames\non_trigger\WIN_20260322_11_37_18_Pro_f00064.jpg,non_trigger,True,478
data\frames\non_trigger\WIN_20260322_11_37_18_Pro_f00068.jpg,non_trigger,True,478
data\frames\non_trigger\WIN_20260322_11_37_18_Pro_f00072.jpg,non_trigger,True,478
data\frames\non_trigger\WIN_20260322_11_37_18_Pro_f00076.jpg,non_trigger,True,478
data\frames\non_trigger\WIN_20260322_11_37_18_Pro_f00080.jpg,non_trigger,True,478
data\frames\non_trigger\WIN_20260322_11_37_18_Pro_f00084.jpg,non_trigger,True,478
data\frames\non_trigger\WIN_20260322_11_37_18_Pro_f00088.jpg,non_trigger,True,478
data\frames\non_trigger\WIN_20260322_11_37_18_Pro_f00092.jpg,non_trigger,True,478
data\frames\non_trigger\WIN_20260322_11_37_18_Pro_f00096.jpg,non_trigger,True,478
data\frames\non_trigger\WIN_20260322_11_37_18_Pro_f00100.jpg,non_trigger,True,478
data\frames\non_trigger\WIN_20260322_11_37_18_Pro_f00104.jpg,non_trigger,True,478
data\frames\non_trigger\WIN_20260322_11_37_18_Pro_f00108.jpg,non_trigger,True,478
data\frames\non_trigger\WIN_20260322_11_37_18_Pro_f00112.jpg,non_trigger,True,478
data\frames\non_trigger\WIN_20260322_11_37_18_Pro_f00116.jpg,non_trigger,True,478
data\frames\non_trigger\WIN_20260322_11_37_18_Pro_f00120.jpg,non_trigger,True,478
data\frames\non_trigger\WIN_20260322_11_37_18_Pro_f00124.jpg,non_trigger,True,478
data\frames\non_trigger\WIN_20260322_11_37_18_Pro_f00128.jpg,non_trigger,True,478
data\frames\non_trigger\WIN_20260322_11_37_18_Pro_f00132.jpg,non_trigger,True,478
data\frames\non_trigger\WIN_20260322_11_37_26_Pro_f00000.jpg,non_trigger,False,0
data\frames\non_trigger\WIN_20260322_11_37_26_Pro_f00004.jpg,non_trigger,False,0
data\frames\non_trigger\WIN_20260322_11_37_26_Pro_f00008.jpg,non_trigger,False,0
data\frames\non_trigger\WIN_20260322_11_37_26_Pro_f00012.jpg,non_trigger,False,0
data\frames\non_trigger\WIN_20260322_11_37_26_Pro_f00016.jpg,non_trigger,False,0
data\frames\non_trigger\WIN_20260322_11_37_26_Pro_f00020.jpg,non_trigger,False,0
data\frames\non_trigger\WIN_20260322_11_37_26_Pro_f00024.jpg,non_trigger,False,0
data\frames\non_trigger\WIN_20260322_11_37_26_Pro_f00028.jpg,non_trigger,False,0
data\frames\non_trigger\WIN_20260322_11_37_26_Pro_f00032.jpg,non_trigger,False,0
data\frames\non_trigger\WIN_20260322_11_37_26_Pro_f00036.jpg,non_trigger,False,0
data\frames\non_trigger\WIN_20260322_11_37_26_Pro_f00040.jpg,non_trigger,False,0
data\frames\non_trigger\WIN_20260322_11_37_26_Pro_f00044.jpg,non_trigger,True,478
data\frames\non_trigger\WIN_20260322_11_37_26_Pro_f00048.jpg,non_trigger,True,478
data\frames\non_trigger\WIN_20260322_11_37_26_Pro_f00052.jpg,non_trigger,True,478
data\frames\non_trigger\WIN_20260322_11_37_26_Pro_f00056.jpg,non_trigger,True,478
data\frames\non_trigger\WIN_20260322_11_37_26_Pro_f00060.jpg,non_trigger,True,478
data\frames\non_trigger\WIN_20260322_11_37_26_Pro_f00064.jpg,non_trigger,True,478
data\frames\non_trigger\WIN_20260322_11_37_26_Pro_f00068.jpg,non_trigger,True,478
data\frames\non_trigger\WIN_20260322_11_37_26_Pro_f00072.jpg,non_trigger,True,478
data\frames\non_trigger\WIN_20260322_11_37_26_Pro_f00076.jpg,non_trigger,True,478
data\frames\non_trigger\WIN_20260322_11_37_26_Pro_f00080.jpg,non_trigger,True,478
data\frames\non_trigger\WIN_20260322_11_37_26_Pro_f00084.jpg,non_trigger,True,478
data\frames\non_trigger\WIN_20260322_11_37_26_Pro_f00088.jpg,non_trigger,True,478
data\frames\non_trigger\WIN_20260322_11_37_26_Pro_f00092.jpg,non_trigger,True,478
data\frames\non_trigger\WIN_20260322_11_37_26_Pro_f00096.jpg,non_trigger,True,478
data\frames\non_trigger\WIN_20260322_11_37_26_Pro_f00100.jpg,non_trigger,True,478
data\frames\non_trigger\WIN_20260322_11_37_26_Pro_f00104.jpg,non_trigger,True,478
data\frames\non_trigger\WIN_20260322_11_37_26_Pro_f00108.jpg,non_trigger,True,478
data\frames\non_trigger\WIN_20260322_11_37_26_Pro_f00112.jpg,non_trigger,True,478
data\frames\non_trigger\WIN_20260322_11_37_26_Pro_f00116.jpg,non_trigger,True,478
data\frames\non_trigger\WIN_20260322_11_37_26_Pro_f00120.jpg,non_trigger,True,478
data\frames\non_trigger\WIN_20260322_11_37_26_Pro_f00124.jpg,non_trigger,True,478
data\frames\non_trigger\WIN_20260322_11_37_26_Pro_f00128.jpg,non_trigger,True,478
data\frames\non_trigger\WIN_20260322_11_42_40_Pro_f00000.jpg,non_trigger,True,478
data\frames\non_trigger\WIN_20260322_11_42_40_Pro_f00004.jpg,non_trigger,True,478
data\frames\non_trigger\WIN_20260322_11_42_40_Pro_f00008.jpg,non_trigger,True,478
data\frames\non_trigger\WIN_20260322_11_42_40_Pro_f00012.jpg,non_trigger,True,478
data\frames\non_trigger\WIN_20260322_11_42_40_Pro_f00016.jpg,non_trigger,True,478
data\frames\non_trigger\WIN_20260322_11_42_40_Pro_f00020.jpg,non_trigger,True,478
data\frames\non_trigger\WIN_20260322_11_42_40_Pro_f00024.jpg,non_trigger,True,478
data\frames\non_trigger\WIN_20260322_11_42_40_Pro_f00028.jpg,non_trigger,True,478
data\frames\non_trigger\WIN_20260322_11_42_40_Pro_f00032.jpg,non_trigger,True,478
data\frames\non_trigger\WIN_20260322_11_42_40_Pro_f00036.jpg,non_trigger,True,478
data\frames\non_trigger\WIN_20260322_11_42_40_Pro_f00040.jpg,non_trigger,True,478
data\frames\non_trigger\WIN_20260322_11_42_40_Pro_f00044.jpg,non_trigger,True,478
data\frames\non_trigger\WIN_20260322_11_42_40_Pro_f00048.jpg,non_trigger,True,478
data\frames\non_trigger\WIN_20260322_11_42_40_Pro_f00052.jpg,non_trigger,True,478
data\frames\non_trigger\WIN_20260322_11_42_40_Pro_f00056.jpg,non_trigger,True,478
data\frames\non_trigger\WIN_20260322_11_42_40_Pro_f00060.jpg,non_trigger,True,478
data\frames\non_trigger\WIN_20260322_11_42_40_Pro_f00064.jpg,non_trigger,True,478
data\frames\non_trigger\WIN_20260322_11_42_40_Pro_f00068.jpg,non_trigger,True,478
data\frames\non_trigger\WIN_20260322_11_42_40_Pro_f00072.jpg,non_trigger,True,478
data\frames\non_trigger\WIN_20260322_11_42_40_Pro_f00076.jpg,non_trigger,True,478
data\frames\non_trigger\WIN_20260322_11_42_40_Pro_f00080.jpg,non_trigger,True,478
data\frames\non_trigger\WIN_20260322_11_42_40_Pro_f00084.jpg,non_trigger,True,478
data\frames\non_trigger\WIN_20260322_11_42_40_Pro_f00088.jpg,non_trigger,True,478
data\frames\non_trigger\WIN_20260322_11_42_40_Pro_f00092.jpg,non_trigger,True,478
data\frames\non_trigger\WIN_20260322_11_42_40_Pro_f00096.jpg,non_trigger,True,478
data\frames\non_trigger\WIN_20260322_11_42_40_Pro_f00100.jpg,non_trigger,True,478
data\frames\non_trigger\WIN_20260322_11_42_40_Pro_f00104.jpg,non_trigger,True,478
data\frames\non_trigger\WIN_20260322_11_42_40_Pro_f00108.jpg,non_trigger,True,478
data\frames\non_trigger\WIN_20260322_11_42_40_Pro_f00112.jpg,non_trigger,True,478
data\frames\non_trigger\WIN_20260322_11_42_40_Pro_f00116.jpg,non_trigger,True,478
data\frames\non_trigger\WIN_20260322_11_42_48_Pro_f00000.jpg,non_trigger,True,478
data\frames\non_trigger\WIN_20260322_11_42_48_Pro_f00004.jpg,non_trigger,True,478
data\frames\non_trigger\WIN_20260322_11_42_48_Pro_f00008.jpg,non_trigger,True,478
data\frames\non_trigger\WIN_20260322_11_42_48_Pro_f00012.jpg,non_trigger,True,478
data\frames\non_trigger\WIN_20260322_11_42_48_Pro_f00016.jpg,non_trigger,True,478
data\frames\non_trigger\WIN_20260322_11_42_48_Pro_f00020.jpg,non_trigger,True,478
data\frames\non_trigger\WIN_20260322_11_42_48_Pro_f00024.jpg,non_trigger,True,478
data\frames\non_trigger\WIN_20260322_11_42_48_Pro_f00028.jpg,non_trigger,True,478
data\frames\non_trigger\WIN_20260322_11_42_48_Pro_f00032.jpg,non_trigger,True,478
data\frames\non_trigger\WIN_20260322_11_42_48_Pro_f00036.jpg,non_trigger,True,478
data\frames\non_trigger\WIN_20260322_11_42_48_Pro_f00040.jpg,non_trigger,True,478
data\frames\non_trigger\WIN_20260322_11_42_48_Pro_f00044.jpg,non_trigger,True,478
data\frames\non_trigger\WIN_20260322_11_42_48_Pro_f00048.jpg,non_trigger,True,478
data\frames\non_trigger\WIN_20260322_11_42_48_Pro_f00052.jpg,non_trigger,False,0
data\frames\non_trigger\WIN_20260322_11_42_48_Pro_f00056.jpg,non_trigger,False,0
data\frames\non_trigger\WIN_20260322_11_42_48_Pro_f00060.jpg,non_trigger,False,0
data\frames\non_trigger\WIN_20260322_11_42_48_Pro_f00064.jpg,non_trigger,False,0
data\frames\non_trigger\WIN_20260322_11_42_48_Pro_f00068.jpg,non_trigger,False,0
data\frames\non_trigger\WIN_20260322_11_42_48_Pro_f00072.jpg,non_trigger,False,0
data\frames\non_trigger\WIN_20260322_11_42_48_Pro_f00076.jpg,non_trigger,False,0
data\frames\non_trigger\WIN_20260322_11_42_48_Pro_f00080.jpg,non_trigger,False,0
data\frames\non_trigger\WIN_20260322_11_42_48_Pro_f00084.jpg,non_trigger,False,0
data\frames\non_trigger\WIN_20260322_11_42_48_Pro_f00088.jpg,non_trigger,False,0
data\frames\non_trigger\WIN_20260322_11_42_48_Pro_f00092.jpg,non_trigger,False,0
data\frames\non_trigger\WIN_20260322_11_42_48_Pro_f00096.jpg,non_trigger,True,478
data\frames\non_trigger\WIN_20260322_11_42_48_Pro_f00100.jpg,non_trigger,True,478
data\frames\non_trigger\WIN_20260322_11_42_48_Pro_f00104.jpg,non_trigger,True,478
data\frames\non_trigger\WIN_20260322_11_42_48_Pro_f00108.jpg,non_trigger,True,478
data\frames\non_trigger\WIN_20260322_11_42_48_Pro_f00112.jpg,non_trigger,True,478
data\frames\non_trigger\WIN_20260322_11_42_48_Pro_f00116.jpg,non_trigger,True,478
data\frames\non_trigger\WIN_20260322_11_42_48_Pro_f00120.jpg,non_trigger,True,478
data\frames\non_trigger\WIN_20260322_11_42_48_Pro_f00124.jpg,non_trigger,True,478
data\frames\non_trigger\WIN_20260322_11_42_48_Pro_f00128.jpg,non_trigger,True,478
data\frames\non_trigger\WIN_20260322_11_42_48_Pro_f00132.jpg,non_trigger,True,478
data\frames\non_trigger\WIN_20260322_11_42_48_Pro_f00136.jpg,non_trigger,True,478
data\frames\non_trigger\WIN_20260322_11_42_48_Pro_f00140.jpg,non_trigger,True,478
data\frames\non_trigger\WIN_20260322_11_42_48_Pro_f00144.jpg,non_trigger,True,478
data\frames\non_trigger\WIN_20260322_11_42_48_Pro_f00148.jpg,non_trigger,True,478
data\frames\non_trigger\WIN_20260322_11_42_48_Pro_f00152.jpg,non_trigger,True,478
data\frames\non_trigger\WIN_20260322_11_42_48_Pro_f00156.jpg,non_trigger,True,478
data\frames\non_trigger\WIN_20260322_11_42_48_Pro_f00160.jpg,non_trigger,True,478
data\frames\non_trigger\WIN_20260322_11_42_48_Pro_f00164.jpg,non_trigger,True,478
data\frames\non_trigger\WIN_20260322_11_42_48_Pro_f00168.jpg,non_trigger,True,478
data\frames\non_trigger\WIN_20260322_11_42_48_Pro_f00172.jpg,non_trigger,True,478
data\frames\non_trigger\WIN_20260322_11_42_48_Pro_f00176.jpg,non_trigger,False,0
data\frames\non_trigger\WIN_20260322_11_42_48_Pro_f00180.jpg,non_trigger,True,478
data\frames\non_trigger\WIN_20260322_11_42_48_Pro_f00184.jpg,non_trigger,True,478
data\frames\non_trigger\WIN_20260322_11_42_48_Pro_f00188.jpg,non_trigger,True,478
data\frames\non_trigger\WIN_20260322_11_42_48_Pro_f00192.jpg,non_trigger,True,478
data\frames\non_trigger\WIN_20260322_11_42_48_Pro_f00196.jpg,non_trigger,True,478
data\frames\non_trigger\WIN_20260322_11_42_48_Pro_f00200.jpg,non_trigger,True,478
data\frames\non_trigger\WIN_20260322_11_42_57_Pro_f00000.jpg,non_trigger,True,478
data\frames\non_trigger\WIN_20260322_11_42_57_Pro_f00004.jpg,non_trigger,True,478
data\frames\non_trigger\WIN_20260322_11_42_57_Pro_f00008.jpg,non_trigger,True,478
data\frames\non_trigger\WIN_20260322_11_42_57_Pro_f00012.jpg,non_trigger,True,478
data\frames\non_trigger\WIN_20260322_11_42_57_Pro_f00016.jpg,non_trigger,True,478
data\frames\non_trigger\WIN_20260322_11_42_57_Pro_f00020.jpg,non_trigger,True,478
data\frames\non_trigger\WIN_20260322_11_42_57_Pro_f00024.jpg,non_trigger,True,478
data\frames\non_trigger\WIN_20260322_11_42_57_Pro_f00028.jpg,non_trigger,True,478
data\frames\non_trigger\WIN_20260322_11_42_57_Pro_f00032.jpg,non_trigger,True,478
data\frames\non_trigger\WIN_20260322_11_42_57_Pro_f00036.jpg,non_trigger,True,478
data\frames\non_trigger\WIN_20260322_11_42_57_Pro_f00040.jpg,non_trigger,True,478
data\frames\non_trigger\WIN_20260322_11_42_57_Pro_f00044.jpg,non_trigger,True,478
data\frames\non_trigger\WIN_20260322_11_42_57_Pro_f00048.jpg,non_trigger,True,478
data\frames\non_trigger\WIN_20260322_11_42_57_Pro_f00052.jpg,non_trigger,True,478
data\frames\non_trigger\WIN_20260322_11_42_57_Pro_f00056.jpg,non_trigger,True,478
data\frames\non_trigger\WIN_20260322_11_42_57_Pro_f00060.jpg,non_trigger,True,478
data\frames\non_trigger\WIN_20260322_11_42_57_Pro_f00064.jpg,non_trigger,True,478
data\frames\non_trigger\WIN_20260322_11_42_57_Pro_f00068.jpg,non_trigger,True,478
data\frames\non_trigger\WIN_20260322_11_42_57_Pro_f00072.jpg,non_trigger,True,478
data\frames\non_trigger\WIN_20260322_11_42_57_Pro_f00076.jpg,non_trigger,True,478
data\frames\non_trigger\WIN_20260322_11_42_57_Pro_f00080.jpg,non_trigger,True,478
data\frames\non_trigger\WIN_20260322_11_42_57_Pro_f00084.jpg,non_trigger,True,478
data\frames\non_trigger\WIN_20260322_11_42_57_Pro_f00088.jpg,non_trigger,True,478
data\frames\non_trigger\WIN_20260322_11_42_57_Pro_f00092.jpg,non_trigger,True,478
data\frames\non_trigger\WIN_20260322_11_42_57_Pro_f00096.jpg,non_trigger,True,478
data\frames\non_trigger\WIN_20260322_11_42_57_Pro_f00100.jpg,non_trigger,True,478
data\frames\non_trigger\WIN_20260322_11_42_57_Pro_f00104.jpg,non_trigger,True,478
data\frames\non_trigger\WIN_20260322_11_42_57_Pro_f00108.jpg,non_trigger,True,478
data\frames\non_trigger\WIN_20260322_11_42_57_Pro_f00112.jpg,non_trigger,True,478
data\frames\non_trigger\WIN_20260322_11_42_57_Pro_f00116.jpg,non_trigger,True,478
data\frames\non_trigger\WIN_20260322_11_42_57_Pro_f00120.jpg,non_trigger,True,478
data\frames\non_trigger\WIN_20260322_11_42_57_Pro_f00124.jpg,non_trigger,True,478
data\frames\non_trigger\WIN_20260322_11_42_57_Pro_f00128.jpg,non_trigger,True,478
data\frames\non_trigger\WIN_20260322_11_42_57_Pro_f00132.jpg,non_trigger,True,478
data\frames\non_trigger\WIN_20260322_11_43_05_Pro_f00000.jpg,non_trigger,True,478
data\frames\non_trigger\WIN_20260322_11_43_05_Pro_f00004.jpg,non_trigger,True,478
data\frames\non_trigger\WIN_20260322_11_43_05_Pro_f00008.jpg,non_trigger,True,478
data\frames\non_trigger\WIN_20260322_11_43_05_Pro_f00012.jpg,non_trigger,True,478
data\frames\non_trigger\WIN_20260322_11_43_05_Pro_f00016.jpg,non_trigger,True,478
data\frames\non_trigger\WIN_20260322_11_43_05_Pro_f00020.jpg,non_trigger,True,478
data\frames\non_trigger\WIN_20260322_11_43_05_Pro_f00024.jpg,non_trigger,True,478
data\frames\non_trigger\WIN_20260322_11_43_05_Pro_f00028.jpg,non_trigger,True,478
data\frames\non_trigger\WIN_20260322_11_43_05_Pro_f00032.jpg,non_trigger,True,478
data\frames\non_trigger\WIN_20260322_11_43_05_Pro_f00036.jpg,non_trigger,True,478
data\frames\non_trigger\WIN_20260322_11_43_05_Pro_f00040.jpg,non_trigger,True,478
data\frames\non_trigger\WIN_20260322_11_43_05_Pro_f00044.jpg,non_trigger,True,478
data\frames\non_trigger\WIN_20260322_11_43_05_Pro_f00048.jpg,non_trigger,True,478
data\frames\non_trigger\WIN_20260322_11_43_05_Pro_f00052.jpg,non_trigger,True,478
data\frames\non_trigger\WIN_20260322_11_43_05_Pro_f00056.jpg,non_trigger,True,478
data\frames\non_trigger\WIN_20260322_11_43_05_Pro_f00060.jpg,non_trigger,True,478
data\frames\non_trigger\WIN_20260322_11_43_05_Pro_f00064.jpg,non_trigger,True,478
data\frames\non_trigger\WIN_20260322_11_43_05_Pro_f00068.jpg,non_trigger,True,478
data\frames\non_trigger\WIN_20260322_11_43_05_Pro_f00072.jpg,non_trigger,True,478
data\frames\non_trigger\WIN_20260322_11_43_05_Pro_f00076.jpg,non_trigger,True,478
data\frames\non_trigger\WIN_20260322_11_43_05_Pro_f00080.jpg,non_trigger,True,478
data\frames\non_trigger\WIN_20260322_11_43_05_Pro_f00084.jpg,non_trigger,True,478
data\frames\non_trigger\WIN_20260322_11_43_05_Pro_f00088.jpg,non_trigger,True,478
data\frames\non_trigger\WIN_20260322_11_43_05_Pro_f00092.jpg,non_trigger,True,478
data\frames\non_trigger\WIN_20260322_11_43_05_Pro_f00096.jpg,non_trigger,True,478
data\frames\non_trigger\WIN_20260322_11_43_05_Pro_f00100.jpg,non_trigger,True,478
data\frames\non_trigger\WIN_20260322_11_43_05_Pro_f00104.jpg,non_trigger,True,478
data\frames\non_trigger\WIN_20260322_11_43_05_Pro_f00108.jpg,non_trigger,True,478
data\frames\non_trigger\WIN_20260322_11_43_05_Pro_f00112.jpg,non_trigger,True,478
data\frames\non_trigger\WIN_20260322_11_43_05_Pro_f00116.jpg,non_trigger,True,478
data\frames\non_trigger\WIN_20260322_11_43_05_Pro_f00120.jpg,non_trigger,True,478
data\frames\non_trigger\WIN_20260322_11_43_05_Pro_f00124.jpg,non_trigger,True,478
data\frames\non_trigger\WIN_20260322_11_43_12_Pro_f00000.jpg,non_trigger,True,478
data\frames\non_trigger\WIN_20260322_11_43_12_Pro_f00004.jpg,non_trigger,True,478
data\frames\non_trigger\WIN_20260322_11_43_12_Pro_f00008.jpg,non_trigger,True,478
data\frames\non_trigger\WIN_20260322_11_43_12_Pro_f00012.jpg,non_trigger,True,478
data\frames\non_trigger\WIN_20260322_11_43_12_Pro_f00016.jpg,non_trigger,True,478
data\frames\non_trigger\WIN_20260322_11_43_12_Pro_f00020.jpg,non_trigger,True,478
data\frames\non_trigger\WIN_20260322_11_43_12_Pro_f00024.jpg,non_trigger,True,478
data\frames\non_trigger\WIN_20260322_11_43_12_Pro_f00028.jpg,non_trigger,True,478
data\frames\non_trigger\WIN_20260322_11_43_12_Pro_f00032.jpg,non_trigger,True,478
data\frames\non_trigger\WIN_20260322_11_43_12_Pro_f00036.jpg,non_trigger,True,478
data\frames\non_trigger\WIN_20260322_11_43_12_Pro_f00040.jpg,non_trigger,True,478
data\frames\non_trigger\WIN_20260322_11_43_12_Pro_f00044.jpg,non_trigger,True,478
data\frames\non_trigger\WIN_20260322_11_43_12_Pro_f00048.jpg,non_trigger,True,478
data\frames\non_trigger\WIN_20260322_11_43_12_Pro_f00052.jpg,non_trigger,True,478
data\frames\non_trigger\WIN_20260322_11_43_12_Pro_f00056.jpg,non_trigger,True,478
data\frames\non_trigger\WIN_20260322_11_43_12_Pro_f00060.jpg,non_trigger,True,478
data\frames\non_trigger\WIN_20260322_11_43_12_Pro_f00064.jpg,non_trigger,True,478
data\frames\non_trigger\WIN_20260322_11_43_12_Pro_f00068.jpg,non_trigger,True,478
data\frames\non_trigger\WIN_20260322_11_43_12_Pro_f00072.jpg,non_trigger,True,478
data\frames\non_trigger\WIN_20260322_11_43_12_Pro_f00076.jpg,non_trigger,True,478
data\frames\non_trigger\WIN_20260322_11_43_12_Pro_f00080.jpg,non_trigger,True,478
data\frames\non_trigger\WIN_20260322_11_43_12_Pro_f00084.jpg,non_trigger,True,478
data\frames\non_trigger\WIN_20260322_11_43_12_Pro_f00088.jpg,non_trigger,True,478
data\frames\non_trigger\WIN_20260322_11_43_12_Pro_f00092.jpg,non_trigger,True,478
data\frames\non_trigger\WIN_20260322_11_43_12_Pro_f00096.jpg,non_trigger,True,478
data\frames\non_trigger\WIN_20260322_11_43_12_Pro_f00100.jpg,non_trigger,True,478
data\frames\non_trigger\WIN_20260322_11_43_12_Pro_f00104.jpg,non_trigger,True,478
data\frames\non_trigger\WIN_20260322_11_43_12_Pro_f00108.jpg,non_trigger,True,478
data\frames\non_trigger\WIN_20260322_11_43_12_Pro_f00112.jpg,non_trigger,True,478
data\frames\non_trigger\WIN_20260322_11_43_12_Pro_f00116.jpg,non_trigger,True,478
data\frames\non_trigger\WIN_20260322_11_43_12_Pro_f00120.jpg,non_trigger,True,478
data\frames\non_trigger\WIN_20260322_11_43_12_Pro_f00124.jpg,non_trigger,True,478
data\frames\non_trigger\WIN_20260322_11_43_12_Pro_f00128.jpg,non_trigger,True,478
data\frames\non_trigger\WIN_20260322_11_43_12_Pro_f00132.jpg,non_trigger,True,478
data\frames\non_trigger\WIN_20260322_11_43_12_Pro_f00136.jpg,non_trigger,True,478
data\frames\non_trigger\WIN_20260322_11_43_12_Pro_f00140.jpg,non_trigger,True,478
data\frames\non_trigger\WIN_20260322_11_43_12_Pro_f00144.jpg,non_trigger,True,478
data\frames\non_trigger\WIN_20260322_11_43_12_Pro_f00148.jpg,non_trigger,True,478
data\frames\non_trigger\WIN_20260322_11_43_12_Pro_f00152.jpg,non_trigger,True,478
data\frames\non_trigger\WIN_20260322_11_43_12_Pro_f00156.jpg,non_trigger,True,478
data\frames\non_trigger\WIN_20260322_11_43_12_Pro_f00160.jpg,non_trigger,True,478
data\frames\non_trigger\WIN_20260322_11_43_12_Pro_f00164.jpg,non_trigger,True,478
data\frames\non_trigger\WIN_20260322_11_43_12_Pro_f00168.jpg,non_trigger,True,478
data\frames\non_trigger\WIN_20260322_11_43_24_Pro_f00000.jpg,non_trigger,True,478
data\frames\non_trigger\WIN_20260322_11_43_24_Pro_f00004.jpg,non_trigger,True,478
data\frames\non_trigger\WIN_20260322_11_43_24_Pro_f00008.jpg,non_trigger,True,478
data\frames\non_trigger\WIN_20260322_11_43_24_Pro_f00012.jpg,non_trigger,True,478
data\frames\non_trigger\WIN_20260322_11_43_24_Pro_f00016.jpg,non_trigger,True,478
data\frames\non_trigger\WIN_20260322_11_43_24_Pro_f00020.jpg,non_trigger,True,478
data\frames\non_trigger\WIN_20260322_11_43_24_Pro_f00024.jpg,non_trigger,True,478
data\frames\non_trigger\WIN_20260322_11_43_24_Pro_f00028.jpg,non_trigger,True,478
data\frames\non_trigger\WIN_20260322_11_43_24_Pro_f00032.jpg,non_trigger,True,478
data\frames\non_trigger\WIN_20260322_11_43_24_Pro_f00036.jpg,non_trigger,True,478
data\frames\non_trigger\WIN_20260322_11_43_24_Pro_f00040.jpg,non_trigger,True,478
data\frames\non_trigger\WIN_20260322_11_43_24_Pro_f00044.jpg,non_trigger,True,478
data\frames\non_trigger\WIN_20260322_11_43_24_Pro_f00048.jpg,non_trigger,True,478
data\frames\non_trigger\WIN_20260322_11_43_24_Pro_f00052.jpg,non_trigger,True,478
data\frames\non_trigger\WIN_20260322_11_43_24_Pro_f00056.jpg,non_trigger,True,478
data\frames\non_trigger\WIN_20260322_11_43_24_Pro_f00060.jpg,non_trigger,True,478
data\frames\non_trigger\WIN_20260322_11_43_24_Pro_f00064.jpg,non_trigger,True,478
data\frames\non_trigger\WIN_20260322_11_43_24_Pro_f00068.jpg,non_trigger,True,478
data\frames\non_trigger\WIN_20260322_11_43_24_Pro_f00072.jpg,non_trigger,True,478
data\frames\non_trigger\WIN_20260322_11_43_24_Pro_f00076.jpg,non_trigger,True,478
data\frames\non_trigger\WIN_20260322_11_43_24_Pro_f00080.jpg,non_trigger,True,478
data\frames\non_trigger\WIN_20260322_11_43_24_Pro_f00084.jpg,non_trigger,True,478
data\frames\non_trigger\WIN_20260322_11_43_24_Pro_f00088.jpg,non_trigger,True,478
data\frames\non_trigger\WIN_20260322_11_43_24_Pro_f00092.jpg,non_trigger,True,478
data\frames\non_trigger\WIN_20260322_11_43_24_Pro_f00096.jpg,non_trigger,True,478
data\frames\non_trigger\WIN_20260322_11_43_24_Pro_f00100.jpg,non_trigger,True,478
data\frames\non_trigger\WIN_20260322_11_43_24_Pro_f00104.jpg,non_trigger,True,478
data\frames\non_trigger\WIN_20260322_11_43_24_Pro_f00108.jpg,non_trigger,True,478
data\frames\non_trigger\WIN_20260322_11_43_24_Pro_f00112.jpg,non_trigger,True,478
data\frames\non_trigger\WIN_20260322_11_43_24_Pro_f00116.jpg,non_trigger,True,478
data\frames\non_trigger\WIN_20260322_11_43_24_Pro_f00120.jpg,non_trigger,True,478
data\frames\non_trigger\WIN_20260322_11_43_31_Pro_f00000.jpg,non_trigger,False,0
data\frames\non_trigger\WIN_20260322_11_43_31_Pro_f00004.jpg,non_trigger,False,0
data\frames\non_trigger\WIN_20260322_11_43_31_Pro_f00008.jpg,non_trigger,True,478
data\frames\non_trigger\WIN_20260322_11_43_31_Pro_f00012.jpg,non_trigger,True,478
data\frames\non_trigger\WIN_20260322_11_43_31_Pro_f00016.jpg,non_trigger,True,478
data\frames\non_trigger\WIN_20260322_11_43_31_Pro_f00020.jpg,non_trigger,True,478
data\frames\non_trigger\WIN_20260322_11_43_31_Pro_f00024.jpg,non_trigger,True,478
data\frames\non_trigger\WIN_20260322_11_43_31_Pro_f00028.jpg,non_trigger,True,478
data\frames\non_trigger\WIN_20260322_11_43_31_Pro_f00032.jpg,non_trigger,True,478
data\frames\non_trigger\WIN_20260322_11_43_31_Pro_f00036.jpg,non_trigger,True,478
data\frames\non_trigger\WIN_20260322_11_43_31_Pro_f00040.jpg,non_trigger,True,478
data\frames\non_trigger\WIN_20260322_11_43_31_Pro_f00044.jpg,non_trigger,True,478
data\frames\non_trigger\WIN_20260322_11_43_31_Pro_f00048.jpg,non_trigger,True,478
data\frames\non_trigger\WIN_20260322_11_43_31_Pro_f00052.jpg,non_trigger,True,478
data\frames\non_trigger\WIN_20260322_11_43_31_Pro_f00056.jpg,non_trigger,True,478
data\frames\non_trigger\WIN_20260322_11_43_31_Pro_f00060.jpg,non_trigger,True,478
data\frames\non_trigger\WIN_20260322_11_43_31_Pro_f00064.jpg,non_trigger,True,478
data\frames\non_trigger\WIN_20260322_11_43_31_Pro_f00068.jpg,non_trigger,True,478
data\frames\non_trigger\WIN_20260322_11_43_31_Pro_f00072.jpg,non_trigger,True,478
data\frames\non_trigger\WIN_20260322_11_43_31_Pro_f00076.jpg,non_trigger,True,478
data\frames\non_trigger\WIN_20260322_11_43_31_Pro_f00080.jpg,non_trigger,True,478
data\frames\non_trigger\WIN_20260322_11_43_31_Pro_f00084.jpg,non_trigger,True,478
data\frames\non_trigger\WIN_20260322_11_43_31_Pro_f00088.jpg,non_trigger,True,478
data\frames\non_trigger\WIN_20260322_11_43_31_Pro_f00092.jpg,non_trigger,True,478
data\frames\non_trigger\WIN_20260322_11_43_31_Pro_f00096.jpg,non_trigger,True,478
data\frames\non_trigger\WIN_20260322_11_43_31_Pro_f00100.jpg,non_trigger,True,478
data\frames\non_trigger\WIN_20260322_11_43_31_Pro_f00104.jpg,non_trigger,True,478
data\frames\non_trigger\WIN_20260322_11_43_39_Pro_f00000.jpg,non_trigger,True,478
data\frames\non_trigger\WIN_20260322_11_43_39_Pro_f00004.jpg,non_trigger,True,478
data\frames\non_trigger\WIN_20260322_11_43_39_Pro_f00008.jpg,non_trigger,True,478
data\frames\non_trigger\WIN_20260322_11_43_39_Pro_f00012.jpg,non_trigger,True,478
data\frames\non_trigger\WIN_20260322_11_43_39_Pro_f00016.jpg,non_trigger,True,478
data\frames\non_trigger\WIN_20260322_11_43_39_Pro_f00020.jpg,non_trigger,True,478
data\frames\non_trigger\WIN_20260322_11_43_39_Pro_f00024.jpg,non_trigger,True,478
data\frames\non_trigger\WIN_20260322_11_43_39_Pro_f00028.jpg,non_trigger,True,478
data\frames\non_trigger\WIN_20260322_11_43_39_Pro_f00032.jpg,non_trigger,True,478
data\frames\non_trigger\WIN_20260322_11_43_39_Pro_f00036.jpg,non_trigger,True,478
data\frames\non_trigger\WIN_20260322_11_43_39_Pro_f00040.jpg,non_trigger,True,478
data\frames\non_trigger\WIN_20260322_11_43_39_Pro_f00044.jpg,non_trigger,True,478
data\frames\non_trigger\WIN_20260322_11_43_39_Pro_f00048.jpg,non_trigger,True,478
data\frames\non_trigger\WIN_20260322_11_43_39_Pro_f00052.jpg,non_trigger,True,478
data\frames\non_trigger\WIN_20260322_11_43_39_Pro_f00056.jpg,non_trigger,False,0
data\frames\non_trigger\WIN_20260322_11_43_39_Pro_f00060.jpg,non_trigger,False,0
data\frames\non_trigger\WIN_20260322_11_43_39_Pro_f00064.jpg,non_trigger,False,0
data\frames\non_trigger\WIN_20260322_11_43_39_Pro_f00068.jpg,non_trigger,False,0
data\frames\non_trigger\WIN_20260322_11_43_39_Pro_f00072.jpg,non_trigger,False,0
data\frames\non_trigger\WIN_20260322_11_43_39_Pro_f00076.jpg,non_trigger,False,0
data\frames\non_trigger\WIN_20260322_11_43_39_Pro_f00080.jpg,non_trigger,True,478
data\frames\non_trigger\WIN_20260322_11_43_39_Pro_f00084.jpg,non_trigger,True,478
data\frames\non_trigger\WIN_20260322_11_43_39_Pro_f00088.jpg,non_trigger,True,478
data\frames\non_trigger\WIN_20260322_11_43_39_Pro_f00092.jpg,non_trigger,True,478
data\frames\non_trigger\WIN_20260322_11_43_39_Pro_f00096.jpg,non_trigger,True,478
data\frames\non_trigger\WIN_20260322_11_43_39_Pro_f00100.jpg,non_trigger,True,478
data\frames\non_trigger\WIN_20260322_11_46_24_Pro_f00000.jpg,non_trigger,True,478
data\frames\non_trigger\WIN_20260322_11_46_24_Pro_f00004.jpg,non_trigger,True,478
data\frames\non_trigger\WIN_20260322_11_46_24_Pro_f00008.jpg,non_trigger,True,478
data\frames\non_trigger\WIN_20260322_11_46_24_Pro_f00012.jpg,non_trigger,True,478
data\frames\non_trigger\WIN_20260322_11_46_24_Pro_f00016.jpg,non_trigger,True,478
data\frames\non_trigger\WIN_20260322_11_46_24_Pro_f00020.jpg,non_trigger,True,478
data\frames\non_trigger\WIN_20260322_11_46_24_Pro_f00024.jpg,non_trigger,True,478
data\frames\non_trigger\WIN_20260322_11_46_24_Pro_f00028.jpg,non_trigger,True,478
data\frames\non_trigger\WIN_20260322_11_46_24_Pro_f00032.jpg,non_trigger,True,478
data\frames\non_trigger\WIN_20260322_11_46_24_Pro_f00036.jpg,non_trigger,True,478
data\frames\non_trigger\WIN_20260322_11_46_24_Pro_f00040.jpg,non_trigger,True,478
data\frames\non_trigger\WIN_20260322_11_46_24_Pro_f00044.jpg,non_trigger,False,0
data\frames\non_trigger\WIN_20260322_11_46_24_Pro_f00048.jpg,non_trigger,True,478
data\frames\non_trigger\WIN_20260322_11_46_24_Pro_f00052.jpg,non_trigger,True,478
data\frames\non_trigger\WIN_20260322_11_46_24_Pro_f00056.jpg,non_trigger,True,478
data\frames\non_trigger\WIN_20260322_11_46_24_Pro_f00060.jpg,non_trigger,True,478
data\frames\non_trigger\WIN_20260322_11_46_24_Pro_f00064.jpg,non_trigger,True,478
data\frames\non_trigger\WIN_20260322_11_46_24_Pro_f00068.jpg,non_trigger,True,478
data\frames\non_trigger\WIN_20260322_11_46_24_Pro_f00072.jpg,non_trigger,True,478
data\frames\non_trigger\WIN_20260322_11_46_24_Pro_f00076.jpg,non_trigger,True,478
data\frames\non_trigger\WIN_20260322_11_46_24_Pro_f00080.jpg,non_trigger,True,478
data\frames\non_trigger\WIN_20260322_11_46_24_Pro_f00084.jpg,non_trigger,True,478
data\frames\non_trigger\WIN_20260322_11_46_24_Pro_f00088.jpg,non_trigger,True,478
data\frames\non_trigger\WIN_20260322_11_46_24_Pro_f00092.jpg,non_trigger,True,478
data\frames\non_trigger\WIN_20260322_11_46_24_Pro_f00096.jpg,non_trigger,True,478
data\frames\non_trigger\WIN_20260322_11_46_24_Pro_f00100.jpg,non_trigger,True,478
data\frames\non_trigger\WIN_20260322_11_46_24_Pro_f00104.jpg,non_trigger,True,478
data\frames\non_trigger\WIN_20260322_11_46_24_Pro_f00108.jpg,non_trigger,True,478
data\frames\non_trigger\WIN_20260322_11_46_24_Pro_f00112.jpg,non_trigger,True,478
data\frames\non_trigger\WIN_20260322_11_46_24_Pro_f00116.jpg,non_trigger,True,478
data\frames\non_trigger\WIN_20260322_11_46_24_Pro_f00120.jpg,non_trigger,True,478
data\frames\non_trigger\WIN_20260322_11_46_24_Pro_f00124.jpg,non_trigger,True,478
data\frames\non_trigger\WIN_20260322_11_46_24_Pro_f00128.jpg,non_trigger,True,478
data\frames\non_trigger\WIN_20260322_11_46_24_Pro_f00132.jpg,non_trigger,True,478
data\frames\non_trigger\WIN_20260322_11_46_24_Pro_f00136.jpg,non_trigger,True,478
data\frames\non_trigger\WIN_20260322_11_46_24_Pro_f00140.jpg,non_trigger,True,478
data\frames\non_trigger\WIN_20260322_11_46_24_Pro_f00144.jpg,non_trigger,True,478
data\frames\non_trigger\WIN_20260322_11_46_24_Pro_f00148.jpg,non_trigger,True,478
data\frames\non_trigger\WIN_20260322_11_46_24_Pro_f00152.jpg,non_trigger,True,478
data\frames\non_trigger\WIN_20260322_11_46_33_Pro_f00000.jpg,non_trigger,True,478
data\frames\non_trigger\WIN_20260322_11_46_33_Pro_f00004.jpg,non_trigger,True,478
data\frames\non_trigger\WIN_20260322_11_46_33_Pro_f00008.jpg,non_trigger,True,478
data\frames\non_trigger\WIN_20260322_11_46_33_Pro_f00012.jpg,non_trigger,True,478
data\frames\non_trigger\WIN_20260322_11_46_33_Pro_f00016.jpg,non_trigger,True,478
data\frames\non_trigger\WIN_20260322_11_46_33_Pro_f00020.jpg,non_trigger,True,478
data\frames\non_trigger\WIN_20260322_11_46_33_Pro_f00024.jpg,non_trigger,True,478
data\frames\non_trigger\WIN_20260322_11_46_33_Pro_f00028.jpg,non_trigger,True,478
data\frames\non_trigger\WIN_20260322_11_46_33_Pro_f00032.jpg,non_trigger,True,478
data\frames\non_trigger\WIN_20260322_11_46_33_Pro_f00036.jpg,non_trigger,True,478
data\frames\non_trigger\WIN_20260322_11_46_33_Pro_f00040.jpg,non_trigger,True,478
data\frames\non_trigger\WIN_20260322_11_46_33_Pro_f00044.jpg,non_trigger,True,478
data\frames\non_trigger\WIN_20260322_11_46_33_Pro_f00048.jpg,non_trigger,True,478
data\frames\non_trigger\WIN_20260322_11_46_33_Pro_f00052.jpg,non_trigger,True,478
data\frames\non_trigger\WIN_20260322_11_46_33_Pro_f00056.jpg,non_trigger,True,478
data\frames\non_trigger\WIN_20260322_11_46_33_Pro_f00060.jpg,non_trigger,True,478
data\frames\non_trigger\WIN_20260322_11_46_33_Pro_f00064.jpg,non_trigger,True,478
data\frames\non_trigger\WIN_20260322_11_46_33_Pro_f00068.jpg,non_trigger,False,0
data\frames\non_trigger\WIN_20260322_11_46_33_Pro_f00072.jpg,non_trigger,True,478
data\frames\non_trigger\WIN_20260322_11_46_33_Pro_f00076.jpg,non_trigger,True,478
data\frames\non_trigger\WIN_20260322_11_46_33_Pro_f00080.jpg,non_trigger,True,478
data\frames\non_trigger\WIN_20260322_11_46_33_Pro_f00084.jpg,non_trigger,True,478
data\frames\non_trigger\WIN_20260322_11_46_33_Pro_f00088.jpg,non_trigger,True,478
data\frames\non_trigger\WIN_20260322_11_46_33_Pro_f00092.jpg,non_trigger,True,478
data\frames\non_trigger\WIN_20260322_11_46_33_Pro_f00096.jpg,non_trigger,True,478
data\frames\non_trigger\WIN_20260322_11_46_33_Pro_f00100.jpg,non_trigger,True,478
data\frames\non_trigger\WIN_20260322_11_46_33_Pro_f00104.jpg,non_trigger,True,478
data\frames\non_trigger\WIN_20260322_11_46_33_Pro_f00108.jpg,non_trigger,True,478
data\frames\non_trigger\WIN_20260322_11_46_33_Pro_f00112.jpg,non_trigger,True,478
data\frames\non_trigger\WIN_20260322_11_46_33_Pro_f00116.jpg,non_trigger,True,478
data\frames\non_trigger\WIN_20260322_11_46_33_Pro_f00120.jpg,non_trigger,True,478
data\frames\non_trigger\WIN_20260322_11_46_33_Pro_f00124.jpg,non_trigger,True,478
data\frames\non_trigger\WIN_20260322_11_46_33_Pro_f00128.jpg,non_trigger,True,478
data\frames\non_trigger\WIN_20260322_11_46_33_Pro_f00132.jpg,non_trigger,True,478
data\frames\non_trigger\WIN_20260322_11_46_33_Pro_f00136.jpg,non_trigger,True,478
data\frames\non_trigger\WIN_20260322_11_46_33_Pro_f00140.jpg,non_trigger,True,478
data\frames\non_trigger\WIN_20260322_11_46_33_Pro_f00144.jpg,non_trigger,True,478
data\frames\non_trigger\WIN_20260322_11_46_33_Pro_f00148.jpg,non_trigger,True,478
data\frames\non_trigger\WIN_20260322_11_46_33_Pro_f00152.jpg,non_trigger,True,478
data\frames\non_trigger\WIN_20260322_11_46_33_Pro_f00156.jpg,non_trigger,True,478
data\frames\non_trigger\WIN_20260322_11_46_33_Pro_f00160.jpg,non_trigger,True,478
data\frames\non_trigger\WIN_20260322_11_46_33_Pro_f00164.jpg,non_trigger,True,478
data\frames\non_trigger\WIN_20260322_11_46_33_Pro_f00168.jpg,non_trigger,True,478
data\frames\non_trigger\WIN_20260322_11_46_33_Pro_f00172.jpg,non_trigger,True,478
data\frames\non_trigger\WIN_20260322_11_46_43_Pro_f00000.jpg,non_trigger,True,478
data\frames\non_trigger\WIN_20260322_11_46_43_Pro_f00004.jpg,non_trigger,True,478
data\frames\non_trigger\WIN_20260322_11_46_43_Pro_f00008.jpg,non_trigger,True,478
data\frames\non_trigger\WIN_20260322_11_46_43_Pro_f00012.jpg,non_trigger,True,478
data\frames\non_trigger\WIN_20260322_11_46_43_Pro_f00016.jpg,non_trigger,True,478
data\frames\non_trigger\WIN_20260322_11_46_43_Pro_f00020.jpg,non_trigger,True,478
data\frames\non_trigger\WIN_20260322_11_46_43_Pro_f00024.jpg,non_trigger,True,478
data\frames\non_trigger\WIN_20260322_11_46_43_Pro_f00028.jpg,non_trigger,True,478
data\frames\non_trigger\WIN_20260322_11_46_43_Pro_f00032.jpg,non_trigger,True,478
data\frames\non_trigger\WIN_20260322_11_46_43_Pro_f00036.jpg,non_trigger,True,478
data\frames\non_trigger\WIN_20260322_11_46_43_Pro_f00040.jpg,non_trigger,True,478
data\frames\non_trigger\WIN_20260322_11_46_43_Pro_f00044.jpg,non_trigger,True,478
data\frames\non_trigger\WIN_20260322_11_46_43_Pro_f00048.jpg,non_trigger,True,478
data\frames\non_trigger\WIN_20260322_11_46_43_Pro_f00052.jpg,non_trigger,True,478
data\frames\non_trigger\WIN_20260322_11_46_43_Pro_f00056.jpg,non_trigger,True,478
data\frames\non_trigger\WIN_20260322_11_46_43_Pro_f00060.jpg,non_trigger,True,478
data\frames\non_trigger\WIN_20260322_11_46_43_Pro_f00064.jpg,non_trigger,True,478
data\frames\non_trigger\WIN_20260322_11_46_43_Pro_f00068.jpg,non_trigger,True,478
data\frames\non_trigger\WIN_20260322_11_46_43_Pro_f00072.jpg,non_trigger,True,478
data\frames\non_trigger\WIN_20260322_11_46_43_Pro_f00076.jpg,non_trigger,True,478
data\frames\non_trigger\WIN_20260322_11_46_43_Pro_f00080.jpg,non_trigger,True,478
data\frames\non_trigger\WIN_20260322_11_46_43_Pro_f00084.jpg,non_trigger,True,478
data\frames\non_trigger\WIN_20260322_11_46_43_Pro_f00088.jpg,non_trigger,True,478
data\frames\non_trigger\WIN_20260322_11_46_43_Pro_f00092.jpg,non_trigger,True,478
data\frames\non_trigger\WIN_20260322_11_46_43_Pro_f00096.jpg,non_trigger,True,478
data\frames\non_trigger\WIN_20260322_11_46_43_Pro_f00100.jpg,non_trigger,True,478
data\frames\non_trigger\WIN_20260322_11_46_43_Pro_f00104.jpg,non_trigger,True,478
data\frames\non_trigger\WIN_20260322_11_46_43_Pro_f00108.jpg,non_trigger,True,478
data\frames\non_trigger\WIN_20260322_11_46_43_Pro_f00112.jpg,non_trigger,True,478
data\frames\non_trigger\WIN_20260322_11_46_43_Pro_f00116.jpg,non_trigger,True,478
data\frames\non_trigger\WIN_20260322_11_46_43_Pro_f00120.jpg,non_trigger,True,478
data\frames\non_trigger\WIN_20260322_11_46_43_Pro_f00124.jpg,non_trigger,True,478
data\frames\non_trigger\WIN_20260322_11_46_43_Pro_f00128.jpg,non_trigger,True,478
data\frames\non_trigger\WIN_20260322_11_46_43_Pro_f00132.jpg,non_trigger,True,478
data\frames\non_trigger\WIN_20260322_11_46_43_Pro_f00136.jpg,non_trigger,True,478
data\frames\non_trigger\WIN_20260322_11_46_43_Pro_f00140.jpg,non_trigger,True,478
data\frames\non_trigger\WIN_20260322_11_46_43_Pro_f00144.jpg,non_trigger,True,478
data\frames\non_trigger\WIN_20260322_11_46_43_Pro_f00148.jpg,non_trigger,True,478
data\frames\non_trigger\WIN_20260322_11_46_43_Pro_f00152.jpg,non_trigger,True,478
data\frames\non_trigger\WIN_20260322_11_46_53_Pro_f00000.jpg,non_trigger,False,0
data\frames\non_trigger\WIN_20260322_11_46_53_Pro_f00004.jpg,non_trigger,True,478
data\frames\non_trigger\WIN_20260322_11_46_53_Pro_f00008.jpg,non_trigger,True,478
data\frames\non_trigger\WIN_20260322_11_46_53_Pro_f00012.jpg,non_trigger,True,478
data\frames\non_trigger\WIN_20260322_11_46_53_Pro_f00016.jpg,non_trigger,True,478
data\frames\non_trigger\WIN_20260322_11_46_53_Pro_f00020.jpg,non_trigger,True,478
data\frames\non_trigger\WIN_20260322_11_46_53_Pro_f00024.jpg,non_trigger,False,0
data\frames\non_trigger\WIN_20260322_11_46_53_Pro_f00028.jpg,non_trigger,False,0
data\frames\non_trigger\WIN_20260322_11_46_53_Pro_f00032.jpg,non_trigger,False,0
data\frames\non_trigger\WIN_20260322_11_46_53_Pro_f00036.jpg,non_trigger,False,0
data\frames\non_trigger\WIN_20260322_11_46_53_Pro_f00040.jpg,non_trigger,True,478
data\frames\non_trigger\WIN_20260322_11_46_53_Pro_f00044.jpg,non_trigger,True,478
data\frames\non_trigger\WIN_20260322_11_46_53_Pro_f00048.jpg,non_trigger,True,478
data\frames\non_trigger\WIN_20260322_11_46_53_Pro_f00052.jpg,non_trigger,True,478
data\frames\non_trigger\WIN_20260322_11_46_53_Pro_f00056.jpg,non_trigger,True,478
data\frames\non_trigger\WIN_20260322_11_46_53_Pro_f00060.jpg,non_trigger,True,478
data\frames\non_trigger\WIN_20260322_11_46_53_Pro_f00064.jpg,non_trigger,True,478
data\frames\non_trigger\WIN_20260322_11_46_53_Pro_f00068.jpg,non_trigger,True,478
data\frames\non_trigger\WIN_20260322_11_46_53_Pro_f00072.jpg,non_trigger,True,478
data\frames\non_trigger\WIN_20260322_11_46_53_Pro_f00076.jpg,non_trigger,True,478
data\frames\non_trigger\WIN_20260322_11_46_53_Pro_f00080.jpg,non_trigger,True,478
data\frames\non_trigger\WIN_20260322_11_46_53_Pro_f00084.jpg,non_trigger,True,478
data\frames\non_trigger\WIN_20260322_11_46_53_Pro_f00088.jpg,non_trigger,True,478
data\frames\non_trigger\WIN_20260322_11_46_53_Pro_f00092.jpg,non_trigger,True,478
data\frames\non_trigger\WIN_20260322_11_46_53_Pro_f00096.jpg,non_trigger,True,478
data\frames\non_trigger\WIN_20260322_11_46_53_Pro_f00100.jpg,non_trigger,True,478
data\frames\non_trigger\WIN_20260322_11_46_53_Pro_f00104.jpg,non_trigger,True,478
data\frames\non_trigger\WIN_20260322_11_46_53_Pro_f00108.jpg,non_trigger,True,478
data\frames\non_trigger\WIN_20260322_11_46_53_Pro_f00112.jpg,non_trigger,True,478
data\frames\non_trigger\WIN_20260322_11_46_53_Pro_f00116.jpg,non_trigger,True,478
data\frames\non_trigger\WIN_20260322_11_46_53_Pro_f00120.jpg,non_trigger,True,478
data\frames\non_trigger\WIN_20260322_11_46_53_Pro_f00124.jpg,non_trigger,True,478
data\frames\non_trigger\WIN_20260322_11_46_53_Pro_f00128.jpg,non_trigger,True,478
data\frames\non_trigger\WIN_20260322_11_46_53_Pro_f00132.jpg,non_trigger,True,478
data\frames\non_trigger\WIN_20260322_11_46_53_Pro_f00136.jpg,non_trigger,True,478
data\frames\non_trigger\WIN_20260322_11_46_53_Pro_f00140.jpg,non_trigger,True,478
data\frames\non_trigger\WIN_20260322_11_46_53_Pro_f00144.jpg,non_trigger,True,478
data\frames\non_trigger\WIN_20260322_11_46_53_Pro_f00148.jpg,non_trigger,True,478
data\frames\non_trigger\WIN_20260322_11_46_53_Pro_f00152.jpg,non_trigger,True,478
data\frames\non_trigger\WIN_20260322_11_46_53_Pro_f00156.jpg,non_trigger,True,478
data\frames\non_trigger\WIN_20260322_11_46_53_Pro_f00160.jpg,non_trigger,True,478
data\frames\non_trigger\WIN_20260322_11_46_53_Pro_f00164.jpg,non_trigger,True,478
data\frames\non_trigger\WIN_20260322_11_46_53_Pro_f00168.jpg,non_trigger,True,478
data\frames\non_trigger\WIN_20260322_11_46_53_Pro_f00172.jpg,non_trigger,True,478
data\frames\non_trigger\WIN_20260322_11_46_53_Pro_f00176.jpg,non_trigger,True,478
data\frames\non_trigger\WIN_20260322_11_46_53_Pro_f00180.jpg,non_trigger,True,478
data\frames\non_trigger\WIN_20260322_11_46_53_Pro_f00184.jpg,non_trigger,True,478
data\frames\non_trigger\WIN_20260322_11_46_53_Pro_f00188.jpg,non_trigger,True,478
data\frames\non_trigger\WIN_20260322_11_47_06_Pro_f00000.jpg,non_trigger,True,478
data\frames\non_trigger\WIN_20260322_11_47_06_Pro_f00004.jpg,non_trigger,True,478
data\frames\non_trigger\WIN_20260322_11_47_06_Pro_f00008.jpg,non_trigger,True,478
data\frames\non_trigger\WIN_20260322_11_47_06_Pro_f00012.jpg,non_trigger,True,478
data\frames\non_trigger\WIN_20260322_11_47_06_Pro_f00016.jpg,non_trigger,True,478
data\frames\non_trigger\WIN_20260322_11_47_06_Pro_f00020.jpg,non_trigger,True,478
data\frames\non_trigger\WIN_20260322_11_47_06_Pro_f00024.jpg,non_trigger,True,478
data\frames\non_trigger\WIN_20260322_11_47_06_Pro_f00028.jpg,non_trigger,True,478
data\frames\non_trigger\WIN_20260322_11_47_06_Pro_f00032.jpg,non_trigger,True,478
data\frames\non_trigger\WIN_20260322_11_47_06_Pro_f00036.jpg,non_trigger,True,478
data\frames\non_trigger\WIN_20260322_11_47_06_Pro_f00040.jpg,non_trigger,True,478
data\frames\non_trigger\WIN_20260322_11_47_06_Pro_f00044.jpg,non_trigger,True,478
data\frames\non_trigger\WIN_20260322_11_47_06_Pro_f00048.jpg,non_trigger,True,478
data\frames\non_trigger\WIN_20260322_11_47_06_Pro_f00052.jpg,non_trigger,True,478
data\frames\non_trigger\WIN_20260322_11_47_06_Pro_f00056.jpg,non_trigger,True,478
data\frames\non_trigger\WIN_20260322_11_47_06_Pro_f00060.jpg,non_trigger,True,478
data\frames\non_trigger\WIN_20260322_11_47_06_Pro_f00064.jpg,non_trigger,True,478
data\frames\non_trigger\WIN_20260322_11_47_06_Pro_f00068.jpg,non_trigger,True,478
data\frames\non_trigger\WIN_20260322_11_47_06_Pro_f00072.jpg,non_trigger,True,478
data\frames\non_trigger\WIN_20260322_11_47_06_Pro_f00076.jpg,non_trigger,True,478
data\frames\non_trigger\WIN_20260322_11_47_06_Pro_f00080.jpg,non_trigger,True,478
data\frames\non_trigger\WIN_20260322_11_47_06_Pro_f00084.jpg,non_trigger,True,478
data\frames\non_trigger\WIN_20260322_11_47_06_Pro_f00088.jpg,non_trigger,True,478
data\frames\non_trigger\WIN_20260322_11_47_06_Pro_f00092.jpg,non_trigger,True,478
data\frames\non_trigger\WIN_20260322_11_47_06_Pro_f00096.jpg,non_trigger,True,478
data\frames\non_trigger\WIN_20260322_11_47_06_Pro_f00100.jpg,non_trigger,True,478
data\frames\non_trigger\WIN_20260322_11_47_06_Pro_f00104.jpg,non_trigger,True,478
data\frames\non_trigger\WIN_20260322_11_47_06_Pro_f00108.jpg,non_trigger,True,478
data\frames\non_trigger\WIN_20260322_11_47_06_Pro_f00112.jpg,non_trigger,True,478
data\frames\non_trigger\WIN_20260322_11_47_06_Pro_f00116.jpg,non_trigger,True,478
data\frames\non_trigger\WIN_20260322_11_47_06_Pro_f00120.jpg,non_trigger,True,478
data\frames\non_trigger\WIN_20260322_11_47_06_Pro_f00124.jpg,non_trigger,True,478
data\frames\non_trigger\WIN_20260322_11_47_06_Pro_f00128.jpg,non_trigger,True,478
data\frames\non_trigger\WIN_20260322_11_47_06_Pro_f00132.jpg,non_trigger,True,478
data\frames\non_trigger\WIN_20260322_11_47_06_Pro_f00136.jpg,non_trigger,True,478
data\frames\non_trigger\WIN_20260322_11_47_06_Pro_f00140.jpg,non_trigger,True,478
data\frames\non_trigger\WIN_20260322_11_47_06_Pro_f00144.jpg,non_trigger,True,478
data\frames\non_trigger\WIN_20260322_11_47_21_Pro_f00000.jpg,non_trigger,True,478
data\frames\non_trigger\WIN_20260322_11_47_21_Pro_f00004.jpg,non_trigger,True,478
data\frames\non_trigger\WIN_20260322_11_47_21_Pro_f00008.jpg,non_trigger,True,478
data\frames\non_trigger\WIN_20260322_11_47_21_Pro_f00012.jpg,non_trigger,True,478
data\frames\non_trigger\WIN_20260322_11_47_21_Pro_f00016.jpg,non_trigger,True,478
data\frames\non_trigger\WIN_20260322_11_47_21_Pro_f00020.jpg,non_trigger,True,478
data\frames\non_trigger\WIN_20260322_11_47_21_Pro_f00024.jpg,non_trigger,True,478
data\frames\non_trigger\WIN_20260322_11_47_21_Pro_f00028.jpg,non_trigger,True,478
data\frames\non_trigger\WIN_20260322_11_47_21_Pro_f00032.jpg,non_trigger,True,478
data\frames\non_trigger\WIN_20260322_11_47_21_Pro_f00036.jpg,non_trigger,True,478
data\frames\non_trigger\WIN_20260322_11_47_21_Pro_f00040.jpg,non_trigger,True,478
data\frames\non_trigger\WIN_20260322_11_47_21_Pro_f00044.jpg,non_trigger,True,478
data\frames\non_trigger\WIN_20260322_11_47_21_Pro_f00048.jpg,non_trigger,True,478
data\frames\non_trigger\WIN_20260322_11_47_21_Pro_f00052.jpg,non_trigger,True,478
data\frames\non_trigger\WIN_20260322_11_47_21_Pro_f00056.jpg,non_trigger,True,478
data\frames\non_trigger\WIN_20260322_11_47_21_Pro_f00060.jpg,non_trigger,True,478
data\frames\non_trigger\WIN_20260322_11_47_21_Pro_f00064.jpg,non_trigger,True,478
data\frames\non_trigger\WIN_20260322_11_47_21_Pro_f00068.jpg,non_trigger,True,478
data\frames\non_trigger\WIN_20260322_11_47_21_Pro_f00072.jpg,non_trigger,True,478
data\frames\non_trigger\WIN_20260322_11_47_21_Pro_f00076.jpg,non_trigger,True,478
data\frames\non_trigger\WIN_20260322_11_47_21_Pro_f00080.jpg,non_trigger,True,478
data\frames\non_trigger\WIN_20260322_11_47_21_Pro_f00084.jpg,non_trigger,True,478
data\frames\non_trigger\WIN_20260322_11_47_21_Pro_f00088.jpg,non_trigger,True,478
data\frames\non_trigger\WIN_20260322_11_47_21_Pro_f00092.jpg,non_trigger,True,478
data\frames\non_trigger\WIN_20260322_11_47_21_Pro_f00096.jpg,non_trigger,True,478
data\frames\non_trigger\WIN_20260322_11_47_21_Pro_f00100.jpg,non_trigger,True,478
data\frames\non_trigger\WIN_20260322_11_47_21_Pro_f00104.jpg,non_trigger,True,478
data\frames\non_trigger\WIN_20260322_11_47_21_Pro_f00108.jpg,non_trigger,True,478
data\frames\non_trigger\WIN_20260322_11_47_21_Pro_f00112.jpg,non_trigger,True,478
data\frames\non_trigger\WIN_20260322_11_47_21_Pro_f00116.jpg,non_trigger,True,478
data\frames\non_trigger\WIN_20260322_11_47_21_Pro_f00120.jpg,non_trigger,True,478
data\frames\non_trigger\WIN_20260322_11_47_21_Pro_f00124.jpg,non_trigger,True,478
data\frames\non_trigger\WIN_20260322_11_47_21_Pro_f00128.jpg,non_trigger,True,478
data\frames\non_trigger\WIN_20260322_11_47_21_Pro_f00132.jpg,non_trigger,True,478
data\frames\non_trigger\WIN_20260322_11_47_21_Pro_f00136.jpg,non_trigger,True,478
data\frames\non_trigger\WIN_20260322_11_47_21_Pro_f00140.jpg,non_trigger,True,478
data\frames\non_trigger\WIN_20260322_11_47_21_Pro_f00144.jpg,non_trigger,True,478
data\frames\non_trigger\WIN_20260322_11_47_21_Pro_f00148.jpg,non_trigger,True,478
data\frames\non_trigger\WIN_20260322_11_47_21_Pro_f00152.jpg,non_trigger,True,478
data\frames\non_trigger\WIN_20260322_11_47_21_Pro_f00156.jpg,non_trigger,True,478
data\frames\non_trigger\WIN_20260322_11_47_21_Pro_f00160.jpg,non_trigger,True,478
data\frames\non_trigger\WIN_20260322_11_47_21_Pro_f00164.jpg,non_trigger,True,478
data\frames\non_trigger\WIN_20260322_11_47_21_Pro_f00168.jpg,non_trigger,True,478
data\frames\non_trigger\WIN_20260322_11_47_21_Pro_f00172.jpg,non_trigger,True,478
data\frames\non_trigger\WIN_20260322_11_47_21_Pro_f00176.jpg,non_trigger,True,478
data\frames\non_trigger\WIN_20260322_11_47_21_Pro_f00180.jpg,non_trigger,True,478
data\frames\non_trigger\WIN_20260322_11_47_21_Pro_f00184.jpg,non_trigger,True,478
data\frames\non_trigger\WIN_20260322_11_47_21_Pro_f00188.jpg,non_trigger,True,478
data\frames\non_trigger\WIN_20260322_11_47_21_Pro_f00192.jpg,non_trigger,True,478
data\frames\non_trigger\WIN_20260322_11_47_21_Pro_f00196.jpg,non_trigger,True,478
data\frames\non_trigger\WIN_20260322_11_47_21_Pro_f00200.jpg,non_trigger,True,478
data\frames\non_trigger\WIN_20260322_11_47_21_Pro_f00204.jpg,non_trigger,True,478
data\frames\non_trigger\WIN_20260322_11_47_21_Pro_f00208.jpg,non_trigger,True,478
data\frames\non_trigger\WIN_20260322_11_47_33_Pro_f00000.jpg,non_trigger,True,478
data\frames\non_trigger\WIN_20260322_11_47_33_Pro_f00004.jpg,non_trigger,True,478
data\frames\non_trigger\WIN_20260322_11_47_33_Pro_f00008.jpg,non_trigger,True,478
data\frames\non_trigger\WIN_20260322_11_47_33_Pro_f00012.jpg,non_trigger,True,478
data\frames\non_trigger\WIN_20260322_11_47_33_Pro_f00016.jpg,non_trigger,True,478
data\frames\non_trigger\WIN_20260322_11_47_33_Pro_f00020.jpg,non_trigger,True,478
data\frames\non_trigger\WIN_20260322_11_47_33_Pro_f00024.jpg,non_trigger,True,478
data\frames\non_trigger\WIN_20260322_11_47_33_Pro_f00028.jpg,non_trigger,True,478
data\frames\non_trigger\WIN_20260322_11_47_33_Pro_f00032.jpg,non_trigger,True,478
data\frames\non_trigger\WIN_20260322_11_47_33_Pro_f00036.jpg,non_trigger,True,478
data\frames\non_trigger\WIN_20260322_11_47_33_Pro_f00040.jpg,non_trigger,True,478
data\frames\non_trigger\WIN_20260322_11_47_33_Pro_f00044.jpg,non_trigger,True,478
data\frames\non_trigger\WIN_20260322_11_47_33_Pro_f00048.jpg,non_trigger,True,478
data\frames\non_trigger\WIN_20260322_11_47_33_Pro_f00052.jpg,non_trigger,True,478
data\frames\non_trigger\WIN_20260322_11_47_33_Pro_f00056.jpg,non_trigger,True,478
data\frames\non_trigger\WIN_20260322_11_47_33_Pro_f00060.jpg,non_trigger,True,478
data\frames\non_trigger\WIN_20260322_11_47_33_Pro_f00064.jpg,non_trigger,True,478
data\frames\non_trigger\WIN_20260322_11_47_33_Pro_f00068.jpg,non_trigger,True,478
data\frames\non_trigger\WIN_20260322_11_47_33_Pro_f00072.jpg,non_trigger,True,478
data\frames\non_trigger\WIN_20260322_11_47_33_Pro_f00076.jpg,non_trigger,True,478
data\frames\non_trigger\WIN_20260322_11_47_33_Pro_f00080.jpg,non_trigger,True,478
data\frames\non_trigger\WIN_20260322_11_47_33_Pro_f00084.jpg,non_trigger,True,478
data\frames\non_trigger\WIN_20260322_11_47_33_Pro_f00088.jpg,non_trigger,True,478
data\frames\non_trigger\WIN_20260322_11_47_33_Pro_f00092.jpg,non_trigger,True,478
data\frames\non_trigger\WIN_20260322_11_47_33_Pro_f00096.jpg,non_trigger,True,478
data\frames\non_trigger\WIN_20260322_11_47_33_Pro_f00100.jpg,non_trigger,True,478
data\frames\non_trigger\WIN_20260322_11_47_33_Pro_f00104.jpg,non_trigger,True,478
data\frames\non_trigger\WIN_20260322_11_47_33_Pro_f00108.jpg,non_trigger,True,478
data\frames\non_trigger\WIN_20260322_11_47_33_Pro_f00112.jpg,non_trigger,True,478
data\frames\non_trigger\WIN_20260322_11_47_33_Pro_f00116.jpg,non_trigger,True,478
data\frames\non_trigger\WIN_20260322_11_47_33_Pro_f00120.jpg,non_trigger,True,478
data\frames\non_trigger\WIN_20260322_11_47_33_Pro_f00124.jpg,non_trigger,True,478
data\frames\non_trigger\WIN_20260322_11_47_33_Pro_f00128.jpg,non_trigger,True,478
data\frames\non_trigger\WIN_20260322_11_47_33_Pro_f00132.jpg,non_trigger,True,478
data\frames\non_trigger\WIN_20260322_11_47_33_Pro_f00136.jpg,non_trigger,True,478
data\frames\non_trigger\WIN_20260322_11_47_33_Pro_f00140.jpg,non_trigger,True,478
data\frames\non_trigger\WIN_20260322_11_47_33_Pro_f00144.jpg,non_trigger,True,478
data\frames\non_trigger\WIN_20260322_11_47_45_Pro_f00000.jpg,non_trigger,True,478
data\frames\non_trigger\WIN_20260322_11_47_45_Pro_f00004.jpg,non_trigger,True,478
data\frames\non_trigger\WIN_20260322_11_47_45_Pro_f00008.jpg,non_trigger,True,478
data\frames\non_trigger\WIN_20260322_11_47_45_Pro_f00012.jpg,non_trigger,True,478
data\frames\non_trigger\WIN_20260322_11_47_45_Pro_f00016.jpg,non_trigger,True,478
data\frames\non_trigger\WIN_20260322_11_47_45_Pro_f00020.jpg,non_trigger,True,478
data\frames\non_trigger\WIN_20260322_11_47_45_Pro_f00024.jpg,non_trigger,True,478
data\frames\non_trigger\WIN_20260322_11_47_45_Pro_f00028.jpg,non_trigger,True,478
data\frames\non_trigger\WIN_20260322_11_47_45_Pro_f00032.jpg,non_trigger,True,478
data\frames\non_trigger\WIN_20260322_11_47_45_Pro_f00036.jpg,non_trigger,True,478
data\frames\non_trigger\WIN_20260322_11_47_45_Pro_f00040.jpg,non_trigger,True,478
data\frames\non_trigger\WIN_20260322_11_47_45_Pro_f00044.jpg,non_trigger,True,478
data\frames\non_trigger\WIN_20260322_11_47_45_Pro_f00048.jpg,non_trigger,True,478
data\frames\non_trigger\WIN_20260322_11_47_45_Pro_f00052.jpg,non_trigger,True,478
data\frames\non_trigger\WIN_20260322_11_47_45_Pro_f00056.jpg,non_trigger,True,478
data\frames\non_trigger\WIN_20260322_11_47_45_Pro_f00060.jpg,non_trigger,True,478
data\frames\non_trigger\WIN_20260322_11_47_45_Pro_f00064.jpg,non_trigger,True,478
data\frames\non_trigger\WIN_20260322_11_47_45_Pro_f00068.jpg,non_trigger,True,478
data\frames\non_trigger\WIN_20260322_11_47_45_Pro_f00072.jpg,non_trigger,True,478
data\frames\non_trigger\WIN_20260322_11_47_45_Pro_f00076.jpg,non_trigger,True,478
data\frames\non_trigger\WIN_20260322_11_47_45_Pro_f00080.jpg,non_trigger,True,478
data\frames\non_trigger\WIN_20260322_11_47_45_Pro_f00084.jpg,non_trigger,True,478
data\frames\non_trigger\WIN_20260322_11_47_45_Pro_f00088.jpg,non_trigger,True,478
data\frames\non_trigger\WIN_20260322_11_47_45_Pro_f00092.jpg,non_trigger,True,478
data\frames\non_trigger\WIN_20260322_11_47_45_Pro_f00096.jpg,non_trigger,True,478
data\frames\non_trigger\WIN_20260322_11_47_45_Pro_f00100.jpg,non_trigger,True,478
data\frames\non_trigger\WIN_20260322_11_47_45_Pro_f00104.jpg,non_trigger,True,478
data\frames\non_trigger\WIN_20260322_11_47_45_Pro_f00108.jpg,non_trigger,True,478
data\frames\non_trigger\WIN_20260322_11_47_45_Pro_f00112.jpg,non_trigger,True,478
data\frames\non_trigger\WIN_20260322_11_47_45_Pro_f00116.jpg,non_trigger,True,478
data\frames\non_trigger\WIN_20260322_11_47_45_Pro_f00120.jpg,non_trigger,True,478
data\frames\non_trigger\WIN_20260322_11_47_45_Pro_f00124.jpg,non_trigger,True,478
data\frames\non_trigger\WIN_20260322_11_47_45_Pro_f00128.jpg,non_trigger,True,478
data\frames\non_trigger\WIN_20260322_11_47_45_Pro_f00132.jpg,non_trigger,True,478
data\frames\non_trigger\WIN_20260322_11_47_45_Pro_f00136.jpg,non_trigger,True,478
data\frames\non_trigger\WIN_20260322_11_47_45_Pro_f00140.jpg,non_trigger,True,478
data\frames\non_trigger\WIN_20260322_11_47_45_Pro_f00144.jpg,non_trigger,True,478
data\frames\non_trigger\WIN_20260322_11_47_45_Pro_f00148.jpg,non_trigger,True,478
data\frames\non_trigger\WIN_20260322_11_47_45_Pro_f00152.jpg,non_trigger,True,478
data\frames\non_trigger\WIN_20260322_11_47_45_Pro_f00156.jpg,non_trigger,True,478
data\frames\non_trigger\WIN_20260322_11_47_45_Pro_f00160.jpg,non_trigger,True,478
data\frames\non_trigger\WIN_20260322_11_47_45_Pro_f00164.jpg,non_trigger,True,478
data\frames\non_trigger\WIN_20260322_11_47_45_Pro_f00168.jpg,non_trigger,True,478
data\frames\non_trigger\WIN_20260322_11_47_45_Pro_f00172.jpg,non_trigger,True,478
data\frames\non_trigger\WIN_20260322_11_47_45_Pro_f00176.jpg,non_trigger,True,478
data\frames\non_trigger\WIN_20260322_11_47_45_Pro_f00180.jpg,non_trigger,True,478
data\frames\non_trigger\WIN_20260322_11_47_45_Pro_f00184.jpg,non_trigger,True,478
data\frames\non_trigger\WIN_20260322_11_47_45_Pro_f00188.jpg,non_trigger,True,478
data\frames\non_trigger\WIN_20260322_11_47_45_Pro_f00192.jpg,non_trigger,True,478
data\frames\non_trigger\WIN_20260322_11_47_45_Pro_f00196.jpg,non_trigger,True,478
data\frames\non_trigger\WIN_20260322_11_47_45_Pro_f00200.jpg,non_trigger,True,478
data\frames\non_trigger\WIN_20260322_11_47_45_Pro_f00204.jpg,non_trigger,True,478
data\frames\non_trigger\WIN_20260322_11_47_45_Pro_f00208.jpg,non_trigger,True,478
data\frames\non_trigger\WIN_20260322_11_47_45_Pro_f00212.jpg,non_trigger,True,478
data\frames\non_trigger\WIN_20260322_11_47_45_Pro_f00216.jpg,non_trigger,True,478
data\frames\non_trigger\WIN_20260322_11_47_45_Pro_f00220.jpg,non_trigger,True,478
data\frames\non_trigger\WIN_20260322_11_47_45_Pro_f00224.jpg,non_trigger,True,478
data\frames\non_trigger\WIN_20260322_11_47_45_Pro_f00228.jpg,non_trigger,True,478
data\frames\non_trigger\WIN_20260322_11_47_45_Pro_f00232.jpg,non_trigger,True,478
data\frames\non_trigger\WIN_20260322_11_47_45_Pro_f00236.jpg,non_trigger,True,478
data\frames\non_trigger\WIN_20260322_11_47_45_Pro_f00240.jpg,non_trigger,True,478
data\frames\non_trigger\WIN_20260322_11_47_45_Pro_f00244.jpg,non_trigger,True,478
data\frames\non_trigger\WIN_20260322_11_47_45_Pro_f00248.jpg,non_trigger,True,478
data\frames\non_trigger\WIN_20260322_11_47_45_Pro_f00252.jpg,non_trigger,True,478
data\frames\non_trigger\WIN_20260322_11_47_58_Pro_f00000.jpg,non_trigger,True,478
data\frames\non_trigger\WIN_20260322_11_47_58_Pro_f00004.jpg,non_trigger,True,478
data\frames\non_trigger\WIN_20260322_11_47_58_Pro_f00008.jpg,non_trigger,True,478
data\frames\non_trigger\WIN_20260322_11_47_58_Pro_f00012.jpg,non_trigger,True,478
data\frames\non_trigger\WIN_20260322_11_47_58_Pro_f00016.jpg,non_trigger,True,478
data\frames\non_trigger\WIN_20260322_11_47_58_Pro_f00020.jpg,non_trigger,True,478
data\frames\non_trigger\WIN_20260322_11_47_58_Pro_f00024.jpg,non_trigger,True,478
data\frames\non_trigger\WIN_20260322_11_47_58_Pro_f00028.jpg,non_trigger,True,478
data\frames\non_trigger\WIN_20260322_11_47_58_Pro_f00032.jpg,non_trigger,True,478
data\frames\non_trigger\WIN_20260322_11_47_58_Pro_f00036.jpg,non_trigger,True,478
data\frames\non_trigger\WIN_20260322_11_47_58_Pro_f00040.jpg,non_trigger,True,478
data\frames\non_trigger\WIN_20260322_11_47_58_Pro_f00044.jpg,non_trigger,True,478
data\frames\non_trigger\WIN_20260322_11_47_58_Pro_f00048.jpg,non_trigger,True,478
data\frames\non_trigger\WIN_20260322_11_47_58_Pro_f00052.jpg,non_trigger,True,478
data\frames\non_trigger\WIN_20260322_11_47_58_Pro_f00056.jpg,non_trigger,True,478
data\frames\non_trigger\WIN_20260322_11_47_58_Pro_f00060.jpg,non_trigger,True,478
data\frames\non_trigger\WIN_20260322_11_47_58_Pro_f00064.jpg,non_trigger,True,478
data\frames\non_trigger\WIN_20260322_11_47_58_Pro_f00068.jpg,non_trigger,True,478
data\frames\non_trigger\WIN_20260322_11_47_58_Pro_f00072.jpg,non_trigger,True,478
data\frames\non_trigger\WIN_20260322_11_47_58_Pro_f00076.jpg,non_trigger,True,478
data\frames\non_trigger\WIN_20260322_11_47_58_Pro_f00080.jpg,non_trigger,True,478
data\frames\non_trigger\WIN_20260322_11_47_58_Pro_f00084.jpg,non_trigger,True,478
data\frames\non_trigger\WIN_20260322_11_47_58_Pro_f00088.jpg,non_trigger,True,478
data\frames\non_trigger\WIN_20260322_11_47_58_Pro_f00092.jpg,non_trigger,True,478
data\frames\non_trigger\WIN_20260322_11_47_58_Pro_f00096.jpg,non_trigger,True,478
data\frames\non_trigger\WIN_20260322_11_47_58_Pro_f00100.jpg,non_trigger,True,478
data\frames\non_trigger\WIN_20260322_11_47_58_Pro_f00104.jpg,non_trigger,True,478
data\frames\non_trigger\WIN_20260322_11_47_58_Pro_f00108.jpg,non_trigger,True,478
data\frames\non_trigger\WIN_20260322_11_47_58_Pro_f00112.jpg,non_trigger,True,478
data\frames\non_trigger\WIN_20260322_11_47_58_Pro_f00116.jpg,non_trigger,True,478
data\frames\non_trigger\WIN_20260322_11_47_58_Pro_f00120.jpg,non_trigger,True,478
data\frames\non_trigger\WIN_20260322_11_47_58_Pro_f00124.jpg,non_trigger,True,478
data\frames\non_trigger\WIN_20260322_11_47_58_Pro_f00128.jpg,non_trigger,True,478
data\frames\non_trigger\WIN_20260322_11_47_58_Pro_f00132.jpg,non_trigger,True,478
data\frames\non_trigger\WIN_20260322_11_47_58_Pro_f00136.jpg,non_trigger,True,478
data\frames\non_trigger\WIN_20260322_11_47_58_Pro_f00140.jpg,non_trigger,True,478
data\frames\non_trigger\WIN_20260322_11_47_58_Pro_f00144.jpg,non_trigger,True,478
data\frames\non_trigger\WIN_20260322_11_47_58_Pro_f00148.jpg,non_trigger,True,478
data\frames\non_trigger\WIN_20260322_11_47_58_Pro_f00152.jpg,non_trigger,True,478
data\frames\non_trigger\WIN_20260322_11_47_58_Pro_f00156.jpg,non_trigger,True,478
data\frames\non_trigger\WIN_20260322_11_47_58_Pro_f00160.jpg,non_trigger,True,478
data\frames\non_trigger\WIN_20260322_11_47_58_Pro_f00164.jpg,non_trigger,True,478
data\frames\non_trigger\WIN_20260322_11_47_58_Pro_f00168.jpg,non_trigger,True,478
data\frames\non_trigger\WIN_20260322_11_47_58_Pro_f00172.jpg,non_trigger,True,478
data\frames\non_trigger\WIN_20260322_11_47_58_Pro_f00176.jpg,non_trigger,True,478
data\frames\non_trigger\WIN_20260322_11_47_58_Pro_f00180.jpg,non_trigger,True,478
